"","Team","Season","Conference","OffensiveRating","DefensiveRating","NetRating","Rankings.Offense","Rankings.Defense","Rankings.Net","Rating"
"1","Memphis",2014,"American",165.5,128.3,37.3,3,343,1,5.5
"2","North Carolina Central",2014,"MEAC",160.9,147,13.9,4,344,2,9.2
"3","Oregon",2014,"Pac-12",184.8,176.3,8.5,1,347,3,8.9
"4","Louisville",2014,"American",113.5,106.8,6.7,24,2,4,17.9
"5","Arizona",2014,"Pac-12",111.9,106.5,5.4,92,1,5,16.5
"6","Wichita State",2014,"MVC",112.9,107.9,5,32,7,6,15.8
"7","UCLA",2014,"Pac-12",114.3,109.9,4.4,19,55,7,12.3
"8","Florida",2014,"SEC",111.8,107.3,4.4,102,3,7,14
"9","Virginia",2014,"ACC",111.9,107.8,4.2,92,5,9,13.7
"10","Oklahoma State",2014,"Big 12",112.4,108.7,3.7,57,14,10,10.2
"11","UConn",2014,"American",111.4,107.7,3.7,137,4,10,8.5
"12","Wisconsin",2014,"Big Ten",113.1,109.4,3.6,28,31,12,12.8
"13","Louisiana Tech",2014,"CUSA",112,108.5,3.6,83,11,12,11.3
"14","Duke",2014,"ACC",114.3,110.7,3.6,19,102,12,14.1
"15","Stephen F. Austin",2014,"Southland",113,109.5,3.5,29,36,15,8.1
"16","Villanova",2014,"Big East",112.8,109.3,3.5,39,29,15,12.3
"17","Gonzaga",2014,"WCC",112.5,108.9,3.5,52,16,15,11.6
"18","Cincinnati",2014,"American",111.2,107.8,3.4,158,5,18,9.5
"19","Creighton",2014,"Big East",114.8,111.4,3.4,17,190,18,12.6
"20","George Washington",2014,"A-10",117.5,114.2,3.3,10,330,20,7.2
"21","SMU",2014,"American",111.4,108.1,3.3,137,10,20,8.9
"22","Michigan State",2014,"Big Ten",112.7,109.4,3.3,43,31,20,11.5
"23","Harvard",2014,"Ivy",112.3,109.1,3.2,63,22,23,11
"24","Michigan",2014,"Big Ten",114,110.7,3.2,21,102,23,10.8
"25","Iowa",2014,"Big Ten",113.3,110.1,3.2,25,65,23,10.6
"26","Tennessee",2014,"SEC",112.2,109.1,3.1,72,22,26,12.1
"27","Ohio State",2014,"Big Ten",111,108,3,186,8,27,11
"28","San Diego State",2014,"Mountain West",111.6,108.6,3,119,12,27,10.8
"29","Kentucky",2014,"SEC",112,109,3,83,18,27,11.5
"30","Kansas",2014,"Big 12",113,110.1,3,29,65,27,12.2
"31","Pittsburgh",2014,"ACC",112.4,109.5,2.9,57,36,31,12.2
"32","Iowa State",2014,"Big 12",112.8,110,2.8,39,62,32,10.2
"33","Syracuse",2014,"ACC",112.1,109.4,2.7,77,31,33,11.1
"34","Indiana",2014,"Big Ten",115.8,113.1,2.7,15,319,33,5.8
"35","Mercer",2014,"ASUN",112.8,110.1,2.7,39,65,33,8.7
"36","VCU",2014,"A-10",111.2,108.6,2.6,158,12,36,12.1
"37","New Mexico State",2014,"WAC",112.9,110.4,2.6,32,88,36,9.8
"38","Georgia State",2014,"Sun Belt",113.3,110.9,2.4,25,123,38,8.9
"39","Towson",2014,"CAA",116.3,114,2.3,13,329,39,3.5
"40","Green Bay",2014,"Horizon",111.8,109.6,2.2,102,41,40,8.1
"41","Southern Miss",2014,"CUSA",111.9,109.7,2.2,92,44,40,7.7
"42","New Mexico",2014,"Mountain West",112,109.9,2.2,83,55,40,9.1
"43","Saint Louis",2014,"A-10",110,108,2,286,8,43,9.6
"44","Arkansas",2014,"SEC",111.4,109.3,2,137,29,43,8.6
"45","Old Dominion",2014,"CUSA",122.8,120.8,2,7,340,43,-0.4
"46","North Carolina",2014,"ACC",111.6,109.7,1.9,119,44,46,10.1
"47","Cleveland State",2014,"Horizon",112.3,110.5,1.8,63,92,47,6.2
"48","BYU",2014,"WCC",111.6,109.8,1.8,119,50,47,7.3
"49","North Dakota State",2014,"Summit",112.9,111.2,1.8,32,166,47,8.3
"50","Dayton",2014,"A-10",112,110.3,1.7,83,81,50,7.5
"51","Princeton",2014,"Ivy",111.7,110,1.7,112,62,50,4.1
"52","Tulsa",2014,"CUSA",111.1,109.4,1.7,172,31,50,6.1
"53","Clemson",2014,"ACC",110.5,108.9,1.6,235,16,53,7.3
"54","Vermont",2014,"Am. East",111.8,110.2,1.6,102,71,53,9.4
"55","Manhattan",2014,"MAAC",110.8,109.2,1.6,205,26,53,7.8
"56","Toledo",2014,"MAC",112.9,111.4,1.6,32,190,53,5
"57","UC Irvine",2014,"Big West",110.5,109,1.5,235,18,57,5.5
"58","Stanford",2014,"Pac-12",111.3,109.8,1.5,148,50,57,6.5
"59","Middle Tennessee",2014,"CUSA",110.2,108.8,1.5,271,15,57,5.9
"60","Arizona State",2014,"Pac-12",110.5,109.1,1.5,235,22,57,6.4
"61","Baylor",2014,"Big 12",112.7,111.2,1.5,43,166,57,8.5
"62","Saint Mary's",2014,"WCC",112.3,110.8,1.4,63,114,62,6.2
"63","Massachusetts",2014,"A-10",111.1,109.7,1.4,172,44,62,7.4
"64","Iona",2014,"MAAC",113,111.5,1.4,29,200,62,7.8
"65","Oklahoma",2014,"Big 12",112.6,111.2,1.4,51,166,62,7.5
"66","Boise State",2014,"Mountain West",112.5,111.1,1.4,52,153,62,6.4
"67","Utah",2014,"Pac-12",111.1,109.7,1.4,172,44,62,6.4
"68","Delaware",2014,"CAA",112.3,111,1.3,63,139,68,5.5
"69","Eastern Kentucky",2014,"OVC",112.7,111.3,1.3,43,177,68,4.5
"70","Belmont",2014,"OVC",112.7,111.4,1.3,43,190,68,7.1
"71","Davidson",2014,"SoCon",112.9,111.6,1.3,32,211,68,5
"72","American University",2014,"Patriot",110.7,109.5,1.2,215,36,72,4.1
"73","Boston University",2014,"Patriot",111.3,110.1,1.2,148,65,72,3.7
"74","UTEP",2014,"CUSA",111.5,110.3,1.2,127,81,72,4.4
"75","Weber State",2014,"Big Sky",112.2,111,1.2,72,139,72,3.4
"76","Murray State",2014,"OVC",112.4,111.2,1.2,57,166,72,3.7
"77","UC Santa Barbara",2014,"Big West",112.3,111.1,1.2,63,153,72,4.7
"78","Kansas State",2014,"Big 12",110.3,109.2,1.1,265,26,78,4.7
"79","Providence",2014,"Big East",111.9,110.9,1.1,92,123,78,4.7
"80","Saint Joseph's",2014,"A-10",111.4,110.2,1.1,137,71,78,5.5
"81","Florida State",2014,"ACC",111.3,110.2,1.1,148,71,78,7.6
"82","Purdue Fort Wayne",2014,"Summit",112.3,111.2,1.1,63,166,78,2.8
"83","West Virginia",2014,"Big 12",112.9,111.8,1.1,32,236,78,4.7
"84","Columbia",2014,"Ivy",111.4,110.5,1,137,92,84,3.7
"85","St. John's",2014,"Big East",112.8,111.8,1,39,236,84,5.2
"86","Maryland",2014,"ACC",110.5,109.5,1,235,36,84,6.1
"87","Stony Brook",2014,"Am. East",111.2,110.2,1,158,71,84,3.4
"88","Wright State",2014,"Horizon",109.9,109,0.9,294,18,88,1.7
"89","Marquette",2014,"Big East",111,110.1,0.9,186,65,88,4
"90","Texas",2014,"Big 12",111.8,110.9,0.9,102,123,88,4.7
"91","Buffalo",2014,"MAC",111.8,110.9,0.9,102,123,88,5
"92","LSU",2014,"SEC",110.5,109.6,0.9,235,41,88,5.1
"93","Missouri",2014,"SEC",111.5,110.7,0.8,127,102,93,4.5
"94","Indiana State",2014,"MVC",111.2,110.4,0.8,158,88,93,3.3
"95","South Dakota State",2014,"Summit",111.6,110.8,0.8,119,114,93,2.3
"96","UNLV",2014,"Mountain West",111,110.2,0.8,186,71,93,5
"97","Penn State",2014,"Big Ten",114.4,113.6,0.8,18,323,93,2.3
"98","California",2014,"Pac-12",111.1,110.3,0.8,172,81,93,4.4
"99","Wagner",2014,"NEC",110.8,110,0.8,205,62,93,1.5
"100","Sam Houston",2014,"Southland",111.9,111,0.8,92,139,93,0.6
"101","Louisiana",2014,"Sun Belt",112.3,111.5,0.8,63,200,93,5.3
"102","Miami",2014,"ACC",111,110.3,0.7,186,81,102,4.2
"103","Illinois",2014,"Big Ten",109.8,109.1,0.7,303,22,102,5.2
"104","Colgate",2014,"Patriot",112,111.3,0.7,83,177,102,0.7
"105","Oral Roberts",2014,"Southland",111.9,111.2,0.7,92,166,102,1.7
"106","South Carolina Upstate",2014,"ASUN",111.7,111,0.7,112,139,102,2.9
"107","St. Bonaventure",2014,"A-10",111.7,111.1,0.7,112,153,102,4.3
"108","Xavier",2014,"Big East",111.6,110.9,0.7,119,123,102,4.4
"109","Ohio",2014,"MAC",111.1,110.4,0.7,172,88,102,3.2
"110","Bucknell",2014,"Patriot",111,110.3,0.7,186,81,102,2
"111","Canisius",2014,"MAAC",112.7,112.1,0.6,43,268,111,3
"112","Akron",2014,"MAC",111.2,110.7,0.6,158,102,111,1.8
"113","Northern Iowa",2014,"MVC",112.1,111.5,0.6,77,200,111,4.4
"114","Northwestern State",2014,"Southland",112,111.4,0.6,83,190,111,0.5
"115","Drexel",2014,"CAA",111.3,110.7,0.6,148,102,111,3
"116","Hawai'i",2014,"Big West",112.4,111.8,0.6,57,236,111,4
"117","Western Michigan",2014,"MAC",111.1,110.6,0.5,172,98,117,2.7
"118","Brown",2014,"Ivy",110.5,110.1,0.5,235,65,117,1.1
"119","Colorado",2014,"Pac-12",110.2,109.7,0.5,271,44,117,2.8
"120","Minnesota",2014,"Big Ten",111.2,110.6,0.5,158,98,117,5.5
"121","Arkansas State",2014,"Sun Belt",111.5,111.1,0.5,127,153,117,1.9
"122","Nebraska",2014,"Big Ten",110.4,109.9,0.5,253,55,117,4
"123","Hampton",2014,"MEAC",110.2,109.8,0.5,271,50,117,0.7
"124","Richmond",2014,"A-10",110.4,109.9,0.5,253,55,117,3.2
"125","UAlbany",2014,"Am. East",110.7,110.2,0.5,215,71,117,2.3
"126","Bryant",2014,"NEC",111.4,111.1,0.4,137,153,126,1
"127","Western Carolina",2014,"SoCon",111,110.6,0.4,186,98,126,-0.8
"128","Georgia",2014,"SEC",110.2,109.8,0.4,271,50,126,3.4
"129","Southeast Missouri State",2014,"OVC",111.8,111.4,0.4,102,190,126,-0.2
"130","Holy Cross",2014,"Patriot",110.8,110.3,0.4,205,81,126,2.2
"131","Wofford",2014,"SoCon",110.9,110.5,0.4,201,92,126,2.3
"132","Incarnate Word",2014,"Southland",112,111.5,0.4,83,200,126,-2.9
"133","San Francisco",2014,"WCC",111.4,111,0.4,137,139,126,2.8
"134","Charleston Southern",2014,"Big South",112,111.7,0.3,83,221,134,-0.7
"135","Florida Gulf Coast",2014,"ASUN",111.3,111.1,0.3,148,153,134,2.8
"136","Utah State",2014,"Mountain West",111.8,111.5,0.3,102,200,134,1.2
"137","Portland",2014,"WCC",111.5,111.2,0.3,127,166,134,2.4
"138","William & Mary",2014,"CAA",112.3,112,0.3,63,254,134,1.9
"139","Gardner-Webb",2014,"Big South",111.2,110.9,0.3,158,123,134,-2.4
"140","VMI",2014,"Big South",112.4,112.1,0.3,57,268,134,0.5
"141","Wyoming",2014,"Mountain West",110.8,110.5,0.3,205,92,134,2.5
"142","NC State",2014,"ACC",111.1,110.9,0.2,172,123,142,4.2
"143","Eastern Michigan",2014,"MAC",109.4,109.2,0.2,326,26,142,2.5
"144","East Tennessee State",2014,"ASUN",111.7,111.5,0.2,112,200,142,-0.7
"145","Coastal Carolina",2014,"Big South",110,109.9,0.2,286,55,142,0.4
"146","UAB",2014,"CUSA",110.6,110.4,0.2,224,88,142,0.4
"147","Omaha",2014,"Summit",111.8,111.6,0.2,102,211,142,2.6
"148","Houston",2014,"American",111.2,111,0.1,158,139,148,-3.3
"149","Georgetown",2014,"Big East",111,110.9,0.1,186,123,148,5
"150","Colorado State",2014,"Mountain West",111.9,111.7,0.1,92,221,148,0.5
"151","Kent State",2014,"MAC",111,110.9,0.1,186,123,148,-0.7
"152","Morehead State",2014,"OVC",111,111,0.1,186,139,148,1.8
"153","Montana",2014,"Big Sky",112.2,112,0.1,72,254,148,0.9
"154","Winthrop",2014,"Big South",111,110.8,0.1,186,114,148,-0.2
"155","Duquesne",2014,"A-10",112.4,112.4,0.1,57,293,148,-0.2
"156","Northern Colorado",2014,"Big Sky",112.5,112.3,0.1,52,286,148,0.4
"157","Norfolk State",2014,"MEAC",111.4,111.3,0.1,137,177,148,-1.5
"158","Butler",2014,"Big East",111,110.9,0.1,186,123,148,0.4
"159","Western Kentucky",2014,"Sun Belt",109.8,109.7,0.1,303,44,148,0.2
"160","Elon",2014,"SoCon",111.3,111.2,0.1,148,166,148,0.4
"161","Jackson State",2014,"SWAC",111.2,111,0.1,158,139,148,-4.1
"162","Missouri State",2014,"MVC",112.7,112.6,0.1,43,303,148,0.9
"163","Notre Dame",2014,"ACC",111.9,111.9,0,92,247,163,3.6
"164","Quinnipiac",2014,"MAAC",111.6,111.6,0,119,211,163,2.2
"165","UT Arlington",2014,"Sun Belt",112.1,112.1,0,77,268,163,-3
"166","Texas A&M",2014,"SEC",109,109,0,335,18,163,1.8
"167","Valparaiso",2014,"Horizon",110.7,110.7,0,215,102,163,0.3
"168","Fresno State",2014,"Mountain West",110.9,110.9,0,201,123,163,1.6
"169","Seton Hall",2014,"Big East",111.1,111.1,0,172,153,163,1.6
"170","Yale",2014,"Ivy",111,111,0,186,139,163,1.2
"171","Youngstown State",2014,"Horizon",111.8,111.8,0,102,236,163,-0.8
"172","Denver",2014,"Summit",111.8,111.8,0,102,236,163,2.7
"173","Oregon State",2014,"Pac-12",110.6,110.7,-0.1,224,102,173,0.6
"174","Mount St. Mary's",2014,"NEC",112.5,112.6,-0.1,52,303,173,-1.8
"175","Washington",2014,"Pac-12",111.1,111.3,-0.1,172,177,173,0.1
"176","UNC Asheville",2014,"Big South",112,112.2,-0.2,83,277,176,-1.6
"177","Lipscomb",2014,"ASUN",111.7,112,-0.2,112,254,176,-2.8
"178","Alabama",2014,"SEC",109.7,109.8,-0.2,312,50,176,2.8
"179","Grand Canyon",2014,"WAC",111.5,111.7,-0.2,127,221,176,-1
"180","Cal State Bakersfield",2014,"WAC",110.6,110.8,-0.2,224,114,176,-0.9
"181","Southern",2014,"SWAC",110.6,110.8,-0.2,224,114,176,3.5
"182","Charleston",2014,"CAA",109.8,110.2,-0.3,303,71,182,-0.2
"183","North Dakota",2014,"Big Sky",111.7,112,-0.3,112,254,182,-2.5
"184","Milwaukee",2014,"Horizon",110.6,110.9,-0.3,224,123,182,-0.2
"185","Santa Clara",2014,"WCC",111.3,111.7,-0.3,148,221,182,-2.1
"186","Robert Morris",2014,"NEC",111.2,111.5,-0.3,158,200,182,1.3
"187","Illinois State",2014,"MVC",109.5,109.9,-0.3,321,55,182,0.7
"188","Rhode Island",2014,"A-10",112.7,113,-0.3,43,318,182,0.9
"189","Charlotte",2014,"CUSA",110,110.3,-0.3,286,81,182,-0.1
"190","Long Beach State",2014,"Big West",111.3,111.6,-0.3,148,211,182,0.8
"191","Texas A&M-Corpus Christi",2014,"Southland",111.3,111.6,-0.3,148,211,182,-1.9
"192","Portland State",2014,"Big Sky",111.7,112,-0.3,112,254,182,-3.4
"193","Pacific",2014,"WCC",111.4,111.7,-0.3,137,221,182,-0.4
"194","Texas Tech",2014,"Big 12",111.5,111.9,-0.4,127,247,194,1.2
"195","Pepperdine",2014,"WCC",112.5,112.9,-0.4,52,313,194,-1.7
"196","Seattle U",2014,"WAC",112.1,112.4,-0.4,77,293,194,-2.7
"197","Texas Southern",2014,"SWAC",111.9,112.3,-0.4,92,286,194,0.2
"198","Sacramento State",2014,"Big Sky",111.6,112,-0.4,119,254,194,-3
"199","Idaho State",2014,"Big Sky",111.5,111.9,-0.4,127,247,194,-1.5
"200","Cal State Northridge",2014,"Big West",111.5,111.9,-0.4,127,247,194,-2.3
"201","Southern Illinois",2014,"MVC",111.1,111.5,-0.4,172,200,194,-0.7
"202","Dartmouth",2014,"Ivy",111,111.4,-0.4,186,190,194,-1.4
"203","Alabama State",2014,"SWAC",110.5,111,-0.4,235,139,194,-2.7
"204","Lehigh",2014,"Patriot",110.3,110.7,-0.4,265,102,194,-3
"205","Utah Valley",2014,"WAC",110.1,110.5,-0.4,282,92,194,0.5
"206","South Carolina",2014,"SEC",109.6,110.2,-0.5,317,71,206,0.3
"207","Florida International",2014,"CUSA",110.5,111.1,-0.5,235,153,206,-4.5
"208","San Diego",2014,"WCC",111.1,111.6,-0.5,172,211,206,0.2
"209","UCF",2014,"American",110.5,111.1,-0.5,235,153,206,-4.4
"210","Army",2014,"Patriot",111.4,111.9,-0.5,137,247,206,-2.8
"211","La Salle",2014,"A-10",110.5,110.9,-0.5,235,123,206,1.9
"212","Eastern Washington",2014,"Big Sky",111.4,111.9,-0.5,137,247,206,-2.5
"213","Nevada",2014,"Mountain West",111.5,112,-0.5,127,254,206,-0.3
"214","Georgia Tech",2014,"ACC",109.6,110.2,-0.6,317,71,214,1.9
"215","Idaho",2014,"WAC",112.7,113.3,-0.6,43,320,214,-2.2
"216","George Mason",2014,"A-10",110.4,111,-0.6,253,139,214,-0.6
"217","Detroit Mercy",2014,"Horizon",110.5,111,-0.6,235,139,214,-3
"218","Nicholls",2014,"Southland",110.6,111.3,-0.6,224,177,214,-7.2
"219","Vanderbilt",2014,"SEC",109,109.6,-0.6,335,41,214,1
"220","Purdue",2014,"Big Ten",110.1,110.7,-0.6,282,102,214,1.4
"221","Tennessee Tech",2014,"OVC",110.9,111.6,-0.7,201,211,221,-2.6
"222","Northern Illinois",2014,"MAC",108.8,109.5,-0.7,341,36,221,-3
"223","Cal Poly",2014,"Big West",110.2,110.9,-0.7,271,123,221,-0.8
"224","Sacred Heart",2014,"NEC",111,111.7,-0.7,186,221,221,-7.9
"225","Drake",2014,"MVC",111.1,111.8,-0.7,172,236,221,-0.8
"226","Little Rock",2014,"Sun Belt",110.3,111,-0.7,265,139,221,-2.5
"227","Lafayette",2014,"Patriot",112.1,112.8,-0.7,77,312,221,-3.5
"228","Cal State Fullerton",2014,"Big West",110.6,111.3,-0.8,224,177,228,-4.3
"229","North Florida",2014,"ASUN",111,111.8,-0.8,186,236,228,-3
"230","Auburn",2014,"SEC",110.7,111.4,-0.8,215,190,228,1.2
"231","Florida A&M",2014,"MEAC",109.8,110.6,-0.8,303,98,228,-6.4
"232","Northern Arizona",2014,"Big Sky",110.8,111.6,-0.8,205,211,228,-2.7
"233","NJIT",2014,"Indep.",110.5,111.2,-0.8,235,166,228,-7.4
"234","Long Island University",2014,"NEC",111.5,112.3,-0.9,127,286,234,-7.3
"235","Liberty",2014,"Big South",111.1,112,-0.9,172,254,234,-4.1
"236","Troy",2014,"Sun Belt",110.7,111.6,-0.9,215,211,234,-3.5
"237","UMBC",2014,"Am. East",110.4,111.3,-0.9,253,177,234,-8.4
"238","Bowling Green",2014,"MAC",108.5,109.4,-0.9,346,31,234,-3
"239","North Texas",2014,"CUSA",109.9,110.8,-0.9,294,114,234,-4.1
"240","Alabama A&M",2014,"SWAC",109.8,110.7,-0.9,303,102,234,-4
"241","Marshall",2014,"CUSA",110.2,111.2,-1,271,166,241,-4
"242","High Point",2014,"Big South",118.3,119.3,-1,9,339,241,-2.1
"243","UNC Greensboro",2014,"SoCon",116.7,117.7,-1,12,336,241,-8.1
"244","Bradley",2014,"MVC",110.1,111.2,-1,282,166,241,-2.8
"245","Northeastern",2014,"CAA",109.9,110.9,-1,294,123,241,-1.8
"246","Austin Peay",2014,"OVC",110.7,111.7,-1,215,221,241,-6.3
"247","Florida Atlantic",2014,"CUSA",110.5,111.5,-1,235,200,241,-4.6
"248","Loyola Chicago",2014,"MVC",110.6,111.7,-1,224,221,241,-4.7
"249","Wake Forest",2014,"ACC",110.3,111.3,-1,265,177,241,0.9
"250","Montana State",2014,"Big Sky",110.2,111.3,-1.1,271,177,250,-5.6
"251","Temple",2014,"American",110.9,112,-1.1,201,254,250,-4.6
"252","Oakland",2014,"Horizon",111.6,112.6,-1.1,119,303,250,-2.3
"253","East Carolina",2014,"CUSA",110.6,111.7,-1.1,224,221,250,-3.1
"254","South Florida",2014,"American",109.6,110.7,-1.1,317,102,250,-5.8
"255","Rider",2014,"MAAC",110.4,111.5,-1.1,253,200,250,-2.5
"256","Jacksonville",2014,"ASUN",111.3,112.5,-1.2,148,299,256,-6.7
"257","UC Riverside",2014,"Big West",110.4,111.7,-1.2,253,221,256,-6.4
"258","McNeese",2014,"Southland",110.3,111.4,-1.2,265,190,256,-7.4
"259","South Carolina State",2014,"MEAC",110.5,111.7,-1.2,235,221,256,-11.6
"260","South Alabama",2014,"Sun Belt",110.4,111.7,-1.3,253,221,260,-3.6
"261","Miami (OH)",2014,"MAC",109.7,111,-1.3,312,139,260,-3.9
"262","James Madison",2014,"CAA",110,111.3,-1.3,286,177,260,-4.9
"263","Loyola Marymount",2014,"WCC",110.8,112.1,-1.3,205,268,260,-3.1
"264","Delaware State",2014,"MEAC",113.6,115,-1.3,22,331,260,-7.2
"265","SIU Edwardsville",2014,"OVC",110.8,112.3,-1.4,205,286,265,-6.8
"266","Boston College",2014,"ACC",111.9,113.3,-1.4,92,320,265,-1.1
"267","Hofstra",2014,"CAA",110.4,111.8,-1.4,253,236,265,-4.4
"268","Georgia Southern",2014,"SoCon",112.2,113.6,-1.4,72,323,265,-4.8
"269","Fordham",2014,"A-10",110.8,112.3,-1.4,205,286,265,-4.5
"270","Northern Kentucky",2014,"ASUN",111.2,112.6,-1.4,158,303,265,-6.8
"271","Rutgers",2014,"American",110,111.4,-1.4,286,190,265,-4.8
"272","Marist",2014,"MAAC",109.4,110.8,-1.4,326,114,265,-2.8
"273","Kansas City",2014,"WAC",109.9,111.3,-1.4,294,177,265,-4.8
"274","Saint Peter's",2014,"MAAC",109.9,111.3,-1.4,294,177,265,-3.2
"275","South Dakota",2014,"Summit",110.8,112.2,-1.4,205,277,265,-5.1
"276","SE Louisiana",2014,"Southland",110.7,112.2,-1.5,215,277,276,-7.5
"277","Northwestern",2014,"Big Ten",108.8,110.2,-1.5,341,71,276,-2.5
"278","Morgan State",2014,"MEAC",113.6,115.1,-1.5,22,332,276,-1.2
"279","Central Michigan",2014,"MAC",112.1,113.7,-1.5,77,326,276,-6.5
"280","Western Illinois",2014,"Summit",109.6,111.1,-1.5,317,153,276,-4.2
"281","Coppin State",2014,"MEAC",111.2,112.7,-1.5,158,308,276,-6.4
"282","Pennsylvania",2014,"Ivy",110.7,112.2,-1.5,215,277,276,-6.2
"283","Prairie View A&M",2014,"SWAC",110.6,112.1,-1.5,224,268,276,-7.4
"284","New Orleans",2014,"Southland",110.5,112.1,-1.6,235,268,284,-9
"285","UL Monroe",2014,"Sun Belt",109.5,111.1,-1.6,321,153,284,-3.4
"286","Jacksonville State",2014,"OVC",110.7,112.2,-1.6,215,277,284,-6.5
"287","Chattanooga",2014,"SoCon",112.2,113.8,-1.6,72,327,284,-4.2
"288","Campbell",2014,"Big South",110.3,111.9,-1.6,265,247,284,-7.5
"289","Evansville",2014,"MVC",110.4,112,-1.6,253,254,284,-4.1
"290","Navy",2014,"Patriot",109.4,110.9,-1.6,326,123,284,-7.2
"291","Air Force",2014,"Mountain West",110,111.7,-1.7,286,221,291,-7
"292","USC",2014,"Pac-12",109.1,110.8,-1.7,334,114,291,-4.3
"293","Samford",2014,"SoCon",111.2,112.9,-1.7,158,313,291,-8.5
"294","Texas State",2014,"Sun Belt",109.5,111.3,-1.7,321,177,291,-6.3
"295","St. Francis (PA)",2014,"NEC",110,111.7,-1.7,286,221,291,-7.9
"296","Alcorn State",2014,"SWAC",111.2,112.9,-1.7,158,313,291,-6.4
"297","Radford",2014,"Big South",116.3,118,-1.7,13,338,291,-2.8
"298","DePaul",2014,"Big East",110.2,112,-1.8,271,254,298,-4.7
"299","New Hampshire",2014,"Am. East",108.9,110.7,-1.8,339,102,298,-8.7
"300","Mississippi State",2014,"SEC",108.1,109.9,-1.8,348,55,298,-4.5
"301","Washington State",2014,"Pac-12",108.7,110.5,-1.8,344,92,298,-4.4
"302","Virginia Tech",2014,"ACC",109.3,111.1,-1.8,329,153,298,-1.8
"303","UIC",2014,"Horizon",110.2,112,-1.8,271,254,298,-6.8
"304","Eastern Illinois",2014,"OVC",110.4,112.2,-1.8,253,277,298,-6.2
"305","Central Connecticut",2014,"NEC",110.2,112,-1.8,271,254,298,-7.5
"306","UT Rio Grande Valley",2014,"WAC",109.2,111.1,-1.9,330,153,306,-4.7
"307","App State",2014,"SoCon",109.7,111.6,-1.9,312,211,306,-8.8
"308","Grambling",2014,"SWAC",110.8,112.6,-1.9,205,303,306,-14.5
"309","Arkansas-Pine Bluff",2014,"SWAC",110.4,112.4,-1.9,253,293,306,-7.4
"310","Fairleigh Dickinson",2014,"NEC",110.5,112.5,-2,235,299,310,-5.5
"311","Tennessee State",2014,"OVC",110.5,112.5,-2,235,299,310,-6.1
"312","UMass Lowell",2014,"Am. East",109.8,111.8,-2,303,236,310,-8.1
"313","UNC Wilmington",2014,"CAA",109.5,111.5,-2,321,200,310,-6.3
"314","Tulane",2014,"CUSA",109.9,112.1,-2.1,294,268,314,-7.7
"315","Niagara",2014,"MAAC",109.7,111.8,-2.1,312,236,314,-6
"316","Fairfield",2014,"MAAC",108.7,110.8,-2.1,344,114,314,-5.5
"317","Maryland Eastern Shore",2014,"MEAC",110.4,112.4,-2.1,253,293,314,-11.5
"318","Bethune-Cookman",2014,"MEAC",109.9,112.2,-2.2,294,277,318,-11
"319","Maine",2014,"Am. East",110,112.2,-2.2,286,277,318,-12.2
"320","UT Martin",2014,"OVC",111.1,113.3,-2.3,172,320,320,-9.4
"321","Loyola Maryland",2014,"Patriot",109.8,112.2,-2.3,303,277,320,-6.9
"322","UC Davis",2014,"Big West",110.6,112.9,-2.4,224,313,322,-10.7
"323","Central Arkansas",2014,"Southland",109.9,112.3,-2.4,294,286,322,-12
"324","Binghamton",2014,"Am. East",109.2,111.7,-2.5,330,221,324,-10.7
"325","Stetson",2014,"ASUN",109.8,112.3,-2.5,303,286,324,-11.4
"326","The Citadel",2014,"SoCon",110.1,112.7,-2.6,282,308,326,-11.7
"327","Rice",2014,"CUSA",108.8,111.4,-2.6,341,190,326,-8.9
"328","Furman",2014,"SoCon",109.9,112.5,-2.6,294,299,326,-11.5
"329","UTSA",2014,"CUSA",110.2,112.9,-2.7,271,313,329,-9.8
"330","Ball State",2014,"MAC",109.2,112,-2.8,330,254,330,-9.4
"331","Mississippi Valley State",2014,"SWAC",115,117.9,-2.8,16,337,330,-12.4
"332","TCU",2014,"Big 12",109.2,112.1,-2.9,330,268,332,-8.2
"333","San José State",2014,"Mountain West",108.9,111.8,-2.9,339,236,332,-10.1
"334","IU Indianapolis",2014,"Summit",109.8,112.7,-2.9,303,308,332,-12
"335","Lamar",2014,"Southland",109.5,112.4,-3,321,293,335,-12.6
"336","Houston Christian",2014,"Southland",109,112.1,-3.1,335,268,336,-13.4
"337","Monmouth",2014,"MAAC",119.8,122.9,-3.1,8,342,336,-5.3
"338","Abilene Christian",2014,"Southland",110.5,113.6,-3.1,235,323,336,-15.4
"339","Kennesaw State",2014,"ASUN",109,112.4,-3.4,335,293,339,-12.1
"340","Longwood",2014,"Big South",112.3,115.8,-3.5,63,333,340,-14.3
"341","Howard",2014,"MEAC",117.5,121.2,-3.7,10,341,341,-11
"342","Chicago State",2014,"WAC",113.2,117,-3.8,27,335,342,-5.4
"343","Presbyterian",2014,"Big South",112.9,116.7,-3.8,32,334,342,-15
"344","Cornell",2014,"Ivy",109.7,113.8,-4.1,312,327,344,-13.3
"345","Ole Miss",2014,"SEC",181,185.1,-4.1,2,348,344,4.1
"346","Southern Utah",2014,"Big Sky",108.5,112.7,-4.2,346,308,346,-15.6
"347","North Carolina A&T",2014,"MEAC",155.1,171.1,-15.9,5,346,347,-10.3
"348","Siena",2014,"MAAC",128.5,164.1,-35.7,6,345,348,-0.7
"349","Kentucky",2015,"SEC",114.2,87.1,27.1,9,1,1,21.1
"350","Wisconsin",2015,"Big Ten",120.8,96.3,24.5,3,29,2,17.5
"351","Duke",2015,"ACC",119.4,95.3,24.2,4,15,3,16.7
"352","Arizona",2015,"Pac-12",113.7,90.9,22.8,11,3,4,18.5
"353","Virginia",2015,"ACC",110.8,88.7,22.2,24,2,5,15.8
"354","Villanova",2015,"Big East",115.5,93.6,21.9,7,9,6,16.2
"355","Gonzaga",2015,"WCC",115.3,94.5,20.8,8,10,7,16.4
"356","Utah",2015,"Pac-12",112.6,92.7,19.9,15,5,8,15.7
"357","Rhode Island",2015,"A-10",131.7,114,17.7,1,345,9,6.5
"358","Notre Dame",2015,"ACC",119.3,101.8,17.5,5,145,10,13
"359","Wichita State",2015,"MVC",111.1,94.6,16.5,22,11,11,13
"360","North Carolina",2015,"ACC",113.3,96.9,16.3,13,36,12,12.9
"361","Ohio State",2015,"Big Ten",112.1,96.1,16,18,27,13,11.9
"362","Northern Iowa",2015,"MVC",111.9,96.3,15.6,19,29,14,11.2
"363","Baylor",2015,"Big 12",110.3,95.7,14.6,29,19,15,10.5
"364","Oklahoma",2015,"Big 12",107.4,92.8,14.6,61,6,15,10.6
"365","Michigan State",2015,"Big Ten",110,95.9,14.1,31,23,17,10.4
"366","Kansas",2015,"Big 12",109.2,95.3,14,39,15,18,10.4
"367","Iowa State",2015,"Big 12",112.3,98.5,13.9,17,67,19,9.6
"368","Louisville",2015,"ACC",105.9,92.8,13.1,85,6,20,11
"369","Stephen F. Austin",2015,"Southland",111.6,98.6,13.1,21,71,20,10.8
"370","SMU",2015,"American",108.9,96,13,43,26,22,9.6
"371","Xavier",2015,"Big East",110.7,98,12.8,26,55,23,8.5
"372","Butler",2015,"Big East",105.8,93.2,12.6,88,8,24,8.9
"373","Texas",2015,"Big 12",108,95.4,12.5,50,17,25,8.4
"374","Iowa",2015,"Big Ten",107.9,95.9,12.1,53,23,26,9.9
"375","Boise State",2015,"Mountain West",110.4,98.4,12.1,28,66,26,8.2
"376","BYU",2015,"WCC",111.9,100.6,11.3,19,112,28,9.3
"377","Murray State",2015,"OVC",113,101.7,11.3,14,141,28,9.9
"378","Davidson",2015,"A-10",113.8,102.7,11.1,10,167,30,9.3
"379","VCU",2015,"A-10",107.3,96.2,11,62,28,31,9
"380","Georgetown",2015,"Big East",108,97.1,10.9,50,42,32,8
"381","San Diego State",2015,"Mountain West",102,91.3,10.7,187,4,33,8.6
"382","Dayton",2015,"A-10",105.7,95.1,10.7,94,13,33,7.5
"383","West Virginia",2015,"Big 12",106.4,95.8,10.6,77,21,35,8.1
"384","Arkansas",2015,"SEC",109.9,99.6,10.3,32,82,36,9.1
"385","Cincinnati",2015,"American",105.5,95.4,10.1,96,17,37,7.2
"386","Georgia State",2015,"Sun Belt",108.8,98.7,10.1,44,72,37,8.5
"387","Valparaiso",2015,"Horizon",106.3,96.3,10,80,29,39,7.3
"388","Florida",2015,"SEC",104.4,94.8,9.7,127,12,40,5.6
"389","NC State",2015,"ACC",109.4,99.7,9.7,38,88,40,7.2
"390","Buffalo",2015,"MAC",109.1,99.5,9.6,41,81,42,8.1
"391","Purdue",2015,"Big Ten",106.7,97.4,9.3,70,45,43,6
"392","Maryland",2015,"Big Ten",107,97.7,9.3,65,50,43,7.7
"393","Stanford",2015,"Pac-12",108.8,99.7,9.2,44,88,45,6.7
"394","Providence",2015,"Big East",106.9,97.8,9.1,67,51,46,6.3
"395","Old Dominion",2015,"CUSA",104.7,95.9,8.9,120,23,47,6.9
"396","Colorado State",2015,"Mountain West",109.2,100.5,8.7,39,111,48,6.8
"397","Georgia",2015,"SEC",105.5,96.9,8.6,96,36,49,6.2
"398","Ole Miss",2015,"SEC",108.3,99.7,8.6,47,88,49,6.7
"399","Louisiana Tech",2015,"CUSA",106.7,98.2,8.5,70,59,51,6.3
"400","Vanderbilt",2015,"SEC",109.7,101.3,8.5,36,127,51,7.3
"401","Miami",2015,"ACC",107,98.5,8.5,65,67,51,7.5
"402","Indiana",2015,"Big Ten",113.4,105.1,8.3,12,234,54,6.4
"403","Sam Houston",2015,"Southland",106.1,97.9,8.2,82,53,55,7.3
"404","TCU",2015,"Big 12",105.8,97.8,8.1,88,51,56,3.7
"405","LSU",2015,"SEC",105,97,8,110,40,57,6.3
"406","George Washington",2015,"A-10",107.5,99.6,7.9,60,82,58,5.1
"407","Syracuse",2015,"ACC",102.9,95.2,7.7,169,14,59,6.3
"408","UCLA",2015,"Pac-12",107.6,100,7.7,55,97,59,6
"409","Texas A&M",2015,"SEC",106,98.5,7.5,83,67,61,6.2
"410","Green Bay",2015,"Horizon",103.7,96.3,7.4,147,29,62,6.6
"411","Oklahoma State",2015,"Big 12",105.8,98.3,7.4,88,63,62,4.9
"412","Temple",2015,"American",103.1,95.8,7.3,163,21,64,5.4
"413","Iona",2015,"MAAC",111.1,103.8,7.3,22,192,64,6.2
"414","Illinois State",2015,"MVC",104.7,97.5,7.2,120,47,66,6.1
"415","Richmond",2015,"A-10",104.1,97,7.1,138,40,67,5.6
"416","Wofford",2015,"SoCon",104.6,97.5,7.1,123,47,67,6.6
"417","Minnesota",2015,"Big Ten",107.7,100.6,7.1,54,112,67,6.3
"418","Oregon",2015,"Pac-12",109.5,102.5,7.1,37,162,67,5
"419","UConn",2015,"American",105.4,98.3,7,100,63,71,4.2
"420","South Dakota State",2015,"Summit",106.6,99.6,7,74,82,71,7.4
"421","St. John's",2015,"Big East",105.9,99.1,6.7,85,76,73,4.6
"422","North Carolina Central",2015,"MEAC",106.9,100.3,6.6,67,105,74,6.8
"423","Illinois",2015,"Big Ten",106.5,100.1,6.4,75,100,75,5.8
"424","UTEP",2015,"CUSA",104.7,98.3,6.4,120,63,75,5.5
"425","Harvard",2015,"Ivy",102.8,96.6,6.2,173,34,77,6.1
"426","Memphis",2015,"American",103.3,97.2,6.1,159,44,78,4.7
"427","Alabama",2015,"SEC",106.5,100.4,6.1,75,108,78,4.6
"428","Yale",2015,"Ivy",104,98,6,139,55,80,5.9
"429","Toledo",2015,"MAC",109.9,104,5.9,32,201,81,5.6
"430","New Mexico State",2015,"WAC",105.5,99.6,5.9,96,82,81,7.3
"431","UAlbany",2015,"Am. East",103.5,97.9,5.6,152,53,83,4.4
"432","Vermont",2015,"Am. East",102.3,96.7,5.6,180,35,83,5.7
"433","Cleveland State",2015,"Horizon",105.1,99.6,5.5,106,82,85,4.7
"434","Arizona State",2015,"Pac-12",104.9,99.3,5.5,113,80,85,4.5
"435","Saint Mary's",2015,"WCC",105.8,100.3,5.4,88,105,87,5
"436","South Carolina",2015,"SEC",102.5,97.4,5.2,177,45,88,4.1
"437","UC Irvine",2015,"Big West",105.2,100.1,5.1,104,100,89,3.5
"438","UC Santa Barbara",2015,"Big West",107.3,102.4,4.9,62,160,90,3.5
"439","UNLV",2015,"Mountain West",105.1,100.6,4.5,106,112,91,3.7
"440","Tulsa",2015,"American",101.6,97.1,4.5,198,42,91,3.2
"441","Eastern Kentucky",2015,"OVC",105.8,101.3,4.5,88,127,91,3.4
"442","UC Davis",2015,"Big West",110.6,106.3,4.3,27,268,94,3.9
"443","Northeastern",2015,"CAA",105.3,101.2,4.1,102,126,95,3.8
"444","Coastal Carolina",2015,"Big South",106.9,102.7,4.1,67,167,95,4.8
"445","South Carolina Upstate",2015,"ASUN",103.8,99.8,4,143,92,97,3
"446","William & Mary",2015,"CAA",109.9,105.9,4,32,254,97,4.6
"447","Pittsburgh",2015,"ACC",108,104,4,50,201,97,3.4
"448","Hofstra",2015,"CAA",107.6,103.7,4,55,185,97,5.6
"449","Michigan",2015,"Big Ten",105,101,4,110,121,97,2.8
"450","Bowling Green",2015,"MAC",104.4,100.4,4,127,108,97,4.2
"451","Colorado",2015,"Pac-12",106.7,102.9,3.9,70,173,103,1.3
"452","Wyoming",2015,"Mountain West",103.5,99.8,3.7,152,92,104,3.5
"453","Akron",2015,"MAC",103.8,100.1,3.7,143,100,104,2.8
"454","La Salle",2015,"A-10",99.3,95.7,3.6,259,19,106,2.7
"455","Kent State",2015,"MAC",105.3,101.7,3.6,102,141,106,2.9
"456","Stony Brook",2015,"Am. East",101.6,98.1,3.6,198,57,106,3.6
"457","Seton Hall",2015,"Big East",107.6,104,3.5,55,201,109,1.5
"458","Eastern Washington",2015,"Big Sky",110.1,106.6,3.5,30,278,109,4.8
"459","Evansville",2015,"MVC",103.7,100.4,3.3,147,108,111,2.9
"460","Georgia Southern",2015,"Sun Belt",101.5,98.2,3.3,201,59,111,3
"461","Clemson",2015,"ACC",101.8,98.7,3.1,191,72,113,2.1
"462","Penn State",2015,"Big Ten",102.2,99.1,3.1,182,76,113,1.5
"463","Eastern Michigan",2015,"MAC",101.5,98.5,3,201,67,115,2
"464","UT Martin",2015,"OVC",107.6,104.6,3,55,223,115,1.9
"465","St. Bonaventure",2015,"A-10",103.7,100.9,2.8,147,118,117,2.6
"466","Louisiana",2015,"Sun Belt",104.5,101.7,2.8,126,141,117,4
"467","Central Michigan",2015,"MAC",108.2,105.4,2.8,49,239,117,5.6
"468","Loyola Chicago",2015,"MVC",104.4,101.8,2.6,127,145,120,1.2
"469","Kansas State",2015,"Big 12",102.8,100.2,2.6,173,103,120,1.2
"470","Hawai'i",2015,"Big West",104,101.4,2.6,139,132,120,2.1
"471","Tennessee",2015,"SEC",104.3,101.8,2.5,131,145,123,1.2
"472","Utah State",2015,"Mountain West",103.4,100.9,2.4,155,118,124,2.5
"473","High Point",2015,"Big South",106.4,104.1,2.3,77,207,125,3.1
"474","Belmont",2015,"OVC",108.3,106,2.3,47,258,125,3.8
"475","Morehead State",2015,"OVC",103.8,101.5,2.3,143,136,125,3.5
"476","Canisius",2015,"MAAC",102,99.7,2.3,187,88,125,3.3
"477","San Diego",2015,"WCC",100.4,98.2,2.3,233,59,125,2.4
"478","Montana",2015,"Big Sky",105.8,103.7,2.1,88,185,130,2.3
"479","Massachusetts",2015,"A-10",102.4,100.3,2.1,178,105,130,1.4
"480","Georgia Tech",2015,"ACC",99.6,97.6,2,248,49,132,1.9
"481","North Florida",2015,"ASUN",106.4,104.3,2,77,212,132,4.5
"482","Washington",2015,"Pac-12",104.8,102.8,2,118,171,132,0.1
"483","Creighton",2015,"Big East",104.9,102.9,2,113,173,132,1.5
"484","North Dakota State",2015,"Summit",103.1,101.1,2,163,124,132,1.4
"485","Oregon State",2015,"Pac-12",98.3,96.3,1.9,280,29,137,0.9
"486","Florida Gulf Coast",2015,"ASUN",103.4,101.6,1.8,155,139,138,2.1
"487","Quinnipiac",2015,"MAAC",103.1,101.3,1.8,163,127,138,1.2
"488","Dartmouth",2015,"Ivy",101.4,99.8,1.7,208,92,140,-0.2
"489","Florida State",2015,"ACC",102.2,100.6,1.7,182,112,140,1.2
"490","Western Kentucky",2015,"CUSA",103.4,101.8,1.6,155,145,142,1.5
"491","Princeton",2015,"Ivy",105.5,103.9,1.6,96,197,142,0.6
"492","Manhattan",2015,"MAAC",101.8,100.2,1.5,191,103,144,1.2
"493","California",2015,"Pac-12",101.5,100,1.5,201,97,144,1
"494","Marquette",2015,"Big East",101.4,100,1.4,208,97,146,-0.3
"495","Columbia",2015,"Ivy",105.9,104.5,1.4,85,219,146,0.6
"496","New Hampshire",2015,"Am. East",101.2,99.9,1.3,217,95,148,1.6
"497","Nebraska",2015,"Big Ten",98,96.9,1.2,285,36,149,0.1
"498","Winthrop",2015,"Big South",104.3,103.3,1,131,178,150,2.5
"499","NJIT",2015,"Indep.",118.5,117.7,0.9,6,346,151,0.5
"500","Charlotte",2015,"CUSA",106.2,105.3,0.9,81,236,151,1
"501","Chattanooga",2015,"SoCon",104.6,103.7,0.8,123,185,153,2.7
"502","Western Michigan",2015,"MAC",107.2,106.4,0.8,64,273,153,-0.1
"503","Monmouth",2015,"MAAC",101.3,100.6,0.7,214,112,155,-0.1
"504","Middle Tennessee",2015,"CUSA",101.7,101,0.7,194,121,155,0.7
"505","UAB",2015,"CUSA",102.3,101.6,0.7,180,139,155,1.2
"506","American University",2015,"Patriot",101.7,101.1,0.6,194,124,158,1
"507","Lafayette",2015,"Patriot",110.8,110.4,0.5,24,335,159,0.4
"508","Northwestern",2015,"Big Ten",104.3,103.8,0.5,131,192,159,-0.4
"509","Rider",2015,"MAAC",100.4,99.9,0.5,233,95,159,1
"510","New Mexico",2015,"Mountain West",99.4,99,0.4,256,75,162,0.9
"511","Incarnate Word",2015,"Southland",106.7,106.3,0.4,70,268,162,-0.1
"512","Boston College",2015,"ACC",104.2,103.8,0.4,136,192,162,0.2
"513","Sacramento State",2015,"Big Sky",108.4,108.1,0.3,46,311,165,0.3
"514","Pepperdine",2015,"WCC",97.1,96.9,0.2,305,36,166,0.6
"515","Colgate",2015,"Patriot",105.4,105.1,0.2,100,234,166,1
"516","Portland",2015,"WCC",104.2,104,0.2,136,201,166,0.2
"517","Radford",2015,"Big South",104.3,104.1,0.1,131,207,169,1.1
"518","Purdue Fort Wayne",2015,"Summit",106,105.9,0.1,83,254,169,0.1
"519","Wake Forest",2015,"ACC",102.1,102,0.1,186,154,169,0
"520","Robert Morris",2015,"NEC",102.2,102.5,-0.2,182,162,172,1.1
"521","Lehigh",2015,"Patriot",100.8,101,-0.2,221,121,172,0.6
"522","Indiana State",2015,"MVC",101.7,101.9,-0.2,194,151,172,-2.2
"523","Northern Arizona",2015,"Big Sky",101.4,101.8,-0.4,208,145,175,0.9
"524","UL Monroe",2015,"Sun Belt",98.7,99.2,-0.5,274,78,176,1.3
"525","Mercer",2015,"SoCon",103.3,103.8,-0.5,159,192,176,1.5
"526","Saint Peter's",2015,"MAAC",98,98.7,-0.7,285,72,178,0.2
"527","Saint Joseph's",2015,"A-10",97.4,98.1,-0.8,300,57,179,-1
"528","Charleston Southern",2015,"Big South",105.2,106.1,-0.9,104,262,180,0.5
"529","UT Arlington",2015,"Sun Belt",102.9,103.9,-0.9,169,197,180,0.2
"530","St. Francis (PA)",2015,"NEC",100.4,101.4,-1,233,132,182,-0.4
"531","San Francisco",2015,"WCC",102.6,103.7,-1.1,176,185,183,-0.1
"532","Oakland",2015,"Horizon",107.6,108.7,-1.1,55,321,183,-0.1
"533","Texas A&M-Corpus Christi",2015,"Southland",101.5,102.6,-1.1,201,165,183,-1.2
"534","Cal Poly",2015,"Big West",99.7,100.9,-1.2,247,118,186,0
"535","Long Beach State",2015,"Big West",102.7,104.1,-1.4,175,207,187,0.5
"536","Gardner-Webb",2015,"Big South",105.7,107.1,-1.4,94,295,187,-2
"537","Auburn",2015,"SEC",103,104.5,-1.5,167,219,189,-3.2
"538","East Tennessee State",2015,"SoCon",102.9,104.4,-1.6,169,215,190,0
"539","Bucknell",2015,"Patriot",104.8,106.6,-1.7,118,278,191,-0.6
"540","Northern Illinois",2015,"MAC",100.5,102.2,-1.8,230,158,192,-1.4
"541","UNC Wilmington",2015,"CAA",99.6,101.3,-1.8,248,127,192,-0.4
"542","Maryland Eastern Shore",2015,"MEAC",101.6,103.5,-1.9,198,183,194,-0.7
"543","UTSA",2015,"CUSA",104.9,106.8,-2,113,285,195,-1.6
"544","Idaho",2015,"Big Sky",109,111,-2,42,337,195,-1.7
"545","Holy Cross",2015,"Patriot",100.7,102.7,-2,226,167,195,-2.1
"546","Detroit Mercy",2015,"Horizon",101.8,103.9,-2.1,191,197,198,-1.4
"547","Bryant",2015,"NEC",103.9,106.1,-2.1,142,262,198,-1.5
"548","Eastern Illinois",2015,"OVC",100.6,102.8,-2.1,227,171,198,-2.3
"549","Northwestern State",2015,"Southland",109.8,112,-2.2,35,342,201,-0.9
"550","Norfolk State",2015,"MEAC",103.4,105.6,-2.2,155,244,201,1.7
"551","Air Force",2015,"Mountain West",105.1,107.4,-2.3,106,300,203,-2.8
"552","Mississippi State",2015,"SEC",98.4,100.7,-2.3,278,117,203,-1.7
"553","Little Rock",2015,"Sun Belt",103.7,106,-2.3,147,258,203,-2.9
"554","Rice",2015,"CUSA",101.4,103.7,-2.3,208,185,203,-3.1
"555","James Madison",2015,"CAA",103.8,106.1,-2.3,143,262,203,-1.3
"556","South Dakota",2015,"Summit",102.9,105.5,-2.5,169,241,208,-1.5
"557","UNC Asheville",2015,"Big South",100.9,103.4,-2.5,220,181,208,-2.1
"558","Cornell",2015,"Ivy",96.6,99.2,-2.6,308,78,210,-1.8
"559","Western Carolina",2015,"SoCon",102.2,104.8,-2.6,182,229,210,-1.5
"560","Hampton",2015,"MEAC",96.8,99.6,-2.7,306,82,212,-2.1
"561","Northern Colorado",2015,"Big Sky",103.7,106.4,-2.7,147,273,212,-2.6
"562","Denver",2015,"Summit",104.3,107,-2.7,131,294,212,-1.3
"563","DePaul",2015,"Big East",104.9,107.7,-2.7,113,306,212,-2.9
"564","Texas Southern",2015,"SWAC",104.4,107.1,-2.7,127,295,212,2.2
"565","Texas Tech",2015,"Big 12",99.5,102.3,-2.8,252,159,217,-4.3
"566","Virginia Tech",2015,"ACC",103.1,106,-2.9,163,258,218,-3.1
"567","Miami (OH)",2015,"MAC",100.8,103.7,-2.9,221,185,218,-4
"568","Oral Roberts",2015,"Summit",103,105.9,-2.9,167,254,218,-1.2
"569","USC",2015,"Pac-12",98.8,101.7,-2.9,270,141,218,-3.8
"570","SIU Edwardsville",2015,"OVC",98.8,101.8,-3,270,145,222,-2.5
"571","Boston University",2015,"Patriot",105,108.2,-3.1,110,315,223,-1.7
"572","Southeast Missouri State",2015,"OVC",101.5,104.7,-3.2,201,227,224,-1.8
"573","Tulane",2015,"American",99.4,102.6,-3.2,256,165,224,-3.6
"574","Seattle U",2015,"WAC",98.7,102.1,-3.4,274,155,226,-1
"575","UC Riverside",2015,"Big West",98.8,102.1,-3.4,270,155,226,-3.4
"576","Tennessee Tech",2015,"OVC",103.2,106.7,-3.5,161,283,228,-1.5
"577","Southern Illinois",2015,"MVC",99,102.5,-3.5,264,162,228,-3.1
"578","Cal State Bakersfield",2015,"WAC",100.2,103.8,-3.6,238,192,230,-0.6
"579","Texas State",2015,"Sun Belt",94.5,98.2,-3.7,329,59,231,-1.8
"580","George Mason",2015,"A-10",100,103.7,-3.7,239,185,231,-4.4
"581","Houston",2015,"American",100.6,104.3,-3.8,227,212,233,-3.2
"582","Sacred Heart",2015,"NEC",102.4,106.3,-3.9,178,268,234,-1.6
"583","Fresno State",2015,"Mountain West",100.5,104.3,-3.9,230,212,234,-3.5
"584","Fordham",2015,"A-10",99.3,103.3,-4,259,178,236,-4.5
"585","Alabama State",2015,"SWAC",99.8,104,-4.1,244,201,237,2.1
"586","East Carolina",2015,"American",101.3,105.6,-4.3,214,244,238,-4.7
"587","Ball State",2015,"MAC",99.6,103.9,-4.3,248,197,238,-5
"588","Mount St. Mary's",2015,"NEC",99.6,104,-4.4,248,201,240,-2.4
"589","Northern Kentucky",2015,"ASUN",101.9,106.6,-4.7,190,278,241,-2.1
"590","Duquesne",2015,"A-10",104.6,109.4,-4.7,123,327,241,-4.3
"591","Prairie View A&M",2015,"SWAC",97.9,102.7,-4.7,290,167,241,-3.2
"592","Weber State",2015,"Big Sky",100.8,105.6,-4.8,221,244,244,-4
"593","Wright State",2015,"Horizon",99.5,104.4,-4.9,252,215,245,-4
"594","Milwaukee",2015,"Horizon",100.8,105.7,-4.9,221,248,245,-3.2
"595","Washington State",2015,"Pac-12",103.2,108.1,-4.9,161,311,245,-5
"596","Army",2015,"Patriot",101.3,106.3,-5,214,268,248,-2.9
"597","Long Island University",2015,"NEC",97.4,102.4,-5,300,160,248,-3.2
"598","North Texas",2015,"CUSA",98.2,103.1,-5,283,175,248,-5.4
"599","Missouri",2015,"SEC",99,104.1,-5.1,264,207,251,-4.7
"600","Omaha",2015,"Summit",101.4,106.5,-5.1,208,277,251,-3.7
"601","Lamar",2015,"Southland",99.8,104.9,-5.1,244,230,251,-4.9
"602","Brown",2015,"Ivy",99.4,104.6,-5.2,256,223,254,-5.5
"603","Arkansas State",2015,"Sun Belt",97.9,103.1,-5.2,290,175,254,-7
"604","Ohio",2015,"MAC",101.4,106.7,-5.4,208,283,256,-4.6
"605","Grand Canyon",2015,"WAC",103.5,108.9,-5.4,152,324,256,-2.6
"606","Elon",2015,"CAA",98,103.4,-5.4,285,181,256,-4
"607","Rutgers",2015,"Big Ten",96,101.5,-5.5,312,136,259,-4.7
"608","McNeese",2015,"Southland",101.7,107.3,-5.5,194,297,259,-4.5
"609","Siena",2015,"MAAC",104,109.6,-5.6,139,328,261,-4.1
"610","Navy",2015,"Patriot",100,105.7,-5.7,239,248,262,-4.5
"611","IU Indianapolis",2015,"Summit",95.8,101.4,-5.7,313,132,262,-5.6
"612","Southern Utah",2015,"Big Sky",100.4,106.2,-5.8,233,267,264,-7.3
"613","Kansas City",2015,"WAC",99.8,105.7,-5.8,244,248,264,-2
"614","VMI",2015,"SoCon",99.5,105.4,-5.8,252,239,264,-5.7
"615","Florida International",2015,"CUSA",95.6,101.5,-5.9,318,136,267,-5.4
"616","Jackson State",2015,"SWAC",95.8,101.9,-6,313,151,268,-3.9
"617","Troy",2015,"Sun Belt",100.8,106.8,-6,221,285,268,-4.7
"618","UNC Greensboro",2015,"SoCon",99.9,106.1,-6.1,243,262,270,-4.5
"619","Portland State",2015,"Big Sky",101.5,107.7,-6.2,201,306,271,-3.6
"620","Southern",2015,"SWAC",95.1,101.3,-6.2,323,127,271,-1.4
"621","Towson",2015,"CAA",98.3,104.7,-6.4,280,227,273,-4.5
"622","Houston Christian",2015,"Southland",101.5,108,-6.4,201,309,273,-8.8
"623","Cal State Northridge",2015,"Big West",98.9,105.3,-6.4,269,236,273,-5.9
"624","Youngstown State",2015,"Horizon",105.1,111.5,-6.4,106,339,273,-5.4
"625","Delaware",2015,"CAA",100.5,106.9,-6.5,230,289,277,-5.6
"626","Bradley",2015,"MVC",94.8,101.4,-6.6,326,132,278,-6.3
"627","Marshall",2015,"CUSA",96.6,103.3,-6.8,308,178,279,-6.5
"628","Howard",2015,"MEAC",95.2,102.1,-6.9,322,155,280,-3.7
"629","Delaware State",2015,"MEAC",97.6,104.4,-6.9,294,215,280,-4.1
"630","SE Louisiana",2015,"Southland",98,104.9,-7,285,230,282,-4.9
"631","Samford",2015,"SoCon",101.2,108.2,-7,217,315,282,-4.6
"632","Missouri State",2015,"MVC",98.4,105.5,-7.1,278,241,284,-5.8
"633","Cal State Fullerton",2015,"Big West",97.3,104.4,-7.1,302,215,284,-8
"634","Wagner",2015,"NEC",99.5,106.9,-7.3,252,289,286,-6.3
"635","Lipscomb",2015,"ASUN",100.6,108,-7.4,227,309,287,-5
"636","Charleston",2015,"CAA",95.6,103.1,-7.5,318,175,288,-6.3
"637","New Orleans",2015,"Southland",99.3,106.8,-7.5,259,285,288,-5.7
"638","UCF",2015,"American",101.2,108.8,-7.6,217,322,290,-7.4
"639","Fairfield",2015,"MAAC",97.3,105,-7.7,302,233,291,-5.5
"640","South Alabama",2015,"Sun Belt",100,107.7,-7.7,239,306,291,-6.1
"641","Campbell",2015,"Big South",98.5,106.3,-7.7,276,268,291,-5.7
"642","Niagara",2015,"MAAC",99,106.9,-7.9,264,289,294,-7.2
"643","App State",2015,"Sun Belt",98.1,106.1,-8,284,262,295,-5.7
"644","Drake",2015,"MVC",102,110,-8,187,330,295,-7.1
"645","Drexel",2015,"CAA",100.3,108.4,-8.1,237,319,297,-5.3
"646","UMass Lowell",2015,"Am. East",93.8,101.9,-8.1,337,151,297,-6.1
"647","The Citadel",2015,"SoCon",104.9,113.3,-8.3,113,343,299,-8.8
"648","UIC",2015,"Horizon",98.3,106.6,-8.3,280,278,299,-7.4
"649","Pacific",2015,"WCC",99,107.4,-8.4,264,300,301,-6.2
"650","Pennsylvania",2015,"Ivy",97.5,105.9,-8.4,298,254,301,-6.8
"651","South Florida",2015,"American",97.5,106,-8.5,298,258,303,-8
"652","Florida Atlantic",2015,"CUSA",99.1,107.6,-8.5,263,302,303,-6.3
"653","Nevada",2015,"Mountain West",97.7,106.4,-8.7,292,273,305,-6.9
"654","Idaho State",2015,"Big Sky",98.5,107.3,-8.7,276,297,305,-6.8
"655","Furman",2015,"SoCon",100,108.8,-8.8,239,322,307,-6.4
"656","Jacksonville State",2015,"OVC",95.7,104.5,-8.8,315,219,307,-7.2
"657","Fairleigh Dickinson",2015,"NEC",98.8,107.6,-8.9,270,302,309,-7.8
"658","Loyola Maryland",2015,"Patriot",95.3,104.2,-8.9,320,211,309,-7.4
"659","Marist",2015,"MAAC",95.7,104.6,-8.9,315,223,309,-7.9
"660","Longwood",2015,"Big South",99,108.1,-9.2,264,311,312,-7.7
"661","North Dakota",2015,"Big Sky",99.3,108.6,-9.3,259,320,313,-7.4
"662","Southern Miss",2015,"CUSA",97.6,106.9,-9.4,294,289,314,-9.9
"663","Saint Louis",2015,"A-10",94.1,103.6,-9.6,333,184,315,-7.4
"664","Loyola Marymount",2015,"WCC",97.6,107.6,-10,294,302,316,-7.7
"665","Utah Valley",2015,"WAC",94.3,104.5,-10.2,331,219,317,-7.3
"666","Austin Peay",2015,"OVC",96.2,106.6,-10.3,311,278,318,-8.7
"667","Bethune-Cookman",2015,"MEAC",94.4,105.7,-11.3,330,248,319,-8.8
"668","Western Illinois",2015,"Summit",93.3,104.9,-11.6,340,230,320,-10.6
"669","Liberty",2015,"Big South",94,105.7,-11.7,335,248,321,-10.5
"670","Alabama A&M",2015,"SWAC",96.5,108.2,-11.7,310,315,321,-7.9
"671","Arkansas-Pine Bluff",2015,"SWAC",93.7,105.5,-11.8,338,241,323,-7.6
"672","South Carolina State",2015,"MEAC",93.9,105.8,-11.9,336,253,324,-10.3
"673","Morgan State",2015,"MEAC",97.3,109.3,-12,302,326,325,-11.2
"674","Montana State",2015,"Big Sky",95.3,107.3,-12,320,297,325,-7.5
"675","North Carolina A&T",2015,"MEAC",95.7,108.1,-12.4,315,311,327,-10.3
"676","Nicholls",2015,"Southland",94.3,106.8,-12.4,331,285,327,-10.1
"677","Binghamton",2015,"Am. East",92.8,105.3,-12.5,341,236,329,-9.3
"678","Coppin State",2015,"MEAC",97.6,110.2,-12.6,294,331,330,-10.9
"679","UT Rio Grande Valley",2015,"WAC",94.7,107.6,-12.9,327,302,331,-8.8
"680","Stetson",2015,"ASUN",98,111.2,-13.1,285,338,332,-10.3
"681","Chicago State",2015,"WAC",91.4,104.6,-13.2,345,223,333,-10
"682","Presbyterian",2015,"Big South",97.7,111.5,-13.7,292,339,334,-9.7
"683","UMBC",2015,"Am. East",91.4,105.6,-14.2,345,244,335,-11.8
"684","Santa Clara",2015,"WCC",122.3,136.6,-14.3,2,348,336,-3.8
"685","Tennessee State",2015,"OVC",92,106.4,-14.4,344,273,337,-10.4
"686","Abilene Christian",2015,"Southland",94.1,108.9,-14.7,333,324,338,-11.7
"687","Jacksonville",2015,"ASUN",96.8,111.5,-14.7,306,339,338,-10.7
"688","Kennesaw State",2015,"ASUN",94.9,110.2,-15.3,325,331,340,-11.6
"689","Alcorn State",2015,"SWAC",95,110.4,-15.4,324,335,341,-11
"690","Florida A&M",2015,"MEAC",92.6,108.3,-15.7,342,318,342,-18.1
"691","Central Connecticut",2015,"NEC",93.7,109.7,-16,338,329,343,-12.6
"692","Maine",2015,"Am. East",112.6,129.1,-16.5,15,347,344,-12.7
"693","Mississippi Valley State",2015,"SWAC",92.6,110.2,-17.6,342,331,345,-13.8
"694","Central Arkansas",2015,"Southland",94.6,113.3,-18.7,328,343,346,-16.7
"695","San José State",2015,"Mountain West",87.2,106.9,-19.7,347,289,347,-17.3
"696","Grambling",2015,"SWAC",86.7,110.2,-23.5,348,331,348,-18.5
"697","Villanova",2016,"Big East",120.3,90.1,30.2,6,3,1,16.6
"698","Michigan State",2016,"Big Ten",122.3,93.4,28.9,2,15,2,16.1
"699","Virginia",2016,"ACC",120,91.2,28.8,7,6,3,14.4
"700","Kansas",2016,"Big 12",119.5,91.5,28,9,8,4,15.1
"701","North Carolina",2016,"ACC",122.6,94.7,27.9,1,23,5,16.3
"702","Louisville",2016,"ACC",116.8,91.1,25.7,19,5,6,15.5
"703","West Virginia",2016,"Big 12",114.4,89.8,24.6,31,2,7,12.9
"704","Purdue",2016,"Big Ten",116.6,92,24.6,22,9,7,13.5
"705","Kentucky",2016,"SEC",120.5,96,24.5,5,36,9,14.5
"706","SMU",2016,"American",119.8,96,23.8,8,36,10,12.2
"707","Indiana",2016,"Big Ten",121.7,98.4,23.3,3,60,11,14.2
"708","Oklahoma",2016,"Big 12",117.1,94.6,22.5,17,22,12,11.6
"709","Miami",2016,"ACC",117.9,95.8,22.1,13,34,13,11.4
"710","Wichita State",2016,"MVC",111.5,89.5,22,56,1,14,14.5
"711","Duke",2016,"ACC",121.1,99.2,21.9,4,78,15,12.4
"712","Arizona",2016,"Pac-12",117,95.3,21.7,18,31,16,10.7
"713","Gonzaga",2016,"WCC",116.7,95.2,21.5,20,29,17,12.9
"714","Oregon",2016,"Pac-12",117.8,96.4,21.4,14,41,18,11
"715","Texas A&M",2016,"SEC",113.4,92.2,21.2,36,10,19,11.7
"716","Xavier",2016,"Big East",115.9,95.2,20.7,24,29,20,11.4
"717","Maryland",2016,"Big Ten",116.3,96,20.4,23,36,21,10.9
"718","Iowa",2016,"Big Ten",114.8,94.8,20,28,26,22,11.2
"719","UConn",2016,"American",112.1,92.7,19.5,47,11,23,8.8
"720","Vanderbilt",2016,"SEC",113.7,94.2,19.5,33,19,23,10.7
"721","Saint Mary's",2016,"WCC",117.6,98.5,19.1,15,64,25,11.3
"722","Cincinnati",2016,"American",111.9,93.3,18.6,50,13,26,8.3
"723","Iowa State",2016,"Big 12",118.7,100.5,18.3,11,99,27,9.6
"724","Butler",2016,"Big East",118.3,100.9,17.5,12,105,28,7.9
"725","California",2016,"Pac-12",111.6,94.2,17.4,52,19,29,8.5
"726","Pittsburgh",2016,"ACC",114.8,97.6,17.3,28,49,30,8.1
"727","Baylor",2016,"Big 12",117.6,100.3,17.3,15,96,30,7.9
"728","Syracuse",2016,"ACC",110.8,93.9,16.9,66,17,32,8.2
"729","Florida",2016,"SEC",109.8,93.1,16.8,82,12,33,8.8
"730","Utah",2016,"Pac-12",115.7,99,16.7,26,72,34,7.4
"731","Stephen F. Austin",2016,"Southland",112.5,95.9,16.7,43,35,34,12.8
"732","Notre Dame",2016,"ACC",119.5,103.3,16.3,9,148,36,8.1
"733","Seton Hall",2016,"Big East",109.3,93.3,16,91,13,37,7.1
"734","VCU",2016,"A-10",111,95,16,63,27,37,10.6
"735","Valparaiso",2016,"Horizon",107.3,91.4,15.8,119,7,39,11.9
"736","Michigan",2016,"Big Ten",115.1,99.4,15.7,27,82,40,5
"737","Wisconsin",2016,"Big Ten",109.5,94.2,15.3,87,19,41,7.1
"738","Yale",2016,"Ivy",109.7,94.7,15.1,85,23,42,10.3
"739","BYU",2016,"WCC",112.4,97.6,14.8,44,49,43,9.3
"740","Saint Joseph's",2016,"A-10",113.1,98.4,14.8,38,60,43,8.6
"741","Texas",2016,"Big 12",111.6,96.9,14.7,52,44,45,4.5
"742","San Diego State",2016,"Mountain West",105,90.5,14.5,160,4,46,8.6
"743","Florida State",2016,"ACC",112.4,98.6,13.8,44,68,47,6.9
"744","Clemson",2016,"ACC",110.7,97.1,13.6,68,47,48,6.8
"745","Creighton",2016,"Big East",111.5,98,13.5,56,53,49,7.4
"746","George Washington",2016,"A-10",113.4,100,13.4,36,90,50,7.9
"747","Little Rock",2016,"Sun Belt",108,94.7,13.3,103,23,51,9.2
"748","Georgia Tech",2016,"ACC",113.5,100.4,13.2,35,97,52,6.2
"749","USC",2016,"Pac-12",112.8,99.7,13.1,39,87,53,6.8
"750","Houston",2016,"American",116.7,103.9,12.8,20,160,54,5.9
"751","Dayton",2016,"A-10",106.4,93.7,12.7,136,16,55,7.9
"752","Texas Tech",2016,"Big 12",112.4,99.9,12.5,44,89,56,4.4
"753","South Carolina",2016,"SEC",108.8,96.3,12.5,99,40,56,7
"754","Kansas State",2016,"Big 12",107.6,95,12.5,111,27,56,4
"755","Colorado",2016,"Pac-12",107.6,95.4,12.2,111,32,59,4.2
"756","Northwestern",2016,"Big Ten",111.6,99.5,12.2,52,85,59,6.6
"757","Providence",2016,"Big East",107.7,95.7,12,109,33,61,4.8
"758","Princeton",2016,"Ivy",114.5,103,11.6,30,143,62,8.9
"759","Northern Iowa",2016,"MVC",109.9,98.3,11.5,79,59,63,5.6
"760","Hawai'i",2016,"Big West",107.4,96,11.4,115,36,64,8.6
"761","Tulsa",2016,"American",110.2,99,11.2,75,72,65,4.8
"762","Virginia Tech",2016,"ACC",109.1,98.2,10.9,93,57,66,4.6
"763","Evansville",2016,"MVC",107.9,97.1,10.8,104,47,67,7.7
"764","Georgetown",2016,"Big East",110.5,100,10.5,72,90,68,3.6
"765","Arkansas",2016,"SEC",110.6,100.1,10.5,69,93,68,5
"766","Washington",2016,"Pac-12",109.1,98.8,10.4,93,70,70,4.3
"767","Akron",2016,"MAC",110.6,100.2,10.4,69,94,70,6.9
"768","Memphis",2016,"American",106.7,96.5,10.3,130,43,72,3.5
"769","Oregon State",2016,"Pac-12",109.1,99,10.2,93,72,73,3
"770","UCLA",2016,"Pac-12",111,101.1,9.9,63,110,74,4
"771","NC State",2016,"ACC",112.6,102.9,9.7,40,142,75,3.5
"772","South Dakota State",2016,"Summit",110.5,101,9.5,72,108,76,7
"773","Rhode Island",2016,"A-10",107.9,98.4,9.5,104,60,76,5.2
"774","Ohio State",2016,"Big Ten",105.8,96.4,9.4,146,41,78,3.4
"775","UNC Wilmington",2016,"CAA",110,100.7,9.3,78,102,79,6.8
"776","Nebraska",2016,"Big Ten",109.8,100.6,9.2,82,100,80,3.7
"777","Georgia",2016,"SEC",106.6,97.6,9.1,132,49,81,4.3
"778","William & Mary",2016,"CAA",112,103,9.1,48,143,81,5.3
"779","Stony Brook",2016,"Am. East",107.6,98.5,9.1,111,64,81,9.1
"780","LSU",2016,"SEC",111,102.2,8.8,63,131,84,3
"781","Boise State",2016,"Mountain West",109.5,100.8,8.7,87,103,85,4.5
"782","Mississippi State",2016,"SEC",109.4,100.9,8.6,90,105,86,3.7
"783","Temple",2016,"American",107.4,98.9,8.5,115,71,87,2.1
"784","UT Arlington",2016,"Sun Belt",106.5,98,8.5,134,53,87,8.2
"785","Ole Miss",2016,"SEC",109.7,101.3,8.4,85,117,89,4.1
"786","Oakland",2016,"Horizon",115.8,107.5,8.3,25,231,90,8
"787","Hofstra",2016,"CAA",110.8,102.5,8.3,66,134,90,4.9
"788","Monmouth",2016,"MAAC",107.2,99,8.2,121,72,92,7.7
"789","James Madison",2016,"CAA",107.4,99.4,7.9,115,82,93,5.4
"790","UC Irvine",2016,"Big West",106,98,7.9,143,53,93,6.3
"791","St. Bonaventure",2016,"A-10",114,106.2,7.9,32,205,93,5.2
"792","Old Dominion",2016,"CUSA",106,98.4,7.6,143,60,96,6.3
"793","Richmond",2016,"A-10",112,104.8,7.2,48,172,97,4.2
"794","Arizona State",2016,"Pac-12",109,101.9,7.2,98,127,97,1.9
"795","Iona",2016,"MAAC",109.8,102.6,7.1,82,140,99,5.8
"796","New Mexico State",2016,"WAC",103.8,96.9,6.9,171,44,100,7
"797","UC Santa Barbara",2016,"Big West",105.9,99.1,6.8,145,76,101,3.5
"798","Tennessee",2016,"SEC",109.3,102.5,6.7,91,134,102,2.3
"799","Oklahoma State",2016,"Big 12",105.2,98.5,6.7,154,64,102,0.6
"800","UAlbany",2016,"Am. East",106.1,99.4,6.7,142,82,102,7
"801","Alabama",2016,"SEC",103.6,97,6.6,174,46,105,2.2
"802","Stanford",2016,"Pac-12",107.1,100.6,6.5,122,100,106,-0.6
"803","Columbia",2016,"Ivy",111.2,104.8,6.4,61,172,107,5
"804","Fresno State",2016,"Mountain West",107,101,6,124,108,108,3.1
"805","Toledo",2016,"MAC",111.5,105.5,6,56,189,108,4.2
"806","UAB",2016,"CUSA",109.1,103.2,5.9,93,146,110,4.4
"807","New Mexico",2016,"Mountain West",107.7,101.9,5.8,109,127,111,2.9
"808","Davidson",2016,"A-10",112.6,107,5.6,40,222,112,2.3
"809","Marquette",2016,"Big East",106.7,101.1,5.6,130,110,112,1.4
"810","Long Beach State",2016,"Big West",110.6,105,5.6,69,180,112,3
"811","UNLV",2016,"Mountain West",103.6,98.2,5.4,174,57,115,3.2
"812","Siena",2016,"MAAC",108.6,103.6,5.1,100,154,116,5.2
"813","Illinois State",2016,"MVC",103.4,98.5,4.9,178,64,117,1.9
"814","Milwaukee",2016,"Horizon",111.3,106.4,4.9,59,209,117,4.6
"815","Cal State Bakersfield",2016,"WAC",103,98.1,4.9,184,56,117,8.4
"816","Louisiana",2016,"Sun Belt",109.9,105.3,4.7,79,187,120,4.9
"817","Charleston",2016,"CAA",98.6,93.9,4.7,282,17,120,2.6
"818","Chattanooga",2016,"SoCon",107,102.3,4.7,124,132,120,6.6
"819","Middle Tennessee",2016,"CUSA",103.4,99.3,4.1,178,80,123,3.8
"820","Ohio",2016,"MAC",111.2,107.1,4.1,61,223,123,2.7
"821","Wake Forest",2016,"ACC",105.7,101.7,4,150,120,125,-0.4
"822","Southern Illinois",2016,"MVC",106.4,102.5,3.9,136,134,126,2
"823","Purdue Fort Wayne",2016,"Summit",111.6,107.8,3.8,52,237,127,2.7
"824","Northeastern",2016,"CAA",106.2,102.7,3.5,140,141,128,1.6
"825","Nevada",2016,"Mountain West",101.7,98.6,3.1,210,68,129,1.5
"826","Utah State",2016,"Mountain West",109.5,106.4,3.1,87,209,129,1.2
"827","Morehead State",2016,"OVC",104.6,101.7,2.9,164,120,131,3.3
"828","UL Monroe",2016,"Sun Belt",106.9,104,2.9,127,163,131,2.8
"829","Illinois",2016,"Big Ten",106.5,103.6,2.9,134,154,131,-0.3
"830","Belmont",2016,"OVC",112.6,109.7,2.9,40,278,131,4.3
"831","Weber State",2016,"Big Sky",103,100.4,2.6,184,97,135,4.8
"832","Grand Canyon",2016,"WAC",104.2,101.6,2.6,168,119,135,7
"833","Green Bay",2016,"Horizon",107.6,105.1,2.5,111,183,137,3.1
"834","Penn State",2016,"Big Ten",102.3,100,2.3,201,90,138,-2.1
"835","Louisiana Tech",2016,"CUSA",108.4,106,2.3,101,200,138,2.5
"836","UNC Asheville",2016,"Big South",101.7,99.5,2.2,210,85,140,4.5
"837","High Point",2016,"Big South",110.1,108,2.2,76,243,140,3.5
"838","Montana",2016,"Big Sky",105.2,103,2.1,154,143,142,4.1
"839","Southern",2016,"SWAC",99.9,97.9,2,252,52,143,1
"840","Colorado State",2016,"Mountain West",111.7,109.7,1.9,51,278,144,-0.1
"841","Marshall",2016,"CUSA",110.1,108.2,1.9,76,247,144,1.9
"842","Buffalo",2016,"MAC",104.4,102.5,1.9,166,134,144,1.3
"843","Florida Gulf Coast",2016,"ASUN",103.8,102.1,1.7,171,130,147,2
"844","Pepperdine",2016,"WCC",105.2,103.7,1.5,154,156,148,1.5
"845","TCU",2016,"Big 12",100.7,99.3,1.3,234,80,149,-4
"846","Vermont",2016,"Am. East",107,105.8,1.2,124,195,150,2.9
"847","North Dakota State",2016,"Summit",102.4,101.2,1.2,196,114,150,1.4
"848","Ball State",2016,"MAC",102.4,101.2,1.2,196,114,150,2.3
"849","Duquesne",2016,"A-10",106.8,105.7,1.1,129,193,153,0.2
"850","Omaha",2016,"Summit",109.1,108,1.1,93,243,153,2.1
"851","Tennessee State",2016,"OVC",102.2,101.1,1.1,202,110,153,3.3
"852","Towson",2016,"CAA",105.1,104,1.1,159,163,153,0.5
"853","Winthrop",2016,"Big South",107.9,106.8,1,104,216,157,3.3
"854","Texas A&M-Corpus Christi",2016,"Southland",102,101.3,0.7,205,117,158,1
"855","Bucknell",2016,"Patriot",105.8,105.1,0.6,146,183,159,3.8
"856","Eastern Michigan",2016,"MAC",105.4,104.8,0.5,152,172,160,0.5
"857","East Tennessee State",2016,"SoCon",106.6,106.4,0.2,132,209,161,1.9
"858","Kent State",2016,"MAC",106.3,106.1,0.2,138,203,161,-0.4
"859","Fordham",2016,"A-10",101.9,101.7,0.2,206,120,161,0
"860","Central Michigan",2016,"MAC",110.5,110.4,0.1,72,292,164,1
"861","Wyoming",2016,"Mountain West",107.8,107.6,0.1,107,233,164,-0.9
"862","Wright State",2016,"Horizon",99.8,99.7,0,257,87,166,1.6
"863","Murray State",2016,"OVC",105.8,106.2,-0.3,146,205,167,2.3
"864","Harvard",2016,"Ivy",103.2,103.7,-0.5,182,156,168,0.1
"865","Northern Illinois",2016,"MAC",101.3,101.8,-0.5,222,124,168,0.3
"866","Massachusetts",2016,"A-10",102.9,103.3,-0.5,189,148,168,-1.9
"867","Indiana State",2016,"MVC",98.5,99.1,-0.6,283,76,171,-1.3
"868","Furman",2016,"SoCon",104.9,105.8,-0.8,161,195,172,0.5
"869","Missouri",2016,"SEC",102.6,103.5,-0.9,194,153,173,-2.9
"870","Coastal Carolina",2016,"Big South",101.5,102.5,-1,214,134,174,1.8
"871","North Florida",2016,"ASUN",113.7,114.8,-1.1,33,333,175,2.2
"872","Western Kentucky",2016,"CUSA",107.1,108.2,-1.1,122,247,175,-1.2
"873","Georgia State",2016,"Sun Belt",99.8,101.1,-1.4,257,110,177,-1.2
"874","Oral Roberts",2016,"Summit",107.3,108.8,-1.5,119,257,178,-1.3
"875","Tennessee Tech",2016,"OVC",108.3,110,-1.7,102,286,179,-0.1
"876","Mercer",2016,"SoCon",104.4,106,-1.7,166,200,179,0.6
"877","Loyola Chicago",2016,"MVC",99.1,100.9,-1.8,272,105,181,-2.7
"878","Detroit Mercy",2016,"Horizon",109.9,111.7,-1.8,79,306,181,-0.5
"879","UCF",2016,"American",101.3,103.2,-1.9,222,146,183,-4.3
"880","Tulane",2016,"American",97.2,99.2,-2,299,78,184,-4.8
"881","Denver",2016,"Summit",103,105.1,-2.1,184,183,185,-1.8
"882","Elon",2016,"CAA",104.7,106.8,-2.2,163,216,186,0
"883","Eastern Washington",2016,"Big Sky",111.3,113.6,-2.3,59,324,187,1
"884","Western Michigan",2016,"MAC",103.3,105.6,-2.3,180,190,187,-1.1
"885","East Carolina",2016,"American",102.5,105,-2.5,195,180,189,-3.5
"886","Wagner",2016,"NEC",99.2,101.7,-2.5,270,120,189,2.4
"887","Lehigh",2016,"Patriot",103.8,106.3,-2.6,171,208,191,1.7
"888","North Dakota",2016,"Big Sky",98.9,101.8,-2.9,277,124,192,0.1
"889","NJIT",2016,"ASUN",101.9,104.8,-2.9,206,172,192,0
"890","DePaul",2016,"Big East",103.6,106.6,-3,174,213,194,-5.1
"891","Wofford",2016,"SoCon",105.2,108.3,-3.1,154,250,195,-0.1
"892","Minnesota",2016,"Big Ten",100.3,103.4,-3.2,241,151,196,-3
"893","Eastern Kentucky",2016,"OVC",106.9,110.3,-3.3,127,290,197,0
"894","Portland",2016,"WCC",106.3,109.6,-3.3,138,272,197,-3.9
"895","Auburn",2016,"SEC",101.2,104.5,-3.4,226,168,199,-4.3
"896","Washington State",2016,"Pac-12",102.4,105.9,-3.5,196,197,200,-6.2
"897","Cal Poly",2016,"Big West",106.2,109.7,-3.5,140,278,200,-2.9
"898","Idaho",2016,"Big Sky",98.8,102.5,-3.6,279,134,202,-0.7
"899","Navy",2016,"Patriot",98.1,101.8,-3.7,286,124,203,1.1
"900","IU Indianapolis",2016,"Summit",99.5,103.3,-3.8,264,148,204,-4.3
"901","Sam Houston",2016,"Southland",102.9,106.8,-3.9,189,216,205,-0.7
"902","Saint Peter's",2016,"MAAC",97.2,101.2,-4,299,114,206,-1.1
"903","San Francisco",2016,"WCC",105.8,110.1,-4.2,146,289,207,-3.8
"904","Texas Southern",2016,"SWAC",107.4,111.7,-4.3,115,306,208,3.2
"905","Georgia Southern",2016,"Sun Belt",103,107.3,-4.3,184,228,208,-3
"906","George Mason",2016,"A-10",100.1,104.5,-4.4,249,168,210,-3.7
"907","Fairfield",2016,"MAAC",102.7,107.2,-4.5,191,226,211,-1
"908","Jackson State",2016,"SWAC",95.7,100.2,-4.5,313,94,211,0.5
"909","Charlotte",2016,"CUSA",104.5,109.1,-4.6,165,262,213,-1.9
"910","Western Carolina",2016,"SoCon",100.2,104.9,-4.6,244,178,213,-1.5
"911","Rider",2016,"MAAC",99.1,103.8,-4.7,272,158,215,-1.8
"912","Dartmouth",2016,"Ivy",99.9,104.6,-4.7,252,170,215,-3.2
"913","Pacific",2016,"WCC",101.1,105.9,-4.8,228,197,217,-4.8
"914","South Dakota",2016,"Summit",105.4,110.3,-4.9,152,290,218,-3.3
"915","Western Illinois",2016,"Summit",99.9,104.9,-5,252,178,219,-4.3
"916","UC Riverside",2016,"Big West",100.5,105.9,-5.4,238,197,220,-4.3
"917","Missouri State",2016,"MVC",100.2,105.7,-5.5,244,193,221,-5.6
"918","Bowling Green",2016,"MAC",99.9,105.4,-5.5,252,188,221,-4.3
"919","Florida International",2016,"CUSA",102.7,108.3,-5.5,191,250,221,-2.6
"920","Canisius",2016,"MAAC",107.8,113.6,-5.8,107,324,224,-2.2
"921","Lipscomb",2016,"ASUN",104,109.8,-5.8,170,282,224,-4.8
"922","Texas State",2016,"Sun Belt",98.8,104.7,-5.9,279,171,226,-3
"923","UNC Greensboro",2016,"SoCon",101.7,107.6,-5.9,210,233,226,-2.4
"924","Boston University",2016,"Patriot",103.3,109.4,-6.1,180,269,228,-0.8
"925","UTEP",2016,"CUSA",101.8,107.9,-6.1,209,241,228,-2.3
"926","Montana State",2016,"Big Sky",105.7,112,-6.3,150,312,230,-2
"927","Loyola Marymount",2016,"WCC",102.2,108.5,-6.3,202,254,230,-3.9
"928","Radford",2016,"Big South",101.9,108.2,-6.3,206,247,230,-1.5
"929","Austin Peay",2016,"OVC",101.5,107.9,-6.4,214,241,233,-1.8
"930","St. John's",2016,"Big East",95.9,102.3,-6.4,311,132,233,-8
"931","Boston College",2016,"ACC",97.4,103.9,-6.5,298,160,235,-7.1
"932","Pennsylvania",2016,"Ivy",103.5,110,-6.5,177,286,235,-5.1
"933","Incarnate Word",2016,"Southland",101.1,107.6,-6.5,228,233,235,-3.6
"934","Gardner-Webb",2016,"Big South",99.4,106.1,-6.6,267,203,238,-2.2
"935","UT Martin",2016,"OVC",102.7,109.3,-6.6,191,265,238,-1.9
"936","Army",2016,"Patriot",100.2,106.8,-6.6,244,216,238,-0.9
"937","Northern Kentucky",2016,"Horizon",100.8,107.5,-6.7,232,231,241,-5
"938","South Florida",2016,"American",97.5,104.2,-6.7,296,165,241,-7.4
"939","UC Davis",2016,"Big West",93.8,100.8,-7,326,103,243,-4.6
"940","Alabama A&M",2016,"SWAC",100.1,107.1,-7,249,223,243,-3.6
"941","Saint Louis",2016,"A-10",94.9,102,-7.1,322,129,245,-5.3
"942","Samford",2016,"SoCon",100.5,107.6,-7.1,238,233,245,-1.4
"943","Arkansas State",2016,"Sun Belt",100,107.1,-7.2,251,223,247,-5.7
"944","Air Force",2016,"Mountain West",97.6,105,-7.3,295,180,248,-6.1
"945","Colgate",2016,"Patriot",103.1,110.6,-7.5,183,294,249,-2.6
"946","Santa Clara",2016,"WCC",100.2,107.8,-7.6,244,237,250,-6.2
"947","Miami (OH)",2016,"MAC",97.2,104.8,-7.6,299,172,250,-5.2
"948","Cal State Northridge",2016,"Big West",99.4,107.2,-7.8,267,226,252,-5.7
"949","Brown",2016,"Ivy",101.5,109.3,-7.8,214,265,252,-6.1
"950","Norfolk State",2016,"MEAC",104.1,111.9,-7.8,169,309,252,-2.4
"951","Portland State",2016,"Big Sky",101.5,109.8,-8.2,214,282,255,-3.8
"952","South Carolina State",2016,"MEAC",101.3,109.6,-8.3,222,272,256,-3.3
"953","San José State",2016,"Mountain West",97.1,105.6,-8.4,303,190,257,-6.7
"954","Kansas City",2016,"WAC",105.2,113.6,-8.4,154,324,257,-1.5
"955","Mount St. Mary's",2016,"NEC",95.5,103.9,-8.5,316,160,259,-1.7
"956","Manhattan",2016,"MAAC",97.7,106.2,-8.5,292,205,259,-4.1
"957","Drexel",2016,"CAA",97.8,106.4,-8.6,289,209,261,-6
"958","New Hampshire",2016,"Am. East",99.2,107.8,-8.6,270,237,261,-1.4
"959","Morgan State",2016,"MEAC",99.3,108,-8.7,269,243,263,-7
"960","Jacksonville",2016,"ASUN",100.2,109,-8.7,244,261,263,-4.2
"961","Drake",2016,"MVC",102.4,111.1,-8.7,196,301,263,-6.6
"962","Eastern Illinois",2016,"OVC",100.7,109.6,-8.9,234,272,266,-3.9
"963","Cal State Fullerton",2016,"Big West",101,110,-9,230,286,267,-6.8
"964","Fairleigh Dickinson",2016,"NEC",102.4,111.9,-9.4,196,309,268,-3.5
"965","Houston Christian",2016,"Southland",101.5,111,-9.5,214,300,269,-6.1
"966","Delaware",2016,"CAA",101,110.6,-9.7,230,294,270,-8.8
"967","South Alabama",2016,"Sun Belt",95.1,105.1,-9.9,318,183,271,-5.9
"968","St. Francis (PA)",2016,"NEC",101.4,111.5,-10,219,304,272,-4.3
"969","Hampton",2016,"MEAC",99.9,109.9,-10,252,285,272,-2.5
"970","Idaho State",2016,"Big Sky",99.5,109.4,-10,264,269,272,-4.9
"971","App State",2016,"Sun Belt",100.6,110.6,-10,236,294,272,-6.7
"972","Troy",2016,"Sun Belt",98.8,108.9,-10.1,279,260,276,-8.7
"973","Sacred Heart",2016,"NEC",99.6,109.7,-10.1,262,278,276,-5.2
"974","Rice",2016,"CUSA",104.9,115.1,-10.2,161,335,278,-7.2
"975","Sacramento State",2016,"Big Sky",99,109.2,-10.2,275,264,278,-5.1
"976","Kennesaw State",2016,"ASUN",100.5,110.9,-10.4,238,298,280,-5.1
"977","Utah Valley",2016,"WAC",99,109.6,-10.6,275,272,281,-3.7
"978","Quinnipiac",2016,"MAAC",92.8,103.4,-10.6,330,151,281,-6.3
"979","Alabama State",2016,"SWAC",97.9,108.7,-10.7,287,256,283,-3
"980","Loyola Maryland",2016,"Patriot",100.3,111.1,-10.8,241,301,284,-4.9
"981","Long Island University",2016,"NEC",99.6,110.6,-10.9,262,294,285,-3.7
"982","La Salle",2016,"A-10",97.5,108.8,-11.3,296,257,286,-8.3
"983","Stetson",2016,"ASUN",101.4,112.7,-11.4,219,317,287,-5.8
"984","Cornell",2016,"Ivy",96.8,108.3,-11.5,305,250,288,-7
"985","Jacksonville State",2016,"OVC",97.9,109.6,-11.6,287,272,289,-6.2
"986","Seattle U",2016,"WAC",94,105.6,-11.6,325,190,289,-4.7
"987","Howard",2016,"MEAC",95.2,106.8,-11.6,317,216,289,-9
"988","Rutgers",2016,"Big Ten",97.2,109.1,-11.9,299,262,292,-10.5
"989","Liberty",2016,"Big South",97.8,109.8,-11.9,289,282,292,-6.5
"990","North Texas",2016,"CUSA",99.8,111.9,-12.1,257,309,294,-8.5
"991","Niagara",2016,"MAAC",94.4,106.6,-12.2,324,213,295,-7.7
"992","Charleston Southern",2016,"Big South",99.1,111.5,-12.4,272,304,296,-7.1
"993","Cleveland State",2016,"Horizon",91.8,104.2,-12.4,335,165,296,-7.8
"994","Robert Morris",2016,"NEC",92.4,104.8,-12.4,333,172,296,-5.1
"995","Campbell",2016,"Big South",99.5,112,-12.5,264,312,299,-6.5
"996","Longwood",2016,"Big South",99.8,112.3,-12.5,257,315,299,-6.7
"997","Holy Cross",2016,"Patriot",95.8,108.4,-12.6,312,253,301,-4.9
"998","San Diego",2016,"WCC",93.7,106.6,-12.8,327,213,302,-8.3
"999","Youngstown State",2016,"Horizon",101.7,114.5,-12.8,210,328,302,-8.2
"1000","Florida Atlantic",2016,"CUSA",95.1,108,-12.9,318,243,304,-8.8
"1001","SIU Edwardsville",2016,"OVC",94.9,107.8,-12.9,322,237,304,-7.7
"1002","Maryland Eastern Shore",2016,"MEAC",98.9,112,-13.2,277,312,306,-8.4
"1003","Coppin State",2016,"MEAC",100.6,113.9,-13.3,236,327,307,-9.8
"1004","Southern Miss",2016,"CUSA",95.6,108.8,-13.3,315,257,307,-7.8
"1005","SE Louisiana",2016,"Southland",97.7,111.1,-13.4,292,301,309,-6.4
"1006","Lamar",2016,"Southland",96.8,110.4,-13.6,305,292,310,-9.2
"1007","Marist",2016,"MAAC",101.3,115,-13.7,222,334,311,-7.6
"1008","Northern Colorado",2016,"Big Sky",103,116.8,-13.8,184,341,312,-9.2
"1009","New Orleans",2016,"Southland",96.8,110.9,-14.1,305,298,313,-7.2
"1010","UMass Lowell",2016,"Am. East",100.3,114.6,-14.2,241,330,314,-8
"1011","Bethune-Cookman",2016,"MEAC",97.8,112.4,-14.7,289,316,315,-6.4
"1012","Abilene Christian",2016,"Southland",98.3,113.1,-14.9,285,321,316,-8.6
"1013","American University",2016,"Patriot",91.8,106.8,-15,335,216,317,-7.5
"1014","Central Arkansas",2016,"Southland",100.8,116.3,-15.6,232,339,318,-8.7
"1015","UMBC",2016,"Am. East",101.4,117.2,-15.7,219,342,319,-9.7
"1016","Northwestern State",2016,"Southland",102.2,118.1,-15.9,202,345,320,-9.6
"1017","VMI",2016,"SoCon",95.7,111.8,-16.1,313,308,321,-9.3
"1018","Lafayette",2016,"Patriot",99.7,116,-16.3,261,338,322,-8.5
"1019","McNeese",2016,"Southland",96.2,112.9,-16.7,309,319,323,-8
"1020","North Carolina Central",2016,"MEAC",96.2,113,-16.8,309,320,324,-5.6
"1021","Bradley",2016,"MVC",87.3,104.2,-16.9,344,165,325,-13.5
"1022","Presbyterian",2016,"Big South",92.6,109.6,-17,331,272,326,-9
"1023","Binghamton",2016,"Am. East",86.8,103.8,-17,345,158,326,-8.1
"1024","The Citadel",2016,"SoCon",101.2,118.3,-17.1,226,346,328,-10.3
"1025","South Carolina Upstate",2016,"ASUN",98.4,115.7,-17.3,284,337,329,-9.2
"1026","Nicholls",2016,"Southland",91,108.6,-17.5,339,255,330,-9.6
"1027","UIC",2016,"Horizon",89.8,107.3,-17.6,342,228,331,-14.1
"1028","Southeast Missouri State",2016,"OVC",91.2,109.3,-18,338,265,332,-12.5
"1029","Maine",2016,"Am. East",95.1,113.1,-18,318,321,332,-11.9
"1030","Mississippi Valley State",2016,"SWAC",90.2,109.5,-19.3,341,271,334,-10
"1031","Prairie View A&M",2016,"SWAC",89.2,109.3,-20.1,343,265,335,-9.7
"1032","UTSA",2016,"CUSA",96.3,116.4,-20.1,308,340,335,-12.7
"1033","North Carolina A&T",2016,"MEAC",93.6,114.5,-21,328,328,337,-10.5
"1034","Arkansas-Pine Bluff",2016,"SWAC",85.7,107.4,-21.7,347,230,338,-10.5
"1035","Southern Utah",2016,"Big Sky",97,118.7,-21.7,304,347,338,-12.4
"1036","Bryant",2016,"NEC",93.2,115.1,-22,329,335,340,-11.5
"1037","Grambling",2016,"SWAC",97.7,119.7,-22,292,348,340,-11.2
"1038","Northern Arizona",2016,"Big Sky",92.5,114.7,-22.3,332,332,342,-12.4
"1039","UT Rio Grande Valley",2016,"WAC",95.1,117.5,-22.4,318,343,343,-11.1
"1040","Alcorn State",2016,"SWAC",92.1,114.6,-22.5,334,330,344,-5.9
"1041","Chicago State",2016,"WAC",90.4,113.2,-22.8,340,323,345,-14
"1042","Florida A&M",2016,"MEAC",81.8,106,-24.2,348,200,346,-14.2
"1043","Central Connecticut",2016,"NEC",91.5,117.5,-26,337,343,347,-15.7
"1044","Delaware State",2016,"MEAC",85.8,112.7,-26.9,346,317,348,-15.3
"1045","Florida",2017,"SEC",149.5,141.2,8.2,1,346,1,15
"1046","Gonzaga",2017,"WCC",108.1,101.2,6.9,8,1,2,20.4
"1047","Wichita State",2017,"MVC",108,102.4,5.6,11,3,3,17.5
"1048","Villanova",2017,"Big East",108.6,103.5,5.1,4,15,4,16
"1049","Saint Mary's",2017,"WCC",108.2,103.2,5,5,12,5,12.6
"1050","SMU",2017,"American",108.1,103.4,4.7,8,14,6,13.6
"1051","West Virginia",2017,"Big 12",106.9,102.6,4.3,30,4,7,14.5
"1052","North Carolina",2017,"ACC",108,103.7,4.3,11,24,7,16.4
"1053","Kentucky",2017,"SEC",107,102.8,4.2,25,6,9,15.8
"1054","Cincinnati",2017,"American",107.2,103,4.1,20,10,10,13.3
"1055","UCLA",2017,"Pac-12",109.1,105,4,3,138,11,13.7
"1056","Arizona",2017,"Pac-12",107.6,104,3.6,16,40,12,12.3
"1057","Oregon",2017,"Pac-12",107.4,103.8,3.6,18,31,12,13.3
"1058","Kansas",2017,"Big 12",107.9,104.4,3.5,13,65,14,14.4
"1059","Louisville",2017,"ACC",107,103.5,3.5,25,15,14,14.7
"1060","Duke",2017,"ACC",107.8,104.3,3.5,14,60,14,12.1
"1061","Wisconsin",2017,"Big Ten",106.5,103.2,3.4,47,12,17,11.5
"1062","Purdue",2017,"Big Ten",107.1,103.7,3.4,22,24,17,13.3
"1063","Virginia",2017,"ACC",105.8,102.6,3.3,94,4,19,12.8
"1064","Middle Tennessee",2017,"CUSA",106.6,103.5,3.1,40,15,20,10.7
"1065","Michigan",2017,"Big Ten",108.2,105.2,3,5,158,21,10.7
"1066","Vermont",2017,"Am. East",106.7,104,2.7,36,40,22,9.6
"1067","Florida State",2017,"ACC",106.8,104.1,2.7,34,46,22,10.9
"1068","Baylor",2017,"Big 12",106.5,103.9,2.6,47,36,24,11.2
"1069","UNC Wilmington",2017,"CAA",108.2,105.7,2.5,5,221,25,9.6
"1070","VCU",2017,"A-10",106,103.5,2.5,79,15,25,8.3
"1071","Rhode Island",2017,"A-10",106.2,103.7,2.5,63,24,25,9.3
"1072","Louisiana Tech",2017,"CUSA",106.2,103.7,2.5,63,24,25,8.3
"1073","Princeton",2017,"Ivy",106.2,103.6,2.5,63,22,25,9.2
"1074","Notre Dame",2017,"ACC",107.4,104.9,2.5,18,124,25,10.4
"1075","East Tennessee State",2017,"SoCon",106.1,103.7,2.4,74,24,31,9.1
"1076","Iowa State",2017,"Big 12",107.2,104.7,2.4,20,100,31,9.8
"1077","Butler",2017,"Big East",107.1,104.7,2.4,22,100,31,10.7
"1078","Nevada",2017,"Mountain West",107.1,104.6,2.4,22,87,31,8.4
"1079","Illinois State",2017,"MVC",105.4,103,2.4,145,10,31,8
"1080","Bucknell",2017,"Patriot",106.2,103.8,2.4,63,31,31,8.6
"1081","South Carolina",2017,"SEC",103.9,101.5,2.4,300,2,31,10.6
"1082","Dayton",2017,"A-10",106.2,103.8,2.4,63,31,31,9.7
"1083","Monmouth",2017,"MAAC",107,104.7,2.3,25,100,39,8.3
"1084","New Mexico State",2017,"WAC",106.8,104.6,2.2,34,87,40,9.4
"1085","Utah",2017,"Pac-12",106.7,104.5,2.2,36,74,40,8.3
"1086","Houston",2017,"American",106.6,104.5,2.1,40,74,42,7.7
"1087","Creighton",2017,"Big East",106.7,104.6,2.1,36,87,42,8.2
"1088","Winthrop",2017,"Big South",106,103.9,2.1,79,36,42,6.6
"1089","North Carolina Central",2017,"MEAC",105.6,103.6,2,122,22,45,5
"1090","Oklahoma State",2017,"Big 12",108.1,106.1,2,8,269,45,9.6
"1091","Saint Peter's",2017,"MAAC",105.7,103.7,2,107,24,45,5.3
"1092","Belmont",2017,"OVC",106.3,104.5,1.9,57,74,48,6.5
"1093","Furman",2017,"SoCon",106.4,104.4,1.9,52,65,48,5.4
"1094","Cal State Bakersfield",2017,"WAC",104.5,102.8,1.8,237,6,50,7
"1095","Marquette",2017,"Big East",107.7,105.9,1.8,15,248,50,7.4
"1096","UT Arlington",2017,"Sun Belt",106.6,104.8,1.7,40,113,52,7.8
"1097","Indiana",2017,"Big Ten",107,105.3,1.7,25,172,52,7.9
"1098","Ohio",2017,"MAC",105.8,104.2,1.6,94,55,54,5.5
"1099","Oakland",2017,"Horizon",105.6,104,1.6,122,40,54,6.5
"1100","UCF",2017,"American",104.5,102.9,1.6,237,9,54,4.9
"1101","Valparaiso",2017,"Horizon",105.7,104.1,1.6,107,46,54,6.3
"1102","Texas Tech",2017,"Big 12",106.5,104.9,1.6,47,124,54,5.3
"1103","Lehigh",2017,"Patriot",106,104.5,1.5,79,74,59,5.6
"1104","Akron",2017,"MAC",107,105.5,1.5,25,194,59,4.1
"1105","USC",2017,"Pac-12",106.9,105.4,1.5,30,183,59,6
"1106","TCU",2017,"Big 12",106.3,104.9,1.5,57,124,59,6.6
"1107","Charleston",2017,"CAA",105.8,104.3,1.5,94,60,59,4.5
"1108","Kansas State",2017,"Big 12",105.8,104.3,1.4,94,60,64,5.5
"1109","Wake Forest",2017,"ACC",107.6,106.2,1.4,16,284,64,9
"1110","Northwestern",2017,"Big Ten",105.6,104.3,1.4,122,60,64,7.6
"1111","Florida Gulf Coast",2017,"ASUN",106.3,104.9,1.4,57,124,64,5.9
"1112","Minnesota",2017,"Big Ten",105.2,103.9,1.3,161,36,68,8
"1113","Iona",2017,"MAAC",106.7,105.4,1.3,36,183,68,3.8
"1114","Miami",2017,"ACC",105.3,104,1.3,152,40,68,6.6
"1115","BYU",2017,"WCC",105.6,104.3,1.3,122,60,68,5.1
"1116","Syracuse",2017,"ACC",106.4,105.1,1.3,52,143,68,6.6
"1117","Arkansas",2017,"SEC",105.7,104.4,1.3,107,65,68,7.4
"1118","Alabama",2017,"SEC",104,102.8,1.2,294,6,74,6.1
"1119","Louisiana",2017,"Sun Belt",106.9,105.8,1.2,30,232,74,0.9
"1120","California",2017,"Pac-12",104.7,103.5,1.2,219,15,74,6.1
"1121","St. Bonaventure",2017,"A-10",105.8,104.6,1.2,94,87,74,4.7
"1122","UC Irvine",2017,"Big West",105.4,104.2,1.2,145,55,74,3.9
"1123","Chattanooga",2017,"SoCon",106,105,1.1,79,138,79,4.1
"1124","UNC Asheville",2017,"Big South",105.8,104.7,1.1,94,100,79,6.7
"1125","Colorado State",2017,"Mountain West",105.6,104.5,1.1,122,74,79,4.6
"1126","Maryland",2017,"Big Ten",105.9,104.8,1.1,85,113,79,7.1
"1127","Vanderbilt",2017,"SEC",104.8,103.7,1.1,208,24,79,6.7
"1128","San Diego State",2017,"Mountain West",104.9,103.8,1.1,195,31,79,5.5
"1129","Arkansas State",2017,"Sun Belt",105.7,104.6,1.1,107,87,79,3.3
"1130","Xavier",2017,"Big East",106.4,105.4,1,52,183,86,6.9
"1131","Troy",2017,"Sun Belt",106.6,105.6,1,40,210,86,2.3
"1132","North Dakota",2017,"Big Sky",105.6,104.6,1,122,87,86,3.4
"1133","Michigan State",2017,"Big Ten",105.6,104.5,1,122,74,86,6.5
"1134","Clemson",2017,"ACC",106.6,105.5,1,40,194,86,6.7
"1135","Rice",2017,"CUSA",106.2,105.2,1,63,158,86,2.5
"1136","Old Dominion",2017,"CUSA",104.5,103.5,1,237,15,86,2.9
"1137","Northern Kentucky",2017,"Horizon",106.1,105.2,0.9,74,158,93,3
"1138","Virginia Tech",2017,"ACC",106.9,106,0.9,30,257,93,6.2
"1139","Loyola Chicago",2017,"MVC",105.7,104.8,0.9,107,113,93,3.8
"1140","Toledo",2017,"MAC",106.3,105.5,0.9,57,194,93,2.3
"1141","Weber State",2017,"Big Sky",106.6,105.7,0.9,40,221,93,2.2
"1142","Buffalo",2017,"MAC",105.5,104.8,0.8,133,113,98,2.3
"1143","San Francisco",2017,"WCC",104.8,104,0.8,208,40,98,3.2
"1144","Boise State",2017,"Mountain West",105.9,105.1,0.8,85,143,98,3.3
"1145","Gardner-Webb",2017,"Big South",105.2,104.4,0.8,161,65,98,2.1
"1146","Seton Hall",2017,"Big East",105.2,104.4,0.8,161,65,98,4.1
"1147","Lipscomb",2017,"ASUN",106.4,105.6,0.8,52,210,98,2.8
"1148","Harvard",2017,"Ivy",105.5,104.6,0.8,133,87,98,4.1
"1149","Towson",2017,"CAA",105.5,104.7,0.8,133,100,98,3.1
"1150","Providence",2017,"Big East",105.1,104.4,0.7,170,65,106,4.2
"1151","Georgia State",2017,"Sun Belt",105.3,104.6,0.7,152,87,106,1.7
"1152","Fresno State",2017,"Mountain West",105.2,104.5,0.7,161,74,106,2.8
"1153","Utah Valley",2017,"WAC",104.8,104.1,0.7,208,46,106,2.7
"1154","South Dakota",2017,"Summit",105.5,104.8,0.7,133,113,106,2.1
"1155","Texas A&M-Corpus Christi",2017,"Southland",105.3,104.5,0.7,152,74,106,2.1
"1156","South Carolina Upstate",2017,"ASUN",106.4,105.7,0.7,52,221,106,-2.3
"1157","Texas State",2017,"Sun Belt",104.8,104.1,0.7,208,46,106,0.7
"1158","Tennessee State",2017,"OVC",104.8,104.1,0.6,208,46,114,1.1
"1159","UAlbany",2017,"Am. East",105.8,105.2,0.6,94,158,114,4
"1160","Colorado",2017,"Pac-12",106.1,105.5,0.6,74,194,114,3.5
"1161","Texas Southern",2017,"SWAC",105.9,105.3,0.6,85,172,114,2.6
"1162","New Orleans",2017,"Southland",105,104.4,0.6,180,65,114,0.8
"1163","Texas A&M",2017,"SEC",105,104.4,0.6,180,65,114,5.1
"1164","Ohio State",2017,"Big Ten",105.4,104.8,0.6,145,113,114,4.5
"1165","Montana",2017,"Big Sky",106,105.4,0.6,79,183,114,0.1
"1166","Jacksonville State",2017,"OVC",105.8,105.2,0.6,94,158,114,1.3
"1167","Samford",2017,"SoCon",106.2,105.6,0.6,63,210,114,1.5
"1168","Grand Canyon",2017,"WAC",104.4,103.8,0.6,253,31,114,3
"1169","Kent State",2017,"MAC",105.6,105.1,0.5,122,143,125,1.7
"1170","Richmond",2017,"A-10",105.7,105.2,0.5,107,158,125,2.4
"1171","Lamar",2017,"Southland",105.6,105.1,0.5,122,143,125,-1.4
"1172","Memphis",2017,"American",105.1,104.6,0.5,170,87,125,2.8
"1173","Davidson",2017,"A-10",105.4,104.9,0.5,145,124,125,3.2
"1174","Wyoming",2017,"Mountain West",104.9,104.4,0.5,195,65,125,1.9
"1175","William & Mary",2017,"CAA",106.6,106.2,0.4,40,284,131,1.8
"1176","Wofford",2017,"SoCon",106.5,106.1,0.4,47,269,131,0.8
"1177","Murray State",2017,"OVC",105.9,105.5,0.4,85,194,131,0.4
"1178","Siena",2017,"MAAC",105.7,105.3,0.4,107,172,131,1.5
"1179","UNC Greensboro",2017,"SoCon",105.7,105.3,0.4,107,172,131,2.3
"1180","Wright State",2017,"Horizon",105.6,105.1,0.4,122,143,131,1.5
"1181","Yale",2017,"Ivy",105.5,105.1,0.4,133,143,131,2.1
"1182","Idaho",2017,"Big Sky",105.5,105.1,0.4,133,143,131,-0.9
"1183","Georgia",2017,"SEC",104.2,103.9,0.4,271,36,131,4.2
"1184","Ball State",2017,"MAC",105.5,105.2,0.3,133,158,140,0.3
"1185","UAB",2017,"CUSA",105.5,105.2,0.3,133,158,140,-1.1
"1186","SE Louisiana",2017,"Southland",104.5,104.2,0.3,237,55,140,-1.2
"1187","Missouri State",2017,"MVC",105.9,105.6,0.3,85,210,140,1.8
"1188","Purdue Fort Wayne",2017,"Summit",106.2,105.9,0.3,63,248,140,2.8
"1189","Tennessee",2017,"SEC",104.4,104.1,0.3,253,46,140,4.5
"1190","Denver",2017,"Summit",106,105.7,0.3,79,221,140,0.1
"1191","Canisius",2017,"MAAC",106.2,106,0.3,63,257,140,1
"1192","Pennsylvania",2017,"Ivy",105,104.7,0.2,180,100,148,0.9
"1193","North Dakota State",2017,"Summit",105.5,105.3,0.2,133,172,148,1.5
"1194","George Mason",2017,"A-10",105.4,105.2,0.2,145,158,148,1.6
"1195","Liberty",2017,"Big South",104.7,104.5,0.2,219,74,148,0.1
"1196","UConn",2017,"American",105,104.8,0.2,180,113,148,0.9
"1197","Elon",2017,"CAA",105.1,104.9,0.2,170,124,148,1.7
"1198","Northeastern",2017,"CAA",105.7,105.5,0.2,107,194,148,1.7
"1199","Auburn",2017,"SEC",105,104.9,0.2,180,124,148,2.9
"1200","UMBC",2017,"Am. East",106.3,106,0.2,57,257,148,0.7
"1201","Boston University",2017,"Patriot",104.8,104.8,0.1,208,113,157,0.4
"1202","Iowa",2017,"Big Ten",105.8,105.7,0.1,94,221,157,4.2
"1203","Mississippi State",2017,"SEC",104,104,0.1,294,40,157,2.4
"1204","Green Bay",2017,"Horizon",105,104.9,0.1,180,124,157,0.7
"1205","Mercer",2017,"SoCon",105.9,105.8,0.1,85,232,157,0.6
"1206","New Mexico",2017,"Mountain West",105.3,105.2,0.1,152,158,157,1.1
"1207","Marshall",2017,"CUSA",106.2,106.1,0.1,63,269,157,0.8
"1208","Western Michigan",2017,"MAC",105.8,105.8,0,94,232,164,0.2
"1209","Montana State",2017,"Big Sky",105.7,105.7,0,107,221,164,-2.1
"1210","Utah State",2017,"Mountain West",105.5,105.5,0,133,194,164,1
"1211","Fairfield",2017,"MAAC",104.5,104.5,0,237,74,164,-0.8
"1212","Navy",2017,"Patriot",104.6,104.7,0,226,100,164,-1.1
"1213","Wagner",2017,"NEC",105,105.1,0,180,143,164,-0.2
"1214","Santa Clara",2017,"WCC",104.9,104.9,0,195,124,164,0
"1215","UC Davis",2017,"Big West",104.2,104.2,0,271,55,164,-0.5
"1216","Rider",2017,"MAAC",104.9,104.9,0,195,124,164,-1.2
"1217","Portland State",2017,"Big Sky",105.9,105.9,0,85,248,164,-1.8
"1218","Evansville",2017,"MVC",105,105.1,-0.1,180,143,174,-0.2
"1219","Illinois",2017,"Big Ten",104.9,105.1,-0.1,195,143,174,3.4
"1220","Eastern Michigan",2017,"MAC",105.7,105.7,-0.1,107,221,174,1.3
"1221","Georgetown",2017,"Big East",105.2,105.3,-0.1,161,172,174,2.7
"1222","IU Indianapolis",2017,"Summit",106.1,106.1,-0.1,74,269,174,-1.9
"1223","Hofstra",2017,"CAA",106.5,106.6,-0.1,47,318,174,-0.5
"1224","Eastern Illinois",2017,"OVC",105,105.1,-0.1,180,143,174,-1.8
"1225","George Washington",2017,"A-10",105.4,105.4,-0.1,145,183,174,0.3
"1226","New Hampshire",2017,"Am. East",104.8,105,-0.2,208,138,182,1.5
"1227","Alcorn State",2017,"SWAC",104.5,104.7,-0.2,237,100,182,-1.5
"1228","Long Island University",2017,"NEC",104.9,105.1,-0.2,195,143,182,-1.4
"1229","Omaha",2017,"Summit",106.2,106.4,-0.2,63,302,182,0.5
"1230","UT Martin",2017,"OVC",105.7,105.8,-0.2,107,232,182,-1.5
"1231","Temple",2017,"American",105.2,105.4,-0.2,161,183,182,0.4
"1232","Stephen F. Austin",2017,"Southland",104.2,104.5,-0.3,271,74,188,-2.5
"1233","Northern Illinois",2017,"MAC",104.3,104.6,-0.3,263,87,188,-1.8
"1234","South Dakota State",2017,"Summit",106.3,106.6,-0.3,57,318,188,0.2
"1235","Georgia Southern",2017,"Sun Belt",105.5,105.8,-0.3,133,232,188,-0.7
"1236","Jacksonville",2017,"ASUN",105.7,105.9,-0.3,107,248,188,-4.4
"1237","St. Francis (PA)",2017,"NEC",105.2,105.5,-0.3,161,194,188,-1.3
"1238","Massachusetts",2017,"A-10",103.8,104.1,-0.3,307,46,188,-0.3
"1239","Mount St. Mary's",2017,"NEC",104.4,104.7,-0.3,253,100,188,0.4
"1240","Houston Christian",2017,"Southland",105.7,106,-0.3,107,257,188,-2.2
"1241","Loyola Maryland",2017,"Patriot",104.4,104.8,-0.4,253,113,197,-2.2
"1242","Sam Houston",2017,"Southland",104.2,104.6,-0.4,271,87,197,-2.2
"1243","La Salle",2017,"A-10",105.9,106.3,-0.4,85,296,197,0.4
"1244","Oklahoma",2017,"Big 12",104.2,104.7,-0.4,271,100,197,1.5
"1245","Georgia Tech",2017,"ACC",103.1,103.5,-0.4,336,15,197,2.8
"1246","Penn State",2017,"Big Ten",104.1,104.6,-0.4,290,87,197,1.5
"1247","Southeast Missouri State",2017,"OVC",105.4,105.8,-0.4,145,232,197,-4
"1248","Morehead State",2017,"OVC",105.8,106.2,-0.4,94,284,197,-1.2
"1249","Cal State Fullerton",2017,"Big West",104.5,104.9,-0.4,237,124,197,-4.1
"1250","Loyola Marymount",2017,"WCC",105,105.5,-0.5,180,194,206,-2.4
"1251","St. John's",2017,"Big East",105.3,105.8,-0.5,152,232,206,-1.3
"1252","High Point",2017,"Big South",104.9,105.4,-0.5,195,183,206,-3.4
"1253","Holy Cross",2017,"Patriot",104.2,104.7,-0.5,271,100,206,-1.2
"1254","Kennesaw State",2017,"ASUN",105.5,106.1,-0.6,133,269,210,-3.4
"1255","Stanford",2017,"Pac-12",104.4,105,-0.6,253,138,210,0.2
"1256","Stony Brook",2017,"Am. East",104.7,105.3,-0.6,219,172,210,-0.7
"1257","Southern Illinois",2017,"MVC",104.5,105.2,-0.7,237,158,213,-0.7
"1258","UTEP",2017,"CUSA",104.2,104.9,-0.7,271,124,213,-1.7
"1259","Pittsburgh",2017,"ACC",105.7,106.4,-0.7,107,302,213,2.8
"1260","Army",2017,"Patriot",104.9,105.6,-0.7,195,210,213,-2.5
"1261","Little Rock",2017,"Sun Belt",104.3,105,-0.7,263,138,213,-3.7
"1262","Rutgers",2017,"Big Ten",103.8,104.5,-0.7,307,74,213,-1.8
"1263","Long Beach State",2017,"Big West",105,105.8,-0.8,180,232,219,-2.9
"1264","Northern Colorado",2017,"Big Sky",104.5,105.2,-0.8,237,158,219,-4.6
"1265","Western Kentucky",2017,"CUSA",105,105.8,-0.8,180,232,219,-4.3
"1266","UTSA",2017,"CUSA",103.9,104.7,-0.8,300,100,219,-4
"1267","UIC",2017,"Horizon",104.5,105.4,-0.8,237,183,219,-3
"1268","Sacramento State",2017,"Big Sky",105.3,106.1,-0.8,152,269,219,-6.6
"1269","Saint Joseph's",2017,"A-10",104.2,105.1,-0.9,271,143,225,-2
"1270","Columbia",2017,"Ivy",104.7,105.6,-0.9,219,210,225,-3.3
"1271","Fairleigh Dickinson",2017,"NEC",105.3,106.3,-0.9,152,296,225,-2.6
"1272","Niagara",2017,"MAAC",104.9,105.8,-0.9,195,232,225,-4.7
"1273","Tulsa",2017,"American",104.4,105.3,-0.9,253,172,225,-2.1
"1274","Abilene Christian",2017,"Southland",104.5,105.4,-0.9,237,183,225,-5.9
"1275","Tennessee Tech",2017,"OVC",104.7,105.6,-0.9,219,210,225,-3.9
"1276","Central Michigan",2017,"MAC",106.1,107.1,-1,74,337,232,-3.6
"1277","Kansas City",2017,"WAC",104.8,105.8,-1,208,232,232,-1.8
"1278","Campbell",2017,"Big South",105,106,-1,180,257,232,-3.5
"1279","Nebraska",2017,"Big Ten",104.5,105.5,-1,237,194,232,0.4
"1280","Coastal Carolina",2017,"Sun Belt",104.5,105.5,-1,237,194,232,-3.3
"1281","Brown",2017,"Ivy",105.1,106,-1,170,257,232,-6.1
"1282","James Madison",2017,"CAA",104.2,105.3,-1,271,172,232,-3.7
"1283","Florida International",2017,"CUSA",105.1,106.2,-1.1,170,284,239,-5.9
"1284","Jackson State",2017,"SWAC",104.6,105.7,-1.1,226,221,239,-5.2
"1285","Bryant",2017,"NEC",105,106.1,-1.1,180,269,239,-3.7
"1286","Southern",2017,"SWAC",104.9,106.1,-1.1,195,269,239,-4.4
"1287","UMass Lowell",2017,"Am. East",105.8,107,-1.1,94,332,239,-5.2
"1288","Cal State Northridge",2017,"Big West",105.3,106.4,-1.1,152,302,239,-5.3
"1289","Indiana State",2017,"MVC",103.7,104.8,-1.1,319,113,239,-3
"1290","NJIT",2017,"ASUN",104.9,106,-1.1,195,257,239,-5.8
"1291","Colgate",2017,"Patriot",104.2,105.4,-1.1,271,183,239,-4.7
"1292","Sacred Heart",2017,"NEC",104.2,105.3,-1.1,271,172,239,-5.2
"1293","East Carolina",2017,"American",103.1,104.2,-1.1,336,55,239,-2.5
"1294","Fordham",2017,"A-10",103.5,104.6,-1.1,324,87,239,-3
"1295","Seattle U",2017,"WAC",103.9,104.9,-1.1,300,124,239,-5
"1296","South Alabama",2017,"Sun Belt",103.9,105.1,-1.1,300,143,239,-5.1
"1297","Northwestern State",2017,"Southland",105.1,106.2,-1.1,170,284,239,-6.7
"1298","Cal Poly",2017,"Big West",105.1,106.2,-1.1,170,284,239,-6.6
"1299","Texas",2017,"Big 12",103.6,104.8,-1.2,322,113,255,0
"1300","Drexel",2017,"CAA",105.2,106.4,-1.2,161,302,255,-5.1
"1301","NC State",2017,"ACC",105.6,106.8,-1.2,122,326,255,0.6
"1302","Charlotte",2017,"CUSA",104.7,105.8,-1.2,219,232,255,-4.8
"1303","San José State",2017,"Mountain West",104.3,105.5,-1.2,263,194,255,-4.6
"1304","Bowling Green",2017,"MAC",104.4,105.6,-1.2,253,210,255,-4.5
"1305","Cleveland State",2017,"Horizon",103.8,104.9,-1.2,307,124,255,-3.7
"1306","Northern Iowa",2017,"MVC",103.2,104.5,-1.2,332,74,255,-1.7
"1307","Arizona State",2017,"Pac-12",105.8,107,-1.2,94,332,255,-1.4
"1308","Missouri",2017,"SEC",102.8,104.1,-1.3,340,46,264,-3
"1309","Maryland Eastern Shore",2017,"MEAC",104.9,106.1,-1.3,195,269,264,-6.2
"1310","Maine",2017,"Am. East",104.3,105.6,-1.3,263,210,264,-12.4
"1311","Washington",2017,"Pac-12",105.3,106.6,-1.3,152,318,264,-3.4
"1312","Hawai'i",2017,"Big West",103.8,105.1,-1.3,307,143,264,-3.7
"1313","Incarnate Word",2017,"Southland",105,106.4,-1.4,180,302,269,-7.7
"1314","Charleston Southern",2017,"Big South",105.1,106.5,-1.4,170,312,269,-6.1
"1315","Air Force",2017,"Mountain West",104.9,106.4,-1.4,195,302,269,-4.6
"1316","Dartmouth",2017,"Ivy",104.5,105.9,-1.4,237,248,269,-8
"1317","Duquesne",2017,"A-10",104.2,105.6,-1.4,271,210,269,-3.9
"1318","Norfolk State",2017,"MEAC",104,105.5,-1.4,294,194,269,-4.6
"1319","Hampton",2017,"MEAC",103.9,105.3,-1.4,300,172,269,-6.1
"1320","Morgan State",2017,"MEAC",103.8,105.2,-1.4,307,158,269,-7.3
"1321","Robert Morris",2017,"NEC",102.7,104.1,-1.4,344,46,269,-3.3
"1322","Milwaukee",2017,"Horizon",104.6,106,-1.5,226,257,278,-4.5
"1323","UL Monroe",2017,"Sun Belt",104.2,105.7,-1.5,271,221,278,-6.4
"1324","North Florida",2017,"ASUN",104.6,106.1,-1.5,226,269,278,-4.5
"1325","Florida Atlantic",2017,"CUSA",104.2,105.8,-1.5,271,232,278,-6
"1326","Prairie View A&M",2017,"SWAC",104.6,106.1,-1.5,226,269,278,-4.7
"1327","Oral Roberts",2017,"Summit",104.6,106.3,-1.6,226,296,283,-4.9
"1328","Cornell",2017,"Ivy",104.4,106,-1.6,253,257,283,-5.7
"1329","Radford",2017,"Big South",103.8,105.5,-1.6,307,194,283,-5.1
"1330","Florida A&M",2017,"MEAC",104.6,106.2,-1.6,226,284,283,-12.2
"1331","Bradley",2017,"MVC",103,104.7,-1.7,338,100,287,-4.3
"1332","Youngstown State",2017,"Horizon",104.8,106.5,-1.7,208,312,287,-7
"1333","Eastern Kentucky",2017,"OVC",104.2,105.9,-1.7,271,248,287,-5.6
"1334","Miami (OH)",2017,"MAC",103.7,105.4,-1.7,319,183,287,-6.9
"1335","Austin Peay",2017,"OVC",105.9,107.7,-1.8,85,345,291,-7.2
"1336","UT Rio Grande Valley",2017,"WAC",104.6,106.4,-1.8,226,302,291,-6.5
"1337","American University",2017,"Patriot",103.6,105.5,-1.9,322,194,293,-6.7
"1338","App State",2017,"Sun Belt",104.3,106.2,-1.9,263,284,293,-7.7
"1339","Grambling",2017,"SWAC",104.2,106.1,-1.9,271,269,293,-6.3
"1340","South Carolina State",2017,"MEAC",104.6,106.5,-1.9,226,312,293,-10.1
"1341","Binghamton",2017,"Am. East",104,106,-2,294,257,297,-7.1
"1342","Delaware State",2017,"MEAC",104.3,106.3,-2,263,296,297,-10.8
"1343","SIU Edwardsville",2017,"OVC",103.8,105.9,-2,307,248,297,-9.3
"1344","Boston College",2017,"ACC",104.4,106.3,-2,253,296,297,-3.8
"1345","Alabama State",2017,"SWAC",103.8,105.8,-2,307,232,297,-9.5
"1346","Pacific",2017,"WCC",103.8,105.9,-2,307,248,297,-6.1
"1347","Bethune-Cookman",2017,"MEAC",104.2,106.2,-2,271,284,297,-11.3
"1348","UC Riverside",2017,"Big West",103.2,105.2,-2,332,158,297,-7.3
"1349","Nicholls",2017,"Southland",104.8,106.9,-2.1,208,328,305,-8.2
"1350","Washington State",2017,"Pac-12",104.5,106.5,-2.1,237,312,305,-5.8
"1351","Western Illinois",2017,"Summit",104.1,106.2,-2.1,290,284,305,-8.6
"1352","Drake",2017,"MVC",104.5,106.6,-2.1,237,318,305,-6.1
"1353","Manhattan",2017,"MAAC",103.8,105.9,-2.1,307,248,305,-6.3
"1354","McNeese",2017,"Southland",103.9,106.1,-2.2,300,269,310,-9.4
"1355","Northern Arizona",2017,"Big Sky",103.8,106,-2.2,307,257,310,-9.1
"1356","San Diego",2017,"WCC",104,106.2,-2.2,294,284,310,-5.3
"1357","Quinnipiac",2017,"MAAC",104.6,106.7,-2.2,226,325,310,-6.8
"1358","UNLV",2017,"Mountain West",103.5,105.7,-2.2,324,221,310,-5.8
"1359","The Citadel",2017,"SoCon",105.2,107.4,-2.2,161,341,310,-8.1
"1360","Stetson",2017,"ASUN",104.7,107,-2.2,219,332,310,-10
"1361","DePaul",2017,"Big East",104.2,106.3,-2.2,271,296,310,-4.6
"1362","Detroit Mercy",2017,"Horizon",104.8,107.1,-2.3,208,337,318,-8.1
"1363","North Texas",2017,"CUSA",103.4,105.7,-2.3,327,221,318,-9.9
"1364","Howard",2017,"MEAC",103.4,105.8,-2.3,327,232,318,-10.3
"1365","LSU",2017,"SEC",104.6,106.9,-2.3,226,328,318,-3.8
"1366","Tulane",2017,"American",104.1,106.5,-2.4,290,312,322,-7.7
"1367","Mississippi Valley State",2017,"SWAC",104.2,106.6,-2.4,271,318,322,-11.1
"1368","Central Arkansas",2017,"Southland",105.1,107.5,-2.4,170,342,322,-8.1
"1369","Southern Utah",2017,"Big Sky",105.1,107.6,-2.5,170,343,325,-11.1
"1370","Marist",2017,"MAAC",104.4,107,-2.5,253,332,325,-8.4
"1371","Delaware",2017,"CAA",103.8,106.4,-2.5,307,302,325,-8.7
"1372","North Carolina A&T",2017,"MEAC",104.3,106.9,-2.6,263,328,328,-15.6
"1373","Portland",2017,"WCC",103.7,106.4,-2.7,319,302,329,-8
"1374","Arkansas-Pine Bluff",2017,"SWAC",102.8,105.5,-2.7,340,194,329,-12.5
"1375","Idaho State",2017,"Big Sky",104.1,106.9,-2.8,290,328,331,-11.3
"1376","Southern Miss",2017,"CUSA",102.9,105.8,-2.9,339,232,332,-10.1
"1377","Saint Louis",2017,"A-10",102.7,105.6,-2.9,344,210,332,-7.5
"1378","UC Santa Barbara",2017,"Big West",103.2,106.1,-2.9,332,269,332,-10.3
"1379","Lafayette",2017,"Patriot",103.4,106.4,-3,327,302,335,-10.7
"1380","South Florida",2017,"American",103.2,106.2,-3,332,284,335,-10.4
"1381","Coppin State",2017,"MEAC",103.4,106.5,-3,327,312,335,-13
"1382","Central Connecticut",2017,"NEC",103.5,106.6,-3.1,324,318,338,-11.3
"1383","Pepperdine",2017,"WCC",104.3,107.6,-3.2,263,343,339,-9.7
"1384","Oregon State",2017,"Pac-12",102.8,106.1,-3.2,340,269,339,-9.4
"1385","VMI",2017,"SoCon",104,107.3,-3.3,294,340,341,-10.9
"1386","Alabama A&M",2017,"SWAC",103.9,107.2,-3.3,300,339,341,-15.7
"1387","Longwood",2017,"Big South",103.4,106.8,-3.4,327,326,343,-14.5
"1388","Western Carolina",2017,"SoCon",102.3,106,-3.7,347,257,344,-10.5
"1389","Chicago State",2017,"WAC",102.6,106.6,-4,346,318,345,-13.4
"1390","Ole Miss",2017,"SEC",144.1,148.2,-4.1,2,347,346,3.6
"1391","Presbyterian",2017,"Big South",102.8,107,-4.2,340,332,347,-16.6
"1392","Old Dominion",2018,"CUSA",135.2,124.4,10.8,6,165,1,8.8
"1393","Villanova",2018,"Big East",126.4,120.1,6.2,107,12,2,18.8
"1394","UC Davis",2018,"Big West",131.8,126.4,5.4,18,236,3,3.6
"1395","Cincinnati",2018,"American",123.5,118.2,5.2,208,1,4,15.7
"1396","Gonzaga",2018,"WCC",124.4,119.2,5.2,170,4,4,15.4
"1397","Davidson",2018,"A-10",140.3,135.3,5,1,342,6,8.5
"1398","Saint Mary's",2018,"WCC",128.2,123.4,4.8,64,136,7,11.1
"1399","Duke",2018,"ACC",124.9,120.2,4.7,157,16,8,16.8
"1400","Boise State",2018,"Mountain West",129.4,124.7,4.7,38,180,8,8.6
"1401","Purdue",2018,"Big Ten",124.4,119.8,4.6,170,9,10,15.5
"1402","Northeastern",2018,"CAA",130.7,126.1,4.6,26,227,10,6.2
"1403","Belmont",2018,"OVC",128.9,124.4,4.5,50,165,12,6.5
"1404","Idaho",2018,"Big Sky",137.5,133.2,4.3,5,333,13,3.9
"1405","Virginia",2018,"ACC",122.7,118.3,4.3,246,2,13,15.9
"1406","Louisiana",2018,"Sun Belt",127.7,123.6,4.1,75,142,15,9.9
"1407","Michigan State",2018,"Big Ten",124.2,120.1,4.1,180,12,15,15.2
"1408","Western Kentucky",2018,"CUSA",134.4,130.4,4,8,316,17,8.9
"1409","Murray State",2018,"OVC",132.5,128.6,3.9,13,285,18,8.9
"1410","Houston",2018,"American",123.5,119.7,3.8,208,8,19,11.5
"1411","Michigan",2018,"Big Ten",122.9,119.3,3.6,234,5,20,11.8
"1412","Furman",2018,"SoCon",131.1,127.5,3.6,24,263,20,7.9
"1413","Stephen F. Austin",2018,"Southland",125.1,121.6,3.5,147,52,22,6.7
"1414","Nevada",2018,"Mountain West",123.7,120.3,3.4,197,19,23,11.4
"1415","Utah",2018,"Pac-12",128.7,125.3,3.4,55,200,23,5.9
"1416","Vermont",2018,"Am. East",126.4,123,3.4,107,118,23,8.8
"1417","East Tennessee State",2018,"SoCon",127.2,123.9,3.3,89,146,26,7
"1418","Middle Tennessee",2018,"CUSA",127.4,124,3.3,83,149,26,9.3
"1419","Loyola Chicago",2018,"MVC",122.6,119.3,3.3,254,5,26,9.7
"1420","West Virginia",2018,"Big 12",123.8,120.6,3.2,195,24,29,11.2
"1421","South Dakota State",2018,"Summit",128.1,125,3.2,65,190,29,8
"1422","Fresno State",2018,"Mountain West",131.8,128.7,3.1,18,290,31,5.3
"1423","Northern Colorado",2018,"Big Sky",129.3,126.2,3.1,40,231,31,4.8
"1424","Northern Kentucky",2018,"Horizon",126,122.9,3,119,111,33,8.7
"1425","Utah Valley",2018,"WAC",131.4,128.5,2.9,20,284,34,8.6
"1426","North Carolina",2018,"ACC",123.5,120.7,2.8,208,28,35,12.4
"1427","Wichita State",2018,"American",124.9,122.2,2.7,157,85,36,11.1
"1428","Charleston",2018,"CAA",128.5,125.9,2.7,59,225,36,4.2
"1429","Kansas",2018,"Big 12",123.7,121,2.7,197,35,36,11.6
"1430","UL Monroe",2018,"Sun Belt",138.7,136,2.7,4,343,36,-3.3
"1431","Butler",2018,"Big East",126.8,124.1,2.7,97,155,36,7.2
"1432","Weber State",2018,"Big Sky",139.8,137.1,2.7,3,345,36,2
"1433","Tennessee",2018,"SEC",122.5,119.8,2.7,258,9,36,12
"1434","Penn State",2018,"Big Ten",122.7,120.1,2.6,246,12,43,9.7
"1435","SE Louisiana",2018,"Southland",131.2,128.6,2.6,21,285,43,-0.4
"1436","UNC Greensboro",2018,"SoCon",122,119.4,2.6,282,7,43,7.9
"1437","NC State",2018,"ACC",129.8,127.3,2.5,31,259,46,7.4
"1438","Mississippi State",2018,"SEC",127.8,125.3,2.5,72,200,46,6.4
"1439","Auburn",2018,"SEC",123.4,120.9,2.5,216,33,46,12.1
"1440","Texas Tech",2018,"Big 12",122.5,119.9,2.5,258,11,46,10.4
"1441","Marshall",2018,"CUSA",127.2,124.7,2.5,89,180,46,2.8
"1442","Arizona",2018,"Pac-12",123.7,121.1,2.5,197,40,46,9.5
"1443","Xavier",2018,"Big East",124.5,121.9,2.5,166,69,46,10.9
"1444","Montana",2018,"Big Sky",129.3,126.9,2.4,40,248,53,8.3
"1445","Ohio State",2018,"Big Ten",123.2,120.8,2.4,223,31,53,11.4
"1446","Bucknell",2018,"Patriot",125.3,122.9,2.4,142,111,53,8.6
"1447","USC",2018,"Pac-12",126.8,124.5,2.3,97,171,56,7.7
"1448","South Dakota",2018,"Summit",122.4,120.1,2.3,262,12,56,8.7
"1449","Clemson",2018,"ACC",122.9,120.6,2.3,234,24,56,12.4
"1450","Buffalo",2018,"MAC",123.4,121.2,2.2,216,43,59,8.8
"1451","Canisius",2018,"MAAC",127.5,125.3,2.2,79,200,59,4.2
"1452","New Mexico State",2018,"WAC",126.8,124.6,2.2,97,176,59,12.4
"1453","St. Bonaventure",2018,"A-10",122.7,120.5,2.2,246,21,59,6.7
"1454","Eastern Washington",2018,"Big Sky",130.6,128.4,2.1,28,282,63,2.7
"1455","TCU",2018,"Big 12",126.8,124.8,2,97,185,64,8.4
"1456","Miami",2018,"ACC",127.5,125.5,2,79,208,64,8.9
"1457","Florida State",2018,"ACC",122.9,120.9,2,234,33,64,9.5
"1458","Wright State",2018,"Horizon",125.1,123.1,2,147,124,64,4.5
"1459","Georgia State",2018,"Sun Belt",122.1,120.2,1.9,279,16,68,5.5
"1460","Missouri State",2018,"MVC",131.2,129.3,1.9,21,300,68,2.8
"1461","BYU",2018,"WCC",124.8,122.9,1.9,162,111,68,5.5
"1462","Rhode Island",2018,"A-10",122.4,120.6,1.8,262,24,71,8.7
"1463","Kentucky",2018,"SEC",128,126.2,1.8,68,231,71,10.3
"1464","North Carolina Central",2018,"MEAC",126.5,124.7,1.8,106,180,71,-3.9
"1465","Virginia Tech",2018,"ACC",123.6,121.8,1.8,205,64,71,7.8
"1466","Grand Canyon",2018,"WAC",120.6,118.9,1.8,339,3,71,7.7
"1467","UCLA",2018,"Pac-12",126.3,124.6,1.7,110,176,76,6
"1468","Florida",2018,"SEC",123.2,121.6,1.6,223,52,77,9.8
"1469","Arizona State",2018,"Pac-12",123,121.3,1.6,232,46,77,7.4
"1470","UAlbany",2018,"Am. East",125.7,124,1.6,129,149,77,3.6
"1471","Seton Hall",2018,"Big East",123.1,121.6,1.5,226,52,80,7.7
"1472","Winthrop",2018,"Big South",123,121.6,1.5,232,52,80,3.9
"1473","Oregon",2018,"Pac-12",122.6,121.1,1.5,254,40,80,4.9
"1474","UAB",2018,"CUSA",128.1,126.7,1.4,65,242,83,3.4
"1475","Pennsylvania",2018,"Ivy",121.7,120.4,1.4,302,20,83,4.2
"1476","SMU",2018,"American",122.7,121.3,1.4,246,46,83,4.5
"1477","Ball State",2018,"MAC",126.1,124.8,1.3,117,185,86,0.5
"1478","Missouri",2018,"SEC",122.3,121,1.3,268,35,86,7
"1479","Kansas State",2018,"Big 12",122,120.7,1.3,282,28,86,5.1
"1480","St. Francis (PA)",2018,"NEC",131.9,130.6,1.3,17,319,86,1.2
"1481","Tulsa",2018,"American",126.9,125.6,1.3,94,212,86,2.8
"1482","Louisville",2018,"ACC",121.8,120.6,1.2,294,24,91,7.4
"1483","Arkansas",2018,"SEC",123.1,122,1.1,226,73,92,7.7
"1484","Baylor",2018,"Big 12",122.7,121.7,1.1,246,60,92,6.7
"1485","Nebraska",2018,"Big Ten",122.1,121,1.1,279,35,92,5.3
"1486","Florida Gulf Coast",2018,"ASUN",127.3,126.1,1.1,85,227,92,5.7
"1487","Notre Dame",2018,"ACC",123.1,122,1.1,226,73,92,7.4
"1488","LSU",2018,"SEC",123.1,122.1,1.1,226,78,92,5.5
"1489","Radford",2018,"Big South",125.2,124.2,1,144,158,98,1.7
"1490","Wagner",2018,"NEC",122.9,122,1,234,73,98,3.6
"1491","Creighton",2018,"Big East",123.3,122.2,1,222,85,98,7.3
"1492","Rider",2018,"MAAC",123.4,122.3,1,216,92,98,4.6
"1493","Towson",2018,"CAA",122.4,121.4,1,262,50,98,2.8
"1494","Mercer",2018,"SoCon",123.5,122.4,1,208,97,98,2.2
"1495","Wofford",2018,"SoCon",129.6,128.7,1,33,290,98,1.2
"1496","Lamar",2018,"Southland",122.2,121.2,1,272,43,98,0.5
"1497","Iona",2018,"MAAC",123.9,122.9,1,191,111,98,3.7
"1498","Georgia Southern",2018,"Sun Belt",121.7,120.8,1,302,31,98,2.4
"1499","Valparaiso",2018,"MVC",125.1,124,1,147,149,98,0.1
"1500","Seattle U",2018,"WAC",126.3,125.4,0.9,110,205,109,-0.2
"1501","Lipscomb",2018,"ASUN",126.1,125.2,0.9,117,194,109,2.5
"1502","Harvard",2018,"Ivy",121,120.2,0.8,332,16,111,2.6
"1503","Texas",2018,"Big 12",121.3,120.5,0.8,319,21,111,5.3
"1504","Purdue Fort Wayne",2018,"Summit",129,128.3,0.8,47,277,111,1
"1505","Jacksonville State",2018,"OVC",129.2,128.3,0.8,45,277,111,3.8
"1506","UIC",2018,"Horizon",124.7,124,0.7,163,149,115,0.6
"1507","Eastern Michigan",2018,"MAC",121.4,120.7,0.7,312,28,115,2.1
"1508","Hofstra",2018,"CAA",127.9,127.2,0.7,71,255,115,1.9
"1509","Nicholls",2018,"Southland",125.1,124.4,0.7,147,165,115,1.8
"1510","Oklahoma State",2018,"Big 12",122.8,122.2,0.6,241,85,119,4
"1511","Marquette",2018,"Big East",123.7,123.1,0.6,197,124,119,4.4
"1512","New Orleans",2018,"Southland",129.6,129,0.6,33,296,119,-3
"1513","UC Irvine",2018,"Big West",122.4,121.8,0.6,262,64,119,2
"1514","Central Michigan",2018,"MAC",124,123.5,0.6,187,140,119,1
"1515","Liberty",2018,"Big South",121.8,121.2,0.6,294,43,119,1.9
"1516","Columbia",2018,"Ivy",128.7,128.1,0.6,55,276,119,-2.4
"1517","Oklahoma",2018,"Big 12",122.8,122.3,0.5,241,92,126,5
"1518","New Mexico",2018,"Mountain West",122.5,122.1,0.5,258,78,126,2.4
"1519","Maryland",2018,"Big Ten",127.7,127.2,0.5,75,255,126,7
"1520","Oakland",2018,"Horizon",122.6,122.1,0.5,254,78,126,2.9
"1521","North Texas",2018,"CUSA",126.4,125.8,0.5,107,219,126,1.6
"1522","Norfolk State",2018,"MEAC",128.9,128.4,0.5,50,282,126,-5.2
"1523","Syracuse",2018,"ACC",125.7,125.2,0.5,129,194,126,6.7
"1524","Colgate",2018,"Patriot",125.6,125.2,0.4,132,194,133,-0.2
"1525","UNLV",2018,"Mountain West",129.6,129.2,0.4,33,299,133,4.5
"1526","Toledo",2018,"MAC",126.9,126.4,0.4,94,236,133,4.1
"1527","VCU",2018,"A-10",126.6,126.2,0.4,104,231,133,1.7
"1528","Wyoming",2018,"Mountain West",125.2,124.8,0.4,144,185,133,2
"1529","Indiana",2018,"Big Ten",122.5,122.2,0.4,258,85,133,3.7
"1530","Northwestern",2018,"Big Ten",122.2,121.8,0.4,272,64,133,3.9
"1531","Georgia",2018,"SEC",122,121.6,0.4,282,52,133,3.9
"1532","Texas A&M",2018,"SEC",121.7,121.3,0.4,302,46,133,6.9
"1533","UNC Asheville",2018,"Big South",123.4,123.1,0.3,216,124,142,0.4
"1534","Southern Illinois",2018,"MVC",124.9,124.6,0.3,157,176,142,1
"1535","UMBC",2018,"Am. East",122,121.9,0.2,282,69,144,2.3
"1536","Saint Joseph's",2018,"A-10",124.1,123.9,0.2,184,146,144,3
"1537","Cal State Fullerton",2018,"Big West",124.4,124.2,0.2,170,158,144,0.8
"1538","Wisconsin",2018,"Big Ten",121.9,121.8,0.2,291,64,144,3.3
"1539","Idaho State",2018,"Big Sky",131.2,131,0.2,21,321,144,-2.6
"1540","Alabama",2018,"SEC",125.8,125.6,0.2,127,212,144,4.6
"1541","Lafayette",2018,"Patriot",134.4,134.3,0.1,8,337,150,-3.6
"1542","Ohio",2018,"MAC",125.1,125,0.1,147,190,150,-1.6
"1543","Saint Louis",2018,"A-10",124.9,124.8,0.1,157,185,150,0.3
"1544","Milwaukee",2018,"Horizon",124.2,124.1,0.1,180,155,150,-1
"1545","Pacific",2018,"WCC",128.5,128.3,0.1,59,277,150,-1.5
"1546","Central Connecticut",2018,"NEC",128.4,128.3,0.1,62,277,150,-5.8
"1547","Stanford",2018,"Pac-12",121.1,121,0.1,328,35,150,2.5
"1548","South Carolina",2018,"SEC",121.2,121.1,0.1,324,40,150,3.4
"1549","North Dakota State",2018,"Summit",127.8,127.7,0.1,72,269,150,-0.2
"1550","Denver",2018,"Summit",127.6,127.6,0.1,77,265,150,-4.7
"1551","Saint Peter's",2018,"MAAC",121.4,121.3,0.1,312,46,150,-1.8
"1552","Louisiana Tech",2018,"CUSA",127.5,127.4,0.1,79,262,150,0.1
"1553","Iowa",2018,"Big Ten",123.5,123.4,0.1,208,136,150,3.6
"1554","Grambling",2018,"SWAC",122.9,122.9,0,234,111,163,-3.2
"1555","Boston College",2018,"ACC",122.4,122.5,0,262,100,163,3.6
"1556","Southeast Missouri State",2018,"OVC",128.8,128.8,0,52,292,163,-4.2
"1557","Northern Iowa",2018,"MVC",121,121,0,332,35,163,2
"1558","Texas Southern",2018,"SWAC",122.7,122.7,0,246,106,163,0.8
"1559","Yale",2018,"Ivy",121.9,121.9,0,291,69,163,-1
"1560","San Francisco",2018,"WCC",123.2,123.2,0,223,132,163,-0.3
"1561","Rutgers",2018,"Big Ten",125.5,125.5,0,133,208,163,-1.6
"1562","South Alabama",2018,"Sun Belt",124,124.1,0,187,155,163,-4.3
"1563","Long Island University",2018,"NEC",122.9,123,-0.1,234,118,172,-3.4
"1564","High Point",2018,"Big South",122.2,122.2,-0.1,272,85,172,-1.6
"1565","Georgetown",2018,"Big East",121.8,121.9,-0.1,294,69,172,0.2
"1566","Utah State",2018,"Mountain West",121.5,121.6,-0.1,307,52,172,0.3
"1567","Troy",2018,"Sun Belt",125.4,125.4,-0.1,137,205,172,0.1
"1568","Illinois",2018,"Big Ten",122.2,122.4,-0.2,272,97,177,2.4
"1569","Prairie View A&M",2018,"SWAC",122,122.2,-0.2,282,85,177,-1.6
"1570","Duquesne",2018,"A-10",121.4,121.6,-0.2,312,52,177,-1.9
"1571","Drake",2018,"MVC",121.5,121.7,-0.2,307,60,177,-0.7
"1572","Hampton",2018,"MEAC",121.8,122.1,-0.2,294,78,177,-2
"1573","Navy",2018,"Patriot",129.8,129.9,-0.2,31,309,177,-1.6
"1574","Colorado",2018,"Pac-12",125.9,126.1,-0.2,124,227,177,-0.6
"1575","Mount St. Mary's",2018,"NEC",125.1,125.3,-0.2,147,200,177,-1.4
"1576","Evansville",2018,"MVC",120.2,120.5,-0.3,343,21,185,0.6
"1577","Campbell",2018,"Big South",125.4,125.7,-0.3,137,217,185,-1.2
"1578","Temple",2018,"American",121.8,122.1,-0.3,294,78,185,2
"1579","App State",2018,"Sun Belt",124.3,124.6,-0.3,176,176,185,-2.8
"1580","Niagara",2018,"MAAC",127.5,127.8,-0.3,79,273,185,-1.4
"1581","Monmouth",2018,"MAAC",124.1,124.4,-0.3,184,165,185,0.4
"1582","Oregon State",2018,"Pac-12",128,128.3,-0.3,68,277,185,2.4
"1583","St. John's",2018,"Big East",121.2,121.5,-0.3,324,51,185,1.9
"1584","UCF",2018,"American",123.9,124.2,-0.3,191,158,185,1.5
"1585","Bethune-Cookman",2018,"MEAC",121.5,121.8,-0.3,307,64,185,-3.6
"1586","Robert Morris",2018,"NEC",123.9,124.2,-0.4,191,158,195,-1.6
"1587","Charleston Southern",2018,"Big South",121.8,122.1,-0.4,294,78,195,-2.5
"1588","San Diego",2018,"WCC",124.4,124.7,-0.4,170,180,195,2.4
"1589","Sam Houston",2018,"Southland",129,129.4,-0.4,47,301,195,-1.1
"1590","Manhattan",2018,"MAAC",121.3,121.6,-0.4,319,52,195,-1.7
"1591","Stony Brook",2018,"Am. East",121.3,121.7,-0.4,319,60,195,-2.3
"1592","Indiana State",2018,"MVC",124,124.4,-0.4,187,165,195,-0.4
"1593","Hawai'i",2018,"Big West",127.2,127.6,-0.4,89,265,195,-0.9
"1594","Dayton",2018,"A-10",126.3,126.8,-0.4,110,245,195,-0.3
"1595","Western Michigan",2018,"MAC",125.4,125.8,-0.4,137,219,195,-0.5
"1596","North Carolina A&T",2018,"MEAC",126.3,126.9,-0.5,110,248,205,-4.1
"1597","Fairfield",2018,"MAAC",125,125.5,-0.5,153,208,205,-1
"1598","Kent State",2018,"MAC",124,124.5,-0.5,187,171,205,-2.3
"1599","Portland State",2018,"Big Sky",131,131.5,-0.5,25,324,205,1.1
"1600","La Salle",2018,"A-10",126,126.5,-0.5,119,239,205,0.4
"1601","San Diego State",2018,"Mountain West",132.1,132.5,-0.5,14,329,205,8.3
"1602","Fairleigh Dickinson",2018,"NEC",122,122.5,-0.5,282,100,205,-4.3
"1603","Austin Peay",2018,"OVC",123.4,123.9,-0.5,216,146,205,-0.2
"1604","Delaware",2018,"CAA",124.3,125,-0.6,176,190,213,-4.5
"1605","Air Force",2018,"Mountain West",140.3,140.9,-0.6,1,348,213,-6.2
"1606","Little Rock",2018,"Sun Belt",127,127.6,-0.6,93,265,213,-6.9
"1607","Massachusetts",2018,"A-10",127.2,127.9,-0.6,89,274,213,-3.4
"1608","Illinois State",2018,"MVC",121.4,122,-0.6,312,73,213,-0.6
"1609","Memphis",2018,"American",122.1,122.7,-0.6,279,106,213,0
"1610","Army",2018,"Patriot",121.8,122.5,-0.7,294,100,219,-2.1
"1611","NJIT",2018,"ASUN",129.6,130.3,-0.7,33,314,219,-2.9
"1612","Miami (OH)",2018,"MAC",124.5,125.2,-0.7,166,194,219,-2
"1613","Vanderbilt",2018,"SEC",122.7,123.4,-0.7,246,136,219,1.7
"1614","DePaul",2018,"Big East",121.7,122.4,-0.7,302,97,219,-1.3
"1615","George Mason",2018,"A-10",128.8,129.6,-0.7,52,305,219,-3.9
"1616","Tulane",2018,"American",122,122.8,-0.7,282,109,219,-1.2
"1617","Lehigh",2018,"Patriot",129.6,130.5,-0.8,33,318,226,-1.3
"1618","Eastern Kentucky",2018,"OVC",124.4,125.2,-0.8,170,194,226,-6.8
"1619","Tennessee Tech",2018,"OVC",122.6,123.5,-0.8,254,140,226,-3.4
"1620","New Hampshire",2018,"Am. East",122.4,123.3,-0.9,262,134,229,-4.9
"1621","Morgan State",2018,"MEAC",122,122.9,-0.9,282,111,229,-4.8
"1622","Bowling Green",2018,"MAC",121.4,122.3,-0.9,312,92,229,-4.3
"1623","Holy Cross",2018,"Patriot",123.6,124.5,-0.9,205,171,229,-4.3
"1624","Eastern Illinois",2018,"OVC",126.6,127.5,-0.9,104,263,229,-5.5
"1625","Florida Atlantic",2018,"CUSA",126,126.9,-0.9,119,248,229,-5
"1626","George Washington",2018,"A-10",121.1,122,-0.9,328,73,229,-2.2
"1627","Princeton",2018,"Ivy",133.5,134.4,-0.9,11,338,229,-0.1
"1628","Coastal Carolina",2018,"Sun Belt",124.3,125.2,-0.9,176,194,229,-0.5
"1629","UTSA",2018,"CUSA",129.3,130.2,-0.9,40,312,229,-1.2
"1630","Providence",2018,"Big East",124.9,125.8,-0.9,157,219,229,1.9
"1631","Minnesota",2018,"Big Ten",122.2,123,-0.9,272,118,229,1
"1632","Cal State Bakersfield",2018,"WAC",122,122.9,-0.9,282,111,229,-1.9
"1633","North Dakota",2018,"Big Sky",121.3,122.3,-1,319,92,242,-5.6
"1634","Northern Illinois",2018,"MAC",125.3,126.3,-1,142,235,242,-4.6
"1635","James Madison",2018,"CAA",122.9,123.8,-1,234,145,242,-3.9
"1636","Quinnipiac",2018,"MAAC",125.2,126.1,-1,144,227,242,-5.6
"1637","Brown",2018,"Ivy",125.8,126.8,-1,127,245,242,-4.6
"1638","Central Arkansas",2018,"Southland",123.7,124.7,-1,197,180,242,-1.7
"1639","Florida International",2018,"CUSA",126.3,127.3,-1.1,110,259,248,-4.7
"1640","Gardner-Webb",2018,"Big South",121.1,122.2,-1.1,328,85,248,-4.7
"1641","Georgia Tech",2018,"ACC",120.6,121.7,-1.1,339,60,248,0.2
"1642","Binghamton",2018,"Am. East",123.4,124.5,-1.1,216,171,248,-5.8
"1643","Loyola Maryland",2018,"Patriot",125,126.2,-1.2,153,231,252,-7.5
"1644","Howard",2018,"MEAC",121.9,123.1,-1.2,291,124,252,-9.1
"1645","Southern",2018,"SWAC",121.1,122.3,-1.2,328,92,252,-5.3
"1646","Jackson State",2018,"SWAC",121.6,122.8,-1.3,306,109,255,-8
"1647","Oral Roberts",2018,"Summit",122.7,124,-1.3,246,149,255,-4.9
"1648","Long Beach State",2018,"Big West",121.3,122.6,-1.3,319,103,255,-2.3
"1649","Drexel",2018,"CAA",121.4,122.7,-1.3,312,106,255,-4.8
"1650","Dartmouth",2018,"Ivy",125.5,126.8,-1.3,133,245,255,-6.7
"1651","Southern Utah",2018,"Big Sky",125.5,126.9,-1.4,133,248,260,-6.1
"1652","Texas A&M-Corpus Christi",2018,"Southland",120.7,122.1,-1.4,337,78,260,-6.4
"1653","Texas State",2018,"Sun Belt",128.8,130.2,-1.4,52,312,260,-3.7
"1654","Iowa State",2018,"Big 12",124.4,125.8,-1.4,170,219,260,-2.1
"1655","Sacred Heart",2018,"NEC",123.5,124.9,-1.4,208,189,260,-6.5
"1656","Stetson",2018,"ASUN",122.3,123.6,-1.4,268,142,260,-7.5
"1657","Green Bay",2018,"Horizon",124.5,125.9,-1.4,166,225,260,-5
"1658","UMass Lowell",2018,"Am. East",127.3,128.8,-1.5,85,292,267,-5.7
"1659","Wake Forest",2018,"ACC",127.3,128.8,-1.5,85,292,267,2.3
"1660","Kennesaw State",2018,"ASUN",122.8,124.4,-1.5,241,165,267,-6.5
"1661","Cornell",2018,"Ivy",128.1,129.6,-1.5,65,305,267,-5.4
"1662","Tennessee State",2018,"OVC",128.3,129.8,-1.5,63,308,267,-0.1
"1663","Maine",2018,"Am. East",123.7,125.4,-1.6,197,205,272,-11.3
"1664","IU Indianapolis",2018,"Horizon",124.1,125.6,-1.6,184,212,272,-6
"1665","Richmond",2018,"A-10",125,126.6,-1.6,153,240,272,-3.1
"1666","UNC Wilmington",2018,"CAA",130.7,132.3,-1.6,26,328,272,-5.2
"1667","Santa Clara",2018,"WCC",128.7,130.4,-1.7,55,316,276,-7.6
"1668","Cal Poly",2018,"Big West",121.5,123.2,-1.7,307,132,276,-9.9
"1669","Bradley",2018,"MVC",132.1,133.8,-1.7,14,335,276,2.1
"1670","UConn",2018,"American",120.8,122.6,-1.7,335,103,276,-4
"1671","UC Riverside",2018,"Big West",126.9,128.6,-1.7,94,285,276,-6
"1672","Boston University",2018,"Patriot",127.6,129.4,-1.7,77,301,276,-3.1
"1673","Washington State",2018,"Pac-12",125.4,127.3,-1.8,137,259,282,-3.2
"1674","Washington",2018,"Pac-12",125.9,127.7,-1.8,124,269,282,4.3
"1675","Jacksonville",2018,"ASUN",122.8,124.5,-1.8,241,171,282,-7.8
"1676","Siena",2018,"MAAC",121.2,123,-1.8,324,118,282,-6.5
"1677","Akron",2018,"MAC",123.6,125.6,-1.9,205,212,286,-5.7
"1678","Houston Christian",2018,"Southland",126.7,128.6,-1.9,102,285,286,-11.5
"1679","Kansas City",2018,"WAC",123.7,125.6,-1.9,197,212,286,-7.2
"1680","Florida A&M",2018,"MEAC",122.3,124.2,-1.9,268,158,286,-11.3
"1681","North Florida",2018,"ASUN",128,130.1,-2,68,311,290,-6.5
"1682","Chattanooga",2018,"SoCon",123.8,125.8,-2,195,219,290,-7
"1683","Loyola Marymount",2018,"WCC",124.6,126.7,-2.1,165,242,292,-5.2
"1684","UT Martin",2018,"OVC",125.5,127.6,-2.1,133,265,292,-6
"1685","McNeese",2018,"Southland",125,127.2,-2.1,153,255,292,-5.9
"1686","Arkansas-Pine Bluff",2018,"SWAC",121,123.1,-2.1,332,124,292,-6.2
"1687","Southern Miss",2018,"CUSA",125.4,127.7,-2.2,137,269,296,-4.4
"1688","American University",2018,"Patriot",130.4,132.6,-2.3,29,330,297,-8.6
"1689","Ole Miss",2018,"SEC",126.7,129,-2.3,102,296,297,0.6
"1690","Alabama State",2018,"SWAC",123.5,125.7,-2.3,208,217,297,-9.1
"1691","Detroit Mercy",2018,"Horizon",123.1,125.5,-2.4,226,208,300,-9.5
"1692","Presbyterian",2018,"Big South",121.2,123.6,-2.4,324,142,300,-9.1
"1693","The Citadel",2018,"SoCon",124.5,126.9,-2.4,166,248,300,-9.7
"1694","Mississippi Valley State",2018,"SWAC",121.8,124.3,-2.5,294,163,303,-12.3
"1695","Pepperdine",2018,"WCC",124.2,126.7,-2.5,180,242,303,-7.9
"1696","Abilene Christian",2018,"Southland",124.2,126.9,-2.6,180,248,305,-4.3
"1697","SIU Edwardsville",2018,"OVC",126,128.6,-2.6,119,285,305,-8.5
"1698","Marist",2018,"MAAC",120.7,123.4,-2.7,337,136,307,-8.9
"1699","South Florida",2018,"American",120.3,123,-2.7,342,118,307,-8.2
"1700","Cal State Northridge",2018,"Big West",120.4,123.1,-2.7,341,124,307,-10.6
"1701","UC Santa Barbara",2018,"Big West",129.2,131.9,-2.7,45,326,307,4.7
"1702","Cleveland State",2018,"Horizon",123.9,126.6,-2.7,191,240,307,-7
"1703","Delaware State",2018,"MEAC",126,128.9,-2.8,119,295,312,-16.4
"1704","VMI",2018,"SoCon",122.2,125.1,-2.8,272,193,312,-10.9
"1705","Elon",2018,"CAA",129,131.9,-2.9,47,326,314,-4.1
"1706","Incarnate Word",2018,"Southland",121.4,124.3,-2.9,312,163,314,-12.5
"1707","Alcorn State",2018,"SWAC",122.8,125.8,-3,241,219,316,-9.2
"1708","California",2018,"Pac-12",119.6,122.6,-3,345,103,316,-8.4
"1709","UT Rio Grande Valley",2018,"WAC",127.3,130.3,-3,85,314,316,-4.6
"1710","South Carolina Upstate",2018,"ASUN",122.2,125.3,-3.1,272,200,319,-12
"1711","UT Arlington",2018,"Sun Belt",132,135.1,-3.1,16,340,319,3.5
"1712","William & Mary",2018,"CAA",133.7,136.8,-3.1,10,344,319,0.7
"1713","Charlotte",2018,"CUSA",125.9,129,-3.1,124,296,319,-11.8
"1714","Omaha",2018,"Summit",126.3,129.5,-3.2,110,303,323,-8.3
"1715","East Carolina",2018,"American",120.2,123.3,-3.2,343,134,323,-9.7
"1716","Arkansas State",2018,"Sun Belt",127.4,130.6,-3.2,83,319,323,-7.7
"1717","Samford",2018,"SoCon",128.5,131.6,-3.2,59,325,323,-7.7
"1718","Alabama A&M",2018,"SWAC",120.8,124,-3.2,335,149,323,-15.4
"1719","South Carolina State",2018,"MEAC",129.4,132.6,-3.2,38,330,323,-13
"1720","Youngstown State",2018,"Horizon",126.2,129.5,-3.3,116,303,329,-10.1
"1721","Pittsburgh",2018,"ACC",119.6,123,-3.4,345,118,330,-6.8
"1722","Western Illinois",2018,"Summit",124.7,128,-3.4,163,275,330,-8.4
"1723","Coppin State",2018,"MEAC",123.7,127.2,-3.5,197,255,332,-13.8
"1724","San José State",2018,"Mountain West",123.5,127,-3.5,208,254,332,-10.6
"1725","Morehead State",2018,"OVC",130.1,133.7,-3.6,30,334,334,-6.1
"1726","Longwood",2018,"Big South",119.5,123.1,-3.6,347,124,334,-13
"1727","Colorado State",2018,"Mountain West",125.7,129.6,-3.9,129,305,336,-6.1
"1728","Northwestern State",2018,"Southland",119.2,123.1,-3.9,348,124,336,-15.5
"1729","Sacramento State",2018,"Big Sky",134.7,138.6,-4,7,347,338,-7.4
"1730","Portland",2018,"WCC",128.7,133,-4.3,55,332,339,-8.2
"1731","Western Carolina",2018,"SoCon",126.8,131.2,-4.4,97,322,340,-8.6
"1732","Northern Arizona",2018,"Big Sky",121.5,126.4,-4.9,307,236,341,-12.1
"1733","Montana State",2018,"Big Sky",133.4,138.4,-5.1,12,346,342,-5.5
"1734","Rice",2018,"CUSA",129.3,134.7,-5.4,40,339,343,-8.6
"1735","Chicago State",2018,"WAC",122.3,127.7,-5.4,268,269,343,-16
"1736","Bryant",2018,"NEC",124.3,130,-5.6,176,310,345,-13
"1737","Maryland Eastern Shore",2018,"MEAC",129.3,135.2,-5.9,40,341,346,-16.5
"1738","Fordham",2018,"A-10",127.8,133.8,-6.1,72,335,347,-8.4
"1739","UTEP",2018,"CUSA",123.1,131.4,-8.3,226,323,348,-6.6
"1740","Gonzaga",2019,"WCC",120.6,93.2,27.4,3,4,1,21.2
"1741","Virginia",2019,"ACC",117.7,93.3,24.4,5,5,2,17.9
"1742","Duke",2019,"ACC",114.9,93,21.9,12,3,3,17.4
"1743","Michigan State",2019,"Big Ten",115.9,95.4,20.5,9,10,4,15.2
"1744","Texas Tech",2019,"Big 12",111,90.9,20.1,35,1,5,15.5
"1745","North Carolina",2019,"ACC",115.2,96.5,18.8,10,15,6,15.5
"1746","Kentucky",2019,"SEC",113.7,95.3,18.4,17,9,7,13.4
"1747","Houston",2019,"American",112.5,94.5,18,24,7,8,13.7
"1748","Michigan",2019,"Big Ten",109.8,92.1,17.7,50,2,9,13.3
"1749","Virginia Tech",2019,"ACC",114.8,97.7,17.1,13,22,10,12.5
"1750","Tennessee",2019,"SEC",117,100.1,16.9,7,47,11,13.5
"1751","Purdue",2019,"Big Ten",116.9,100.1,16.8,8,47,12,13.5
"1752","Buffalo",2019,"MAC",113.7,97.1,16.6,17,18,13,13.7
"1753","Auburn",2019,"SEC",115.1,99.2,15.9,11,36,14,12.5
"1754","Wofford",2019,"SoCon",118.1,102.8,15.3,4,118,15,13.2
"1755","Nevada",2019,"Mountain West",112.4,97.7,14.7,26,22,16,13.2
"1756","Iowa State",2019,"Big 12",114.3,99.9,14.4,14,45,17,9.9
"1757","Florida State",2019,"ACC",109.5,96,13.5,53,12,18,11.4
"1758","Cincinnati",2019,"American",112,99.3,12.7,28,37,19,8.4
"1759","Wisconsin",2019,"Big Ten",108.1,95.6,12.5,78,11,20,9.8
"1760","New Mexico State",2019,"WAC",114.3,101.9,12.4,14,99,21,13.3
"1761","Murray State",2019,"OVC",112.2,99.8,12.4,27,43,21,10.1
"1762","Louisville",2019,"ACC",110.1,97.8,12.2,43,24,23,9.3
"1763","Lipscomb",2019,"ASUN",109.9,97.8,12.1,49,24,24,10.8
"1764","Saint Mary's",2019,"WCC",112.8,100.8,12,21,62,25,9.5
"1765","Kansas",2019,"Big 12",109.2,97.3,11.9,59,20,26,9.3
"1766","Utah State",2019,"Mountain West",110.4,98.4,11.9,40,27,26,11.5
"1767","Belmont",2019,"OVC",114,102.6,11.5,16,112,28,9
"1768","Mississippi State",2019,"SEC",112.9,101.5,11.4,20,79,29,9.8
"1769","LSU",2019,"SEC",112.7,101.3,11.4,22,74,29,10.7
"1770","Villanova",2019,"Big East",113.2,102,11.2,19,101,31,9
"1771","Oregon",2019,"Pac-12",107.5,96.4,11.2,95,14,31,8.8
"1772","Maryland",2019,"Big Ten",110.4,99.3,11.1,40,37,33,8.5
"1773","Kansas State",2019,"Big 12",104.7,93.8,10.9,176,6,34,7.5
"1774","UCF",2019,"American",133.4,122.8,10.5,1,349,35,8.4
"1775","Marquette",2019,"Big East",111.4,101,10.4,31,65,36,8.7
"1776","NC State",2019,"ACC",110.5,100.1,10.3,39,47,37,8
"1777","Florida",2019,"SEC",107.2,97.2,10,99,19,38,7.6
"1778","UC Irvine",2019,"Big West",111.4,101.5,9.9,31,79,39,7.7
"1779","Vermont",2019,"Am. East",109.5,99.7,9.8,53,40,40,9.1
"1780","Texas",2019,"Big 12",109,99.3,9.7,62,37,41,7.7
"1781","Hofstra",2019,"CAA",117.5,107.8,9.7,6,259,41,7.7
"1782","Liberty",2019,"ASUN",111.2,101.8,9.4,33,92,43,8
"1783","Clemson",2019,"ACC",106.1,96.9,9.2,138,16,44,7.9
"1784","Toledo",2019,"MAC",109.3,100.1,9.1,56,47,45,7.1
"1785","Washington",2019,"Pac-12",105.7,96.9,8.9,145,16,46,7.3
"1786","Baylor",2019,"Big 12",110.4,101.6,8.8,40,84,47,5.7
"1787","Furman",2019,"SoCon",108.8,100,8.8,65,46,47,8.2
"1788","Syracuse",2019,"ACC",107.3,98.5,8.7,98,28,49,6
"1789","VCU",2019,"A-10",103.1,94.5,8.7,221,7,49,9.6
"1790","Oklahoma",2019,"Big 12",107,98.5,8.5,104,28,51,7
"1791","Yale",2019,"Ivy",110.6,102.5,8.1,38,111,52,6.5
"1792","Memphis",2019,"American",106.8,99,7.8,109,34,53,6
"1793","TCU",2019,"Big 12",107.9,100.1,7.8,84,47,53,5.5
"1794","Ole Miss",2019,"SEC",110,102.3,7.7,46,109,55,6.2
"1795","Iowa",2019,"Big Ten",112.7,105,7.6,22,174,56,6.4
"1796","Colorado",2019,"Pac-12",106.4,98.7,7.6,123,30,56,5.7
"1797","Fresno State",2019,"Mountain West",107.8,100.5,7.3,87,56,58,6.7
"1798","Arizona State",2019,"Pac-12",107.4,100.4,7,96,55,59,6
"1799","South Dakota State",2019,"Summit",111.5,104.5,7,30,155,59,8.5
"1800","Dayton",2019,"A-10",108.7,101.7,7,67,88,59,6.7
"1801","Penn State",2019,"Big Ten",108.1,101.3,6.8,78,74,62,5.1
"1802","Ohio State",2019,"Big Ten",106.5,99.7,6.8,119,40,62,5.1
"1803","Indiana",2019,"Big Ten",106.2,99.7,6.5,134,40,64,5.6
"1804","Nebraska",2019,"Big Ten",108.5,102.2,6.4,71,106,65,4.6
"1805","Utah Valley",2019,"WAC",112.5,106.2,6.3,24,215,66,7.2
"1806","Northern Kentucky",2019,"Horizon",108.4,102.1,6.3,72,103,66,6.3
"1807","Wichita State",2019,"American",106,99.8,6.3,141,43,66,3.6
"1808","Montana",2019,"Big Sky",108,101.9,6.2,81,99,69,6.6
"1809","Temple",2019,"American",107,101,6,104,65,70,4.7
"1810","Creighton",2019,"Big East",108.7,102.7,6,67,116,70,6.5
"1811","San Francisco",2019,"WCC",110.1,104.1,6,43,141,70,5.7
"1812","East Tennessee State",2019,"SoCon",108.3,102.6,5.8,74,112,73,6.7
"1813","Davidson",2019,"A-10",107.6,101.8,5.8,91,92,73,5
"1814","Jacksonville State",2019,"OVC",106.4,100.7,5.7,123,61,75,7
"1815","Northeastern",2019,"CAA",110.7,105.2,5.5,37,182,76,5.7
"1816","Old Dominion",2019,"CUSA",101.7,96.2,5.5,258,13,76,4.1
"1817","Colgate",2019,"Patriot",109.3,103.9,5.4,56,136,78,4.9
"1818","Arkansas",2019,"SEC",106.2,100.9,5.3,134,64,79,5.6
"1819","San Diego",2019,"WCC",105.5,100.2,5.3,154,52,79,3.9
"1820","BYU",2019,"WCC",111,105.8,5.2,35,203,81,3.8
"1821","Grand Canyon",2019,"WAC",106.7,101.6,5.1,112,84,82,6.5
"1822","St. Bonaventure",2019,"A-10",103.4,98.3,5,211,26,83,3.2
"1823","Bowling Green",2019,"MAC",108,103,5,81,124,83,3.5
"1824","Minnesota",2019,"Big Ten",106.6,101.8,4.7,116,92,85,3.3
"1825","Charleston",2019,"CAA",108.8,104,4.7,65,138,85,4.4
"1826","Southern Miss",2019,"CUSA",106.8,102.1,4.7,109,103,85,2.3
"1827","UNC Greensboro",2019,"SoCon",106.3,101.7,4.6,129,88,88,5
"1828","Oregon State",2019,"Pac-12",109.5,105,4.5,53,174,89,3
"1829","Seton Hall",2019,"Big East",106,101.6,4.5,141,84,89,3.7
"1830","Miami",2019,"ACC",107.6,103.3,4.4,91,128,91,3
"1831","Alabama",2019,"SEC",104.9,100.5,4.4,169,56,91,3.5
"1832","Loyola Chicago",2019,"MVC",105.4,101.1,4.3,156,70,93,4.8
"1833","Xavier",2019,"Big East",107.9,103.7,4.2,84,133,94,3
"1834","USC",2019,"Pac-12",108.3,104.1,4.2,74,141,94,3
"1835","Saint Louis",2019,"A-10",102.9,98.8,4.1,232,32,96,2.9
"1836","Radford",2019,"Big South",108.7,104.6,4.1,67,160,96,3.8
"1837","Arizona",2019,"Pac-12",105.7,101.6,4.1,145,84,96,3.5
"1838","South Florida",2019,"American",101.5,97.5,4,262,21,99,2.9
"1839","Wright State",2019,"Horizon",107.2,103.2,4,99,127,99,4.2
"1840","San Diego State",2019,"Mountain West",104.9,101,3.9,169,65,101,2.4
"1841","Pennsylvania",2019,"Ivy",105.4,101.5,3.9,156,79,101,2.7
"1842","Austin Peay",2019,"OVC",110,106.2,3.8,46,215,103,4.7
"1843","Providence",2019,"Big East",104,100.3,3.7,193,53,104,2.5
"1844","Harvard",2019,"Ivy",105.9,102.2,3.7,144,106,104,3.3
"1845","Rhode Island",2019,"A-10",103.9,100.3,3.6,195,53,106,1.6
"1846","Akron",2019,"MAC",102.3,98.7,3.6,246,30,106,4.1
"1847","Butler",2019,"Big East",108,104.6,3.4,81,160,108,3
"1848","Drake",2019,"MVC",106.1,102.8,3.3,138,118,109,2.7
"1849","Ball State",2019,"MAC",104.5,101.4,3.2,180,77,110,2.3
"1850","Pittsburgh",2019,"ACC",103.8,100.5,3.2,200,56,110,1.8
"1851","Western Kentucky",2019,"CUSA",103.9,100.6,3.2,195,60,110,2
"1852","Georgia Southern",2019,"Sun Belt",106.3,103.1,3.2,129,125,110,4.2
"1853","Northwestern",2019,"Big Ten",104.2,101,3.1,187,65,114,2.7
"1854","Boise State",2019,"Mountain West",109.6,106.5,3.1,52,225,114,2.2
"1855","St. John's",2019,"Big East",106.5,103.5,3.1,119,130,114,2.6
"1856","Central Michigan",2019,"MAC",109,106,3,62,211,117,3
"1857","UConn",2019,"American",105.6,102.6,3,150,112,117,2.8
"1858","Northern Colorado",2019,"Big Sky",106.7,103.6,3,112,132,117,2.2
"1859","SMU",2019,"American",109.1,106.2,2.9,60,215,120,1.9
"1860","Bucknell",2019,"Patriot",109.3,106.5,2.8,56,225,121,3.4
"1861","Abilene Christian",2019,"Southland",104.2,101.4,2.8,187,77,121,3.5
"1862","UCLA",2019,"Pac-12",106.9,104.1,2.8,108,141,121,0.9
"1863","Georgia State",2019,"Sun Belt",107,104.2,2.8,104,149,121,2.9
"1864","Brown",2019,"Ivy",101.4,98.8,2.6,265,32,125,2.3
"1865","South Carolina",2019,"SEC",104.9,102.3,2.6,169,109,125,1.7
"1866","Stony Brook",2019,"Am. East",101.6,99.1,2.5,261,35,127,3.8
"1867","Utah",2019,"Pac-12",111.6,109.1,2.5,29,295,127,1.6
"1868","Louisiana Tech",2019,"CUSA",103.4,101,2.4,211,65,129,2.3
"1869","Missouri",2019,"SEC",103.8,101.3,2.4,200,74,129,1.9
"1870","Texas State",2019,"Sun Belt",103.4,101.1,2.3,211,70,131,2.4
"1871","Southern Illinois",2019,"MVC",104.9,102.8,2.2,169,118,132,1.6
"1872","Presbyterian",2019,"Big South",109.7,107.5,2.2,51,251,132,1.2
"1873","UL Monroe",2019,"Sun Belt",111.1,109,2.1,34,289,134,2.2
"1874","Georgetown",2019,"Big East",106.5,104.3,2.1,119,151,134,1.4
"1875","Rutgers",2019,"Big Ten",103.8,101.8,2,200,92,136,1.1
"1876","Loyola Marymount",2019,"WCC",103.1,101.2,2,221,73,136,2.1
"1877","Northern Illinois",2019,"MAC",107.8,106,1.9,87,211,138,2.3
"1878","North Texas",2019,"CUSA",102.7,100.8,1.9,237,62,138,0.7
"1879","Notre Dame",2019,"ACC",107.2,105.2,1.9,99,182,138,1.9
"1880","DePaul",2019,"Big East",109,107.2,1.8,62,244,141,1.4
"1881","Omaha",2019,"Summit",110.1,108.3,1.8,43,273,141,1.4
"1882","Sam Houston",2019,"Southland",106.2,104.5,1.7,134,155,143,2
"1883","Samford",2019,"SoCon",106.1,104.5,1.6,138,155,144,2.2
"1884","Charleston Southern",2019,"Big South",103.4,101.7,1.6,211,88,144,1.6
"1885","UAB",2019,"CUSA",106.6,105,1.6,116,174,144,0.6
"1886","Texas A&M",2019,"SEC",105.1,103.5,1.6,167,130,144,1.2
"1887","Kent State",2019,"MAC",108.7,107.2,1.4,67,244,148,1
"1888","Tulsa",2019,"American",104.1,102.7,1.4,190,116,148,1.3
"1889","Stanford",2019,"Pac-12",103.3,102,1.3,216,101,150,1.9
"1890","Winthrop",2019,"Big South",107.6,106.3,1.3,91,220,150,0.6
"1891","Hampton",2019,"Big South",108.2,106.9,1.3,77,239,150,1.1
"1892","California Baptist",2019,"WAC",110,108.9,1.2,46,287,153,0.4
"1893","Gardner-Webb",2019,"Big South",108.4,107.3,1.1,72,249,154,2
"1894","Florida Atlantic",2019,"CUSA",131.5,130.5,1.1,2,350,154,-0.1
"1895","Coastal Carolina",2019,"Sun Belt",107,105.9,1.1,104,207,154,0.7
"1896","UC Santa Barbara",2019,"Big West",105.7,104.7,1,145,163,157,2.1
"1897","Illinois",2019,"Big Ten",106.7,105.8,0.9,112,203,158,0.5
"1898","Georgia Tech",2019,"ACC",101.5,100.5,0.9,262,56,158,1.2
"1899","Texas Southern",2019,"SWAC",105.2,104.5,0.8,165,155,160,2.7
"1900","West Virginia",2019,"Big 12",105.6,104.8,0.8,150,168,160,-1.3
"1901","Campbell",2019,"Big South",108.3,107.7,0.7,74,257,162,-0.3
"1902","Oklahoma State",2019,"Big 12",105.7,105,0.7,145,174,162,-0.4
"1903","Lehigh",2019,"Patriot",109.1,108.5,0.6,60,278,164,1.7
"1904","UTSA",2019,"CUSA",105.4,104.8,0.6,156,168,164,0.3
"1905","Iona",2019,"MAAC",108.1,107.6,0.5,78,254,166,0.6
"1906","Marshall",2019,"CUSA",105,104.6,0.4,168,160,167,0.5
"1907","Miami (OH)",2019,"MAC",103.6,103.4,0.2,207,129,168,-0.3
"1908","Missouri State",2019,"MVC",104.5,104.4,0.2,180,152,168,-0.7
"1909","Boston College",2019,"ACC",105.4,105.2,0.2,156,182,168,0.2
"1910","UNLV",2019,"Mountain West",106.3,106.1,0.2,129,213,168,0.3
"1911","NJIT",2019,"ASUN",102.9,102.8,0.1,232,118,172,0.6
"1912","Rider",2019,"MAAC",104.8,104.7,0.1,175,163,172,0.9
"1913","Bradley",2019,"MVC",102.2,102.2,-0.1,247,106,174,0.7
"1914","UT Arlington",2019,"Sun Belt",101.4,101.5,-0.1,265,79,174,-0.4
"1915","Pepperdine",2019,"WCC",106.4,106.6,-0.2,123,229,176,0.1
"1916","George Mason",2019,"A-10",103.7,104,-0.2,203,138,176,0.7
"1917","Long Island University",2019,"NEC",103.7,103.9,-0.2,203,136,176,0.3
"1918","Lamar",2019,"Southland",105.4,105.7,-0.3,156,200,179,0.2
"1919","Fairleigh Dickinson",2019,"NEC",106.3,106.7,-0.4,129,232,180,0.7
"1920","Louisiana",2019,"Sun Belt",106.4,106.8,-0.4,123,234,180,0.1
"1921","Hawai'i",2019,"Big West",104.6,105,-0.4,177,174,180,0.1
"1922","Weber State",2019,"Big Sky",104.2,104.7,-0.5,187,163,183,0.8
"1923","Northern Iowa",2019,"MVC",103.1,103.7,-0.5,221,133,183,-1.1
"1924","North Florida",2019,"ASUN",104.6,105.3,-0.7,177,186,185,-0.2
"1925","American University",2019,"Patriot",103.3,104.1,-0.8,216,141,186,0.4
"1926","Sacred Heart",2019,"NEC",107.8,108.7,-0.9,87,282,187,-0.3
"1927","Purdue Fort Wayne",2019,"Summit",107.2,108.2,-1,99,270,188,-1.1
"1928","Duquesne",2019,"A-10",104.3,105.3,-1,185,186,188,-0.6
"1929","Seattle U",2019,"WAC",104.3,105.4,-1,185,191,188,1.6
"1930","Georgia",2019,"SEC",103.7,104.9,-1.1,203,170,191,-0.4
"1931","Quinnipiac",2019,"MAAC",107.4,108.4,-1.1,96,276,191,-0.7
"1932","IU Indianapolis",2019,"Horizon",106.4,107.6,-1.1,123,254,191,-0.3
"1933","Colorado State",2019,"Mountain West",107.7,108.8,-1.2,90,283,194,-1.4
"1934","UT Rio Grande Valley",2019,"WAC",99.9,101.1,-1.2,301,70,194,1.8
"1935","Green Bay",2019,"Horizon",105.6,106.8,-1.2,150,234,194,-0.8
"1936","North Dakota State",2019,"Summit",107.2,108.4,-1.2,99,276,194,-0.2
"1937","Eastern Michigan",2019,"MAC",102.7,104.1,-1.3,237,141,198,-1.7
"1938","Prairie View A&M",2019,"SWAC",103.9,105.3,-1.4,195,186,199,2.1
"1939","UIC",2019,"Horizon",102.6,104.1,-1.5,240,141,200,-1.6
"1940","UMBC",2019,"Am. East",100.1,101.5,-1.5,296,79,200,-1.5
"1941","Princeton",2019,"Ivy",100,101.7,-1.7,299,88,202,-0.9
"1942","Oakland",2019,"Horizon",107.6,109.3,-1.7,91,300,202,-0.7
"1943","New Mexico",2019,"Mountain West",103.4,105.3,-1.8,211,186,204,-2.1
"1944","Santa Clara",2019,"WCC",102,104,-2,253,138,205,-2.6
"1945","Cal State Fullerton",2019,"Big West",100.1,102.1,-2.1,296,103,206,-1.4
"1946","Boston University",2019,"Patriot",105.7,107.9,-2.2,145,263,207,-2.2
"1947","Florida International",2019,"CUSA",100.7,102.9,-2.3,284,122,208,-3.7
"1948","Eastern Washington",2019,"Big Sky",103.1,105.6,-2.4,221,197,209,-1.7
"1949","High Point",2019,"Big South",101.7,104.1,-2.4,258,141,209,-2.6
"1950","Mercer",2019,"SoCon",103,105.3,-2.4,229,186,209,-2.5
"1951","UMass Lowell",2019,"Am. East",105.3,107.8,-2.5,163,259,212,-2.7
"1952","Dartmouth",2019,"Ivy",105.2,107.8,-2.6,165,259,213,-2.5
"1953","Richmond",2019,"A-10",106.2,108.8,-2.6,134,283,213,-2.4
"1954","Indiana State",2019,"MVC",103.3,106.1,-2.7,216,213,215,-2.8
"1955","Columbia",2019,"Ivy",103.1,105.9,-2.7,221,207,215,-3.4
"1956","Army",2019,"Patriot",99.9,102.6,-2.7,301,112,215,-3.1
"1957","South Dakota",2019,"Summit",102.5,105.4,-2.9,243,191,218,-3.3
"1958","Norfolk State",2019,"MEAC",101.8,104.7,-2.9,255,163,218,-0.9
"1959","Illinois State",2019,"MVC",101.1,104.2,-3,273,149,220,-2.4
"1960","Siena",2019,"MAAC",104.9,108,-3.2,169,266,221,-1.9
"1961","Ohio",2019,"MAC",99.9,103.1,-3.2,301,125,221,-3.1
"1962","Saint Joseph's",2019,"A-10",104.5,107.8,-3.3,180,259,223,-1.4
"1963","Cal State Bakersfield",2019,"WAC",104.1,107.5,-3.4,190,251,224,-1.1
"1964","App State",2019,"Sun Belt",105.5,108.9,-3.4,154,287,224,-3.4
"1965","Holy Cross",2019,"Patriot",102.9,106.5,-3.6,232,225,226,-2
"1966","Little Rock",2019,"Sun Belt",102,105.6,-3.6,253,197,226,-2.8
"1967","North Carolina Central",2019,"MEAC",102.2,105.9,-3.7,247,207,228,-2.5
"1968","SE Louisiana",2019,"Southland",101.3,104.9,-3.7,268,170,228,-2
"1969","Evansville",2019,"MVC",101,104.7,-3.7,278,163,228,-3.5
"1970","Long Beach State",2019,"Big West",101.4,105.2,-3.8,265,182,231,-3.1
"1971","Robert Morris",2019,"NEC",101.3,105.1,-3.8,268,179,231,-2.7
"1972","Longwood",2019,"Big South",102.4,106.2,-3.8,244,215,231,-4.4
"1973","St. Francis (PA)",2019,"NEC",106.6,110.4,-3.8,116,310,231,-2
"1974","Vanderbilt",2019,"SEC",100.6,104.5,-3.9,287,155,235,-2
"1975","Montana State",2019,"Big Sky",107.9,111.8,-3.9,84,327,235,-1.8
"1976","Valparaiso",2019,"MVC",100.5,104.4,-4,288,152,237,-3.5
"1977","Texas A&M-Corpus Christi",2019,"Southland",97.8,101.8,-4,323,92,237,-4
"1978","Sacramento State",2019,"Big Sky",100.8,105.1,-4.2,283,179,239,-2.8
"1979","William & Mary",2019,"CAA",103.5,107.6,-4.2,210,254,239,-2.4
"1980","Cornell",2019,"Ivy",100.7,104.9,-4.2,284,170,239,-4
"1981","UAlbany",2019,"Am. East",101,105.4,-4.4,278,191,242,-3.5
"1982","Wake Forest",2019,"ACC",102.7,107.1,-4.4,237,240,242,-4.3
"1983","Pacific",2019,"WCC",102.1,106.5,-4.4,251,225,242,-3.7
"1984","Massachusetts",2019,"A-10",104.5,109,-4.5,180,289,245,-3.3
"1985","Washington State",2019,"Pac-12",105.4,109.9,-4.5,156,305,245,-5.1
"1986","Jacksonville",2019,"ASUN",101.2,105.8,-4.5,271,203,245,-4.5
"1987","Fairfield",2019,"MAAC",100.9,105.4,-4.6,281,191,248,-3.9
"1988","South Alabama",2019,"Sun Belt",103.3,107.9,-4.6,216,263,248,-3.8
"1989","Marist",2019,"MAAC",103.1,108,-4.9,221,266,250,-3.4
"1990","Portland State",2019,"Big Sky",104.1,109,-4.9,190,289,250,-4.1
"1991","Cal State Northridge",2019,"Big West",106.3,111.5,-5.1,129,324,252,-4.1
"1992","Florida Gulf Coast",2019,"ASUN",101.1,106.3,-5.2,273,220,253,-2.8
"1993","Grambling",2019,"SWAC",96.6,101.8,-5.2,334,92,253,-1.1
"1994","Canisius",2019,"MAAC",103.7,109,-5.2,203,289,253,-3.7
"1995","Southern Utah",2019,"Big Sky",100.4,105.7,-5.3,290,200,256,-3
"1996","Kansas City",2019,"WAC",102.1,107.4,-5.3,251,250,256,-3.8
"1997","Loyola Maryland",2019,"Patriot",103.9,109.2,-5.3,195,298,256,-4.9
"1998","New Orleans",2019,"Southland",100.4,105.8,-5.4,290,203,259,-3.2
"1999","Fordham",2019,"A-10",99.7,105.1,-5.4,306,179,259,-4.8
"2000","UC Davis",2019,"Big West",99,104.4,-5.4,310,152,259,-3.9
"2001","North Dakota",2019,"Summit",100.3,105.6,-5.4,293,197,259,-4.4
"2002","Delaware",2019,"CAA",106.5,112,-5.5,119,330,263,-4.2
"2003","Rice",2019,"CUSA",103.9,109.4,-5.5,195,302,263,-4.3
"2004","Drexel",2019,"CAA",106.4,111.9,-5.5,123,328,263,-5.4
"2005","Air Force",2019,"Mountain West",101.8,107.5,-5.7,255,251,266,-5.1
"2006","Eastern Kentucky",2019,"OVC",99.6,105.5,-5.9,307,196,267,-4.5
"2007","La Salle",2019,"A-10",100.9,106.8,-6,281,234,268,-4.4
"2008","Troy",2019,"Sun Belt",103.1,109.1,-6,221,295,268,-5.3
"2009","Detroit Mercy",2019,"Horizon",106.7,112.8,-6.1,112,335,270,-4.6
"2010","Navy",2019,"Patriot",100.2,106.3,-6.1,295,220,270,-6.4
"2011","Northern Arizona",2019,"Big Sky",104,110.2,-6.2,193,308,272,-4.9
"2012","Houston Christian",2019,"Southland",104.6,111,-6.4,177,319,273,-4.5
"2013","Youngstown State",2019,"Horizon",104.5,111,-6.5,180,319,274,-6
"2014","Howard",2019,"MEAC",105.4,111.9,-6.5,156,328,274,-5.6
"2015","The Citadel",2019,"SoCon",106,112.5,-6.5,141,334,274,-7
"2016","Bethune-Cookman",2019,"MEAC",97.1,103.7,-6.6,329,133,277,-5.6
"2017","Wagner",2019,"NEC",99.6,106.2,-6.6,307,215,277,-5.3
"2018","Towson",2019,"CAA",102.2,109,-6.8,247,289,279,-5.7
"2019","Morehead State",2019,"OVC",103.2,110,-6.8,220,306,279,-4.6
"2020","UNC Wilmington",2019,"CAA",106.8,113.6,-6.8,109,341,279,-5.5
"2021","Niagara",2019,"MAAC",105.3,112.2,-6.9,163,331,282,-5.7
"2022","Western Illinois",2019,"Summit",100.3,107.2,-6.9,293,244,282,-4.7
"2023","Middle Tennessee",2019,"CUSA",98.6,105.4,-6.9,317,191,282,-5.5
"2024","Western Michigan",2019,"MAC",101.1,108.1,-7,273,269,285,-6.9
"2025","Lafayette",2019,"Patriot",103.6,110.8,-7.1,207,314,286,-7
"2026","North Carolina A&T",2019,"MEAC",102.6,109.8,-7.1,240,303,286,-3.5
"2027","James Madison",2019,"CAA",101.5,108.8,-7.3,262,283,288,-6.1
"2028","Monmouth",2019,"MAAC",96.8,104.1,-7.4,331,141,289,-5
"2029","Central Arkansas",2019,"Southland",101.1,108.6,-7.5,273,281,290,-6.2
"2030","Cleveland State",2019,"Horizon",102.2,109.8,-7.5,247,303,290,-6.6
"2031","Nicholls",2019,"Southland",100.7,108.2,-7.5,284,270,290,-6.4
"2032","Alabama State",2019,"SWAC",99.1,106.8,-7.7,309,234,293,-6.6
"2033","Milwaukee",2019,"Horizon",101.2,109,-7.8,271,289,294,-6.3
"2034","Jackson State",2019,"SWAC",96.9,104.9,-8,330,170,295,-5.1
"2035","Mount St. Mary's",2019,"NEC",98.7,106.7,-8,315,232,295,-7.3
"2036","California",2019,"Pac-12",103.6,111.6,-8,207,326,295,-7.7
"2037","Oral Roberts",2019,"Summit",103,111,-8,229,319,295,-6.8
"2038","UTEP",2019,"CUSA",93.7,101.8,-8.1,344,92,299,-7.2
"2039","Western Carolina",2019,"SoCon",102.8,110.9,-8.1,235,316,299,-8.8
"2040","East Carolina",2019,"American",98.5,106.6,-8.1,319,229,299,-7.9
"2041","North Alabama",2019,"ASUN",98.9,107.1,-8.2,311,240,302,-7.2
"2042","Stephen F. Austin",2019,"Southland",99.8,108,-8.2,305,266,302,-6.5
"2043","UT Martin",2019,"OVC",105.6,113.9,-8.3,150,342,304,-6.5
"2044","Saint Peter's",2019,"MAAC",98.7,107.1,-8.3,315,240,304,-5.9
"2045","Chattanooga",2019,"SoCon",102.6,110.9,-8.3,240,316,304,-7
"2046","Bryant",2019,"NEC",103.1,111.5,-8.4,221,324,307,-7.9
"2047","Manhattan",2019,"MAAC",94.4,102.9,-8.5,341,122,308,-6.8
"2048","Tennessee State",2019,"OVC",100,108.5,-8.5,299,278,308,-7.2
"2049","Florida A&M",2019,"MEAC",98.6,107.2,-8.6,317,244,310,-7.2
"2050","Southeast Missouri State",2019,"OVC",100.5,109.1,-8.6,288,295,310,-8.2
"2051","Arkansas State",2019,"Sun Belt",102.4,111.1,-8.7,244,322,312,-5.1
"2052","George Washington",2019,"A-10",97.7,106.4,-8.8,325,224,313,-7.1
"2053","Denver",2019,"Summit",101.8,110.6,-8.8,255,313,313,-7.3
"2054","Morgan State",2019,"MEAC",97.3,106.3,-9,328,220,315,-8.3
"2055","Arkansas-Pine Bluff",2019,"SWAC",98.2,107.2,-9,321,244,315,-5.4
"2056","Eastern Illinois",2019,"OVC",101,110,-9,278,306,315,-6.4
"2057","Charlotte",2019,"CUSA",96.6,105.7,-9.1,334,200,318,-8.2
"2058","Idaho State",2019,"Big Sky",104.9,114.3,-9.4,169,344,319,-7
"2059","Elon",2019,"CAA",99.9,109.3,-9.4,301,300,319,-8.4
"2060","Tulane",2019,"American",98.8,108.3,-9.5,313,273,321,-9
"2061","South Carolina State",2019,"MEAC",100.4,110.2,-9.8,290,308,322,-9.1
"2062","Central Connecticut",2019,"NEC",101.1,110.9,-9.8,273,316,322,-6.4
"2063","VMI",2019,"SoCon",103,113.1,-10.1,229,338,324,-9.5
"2064","Binghamton",2019,"Am. East",98.5,108.8,-10.3,319,283,325,-9.5
"2065","Kennesaw State",2019,"ASUN",96.7,107.1,-10.4,332,240,326,-14
"2066","McNeese",2019,"Southland",102.8,113.5,-10.7,235,340,327,-8.5
"2067","UC Riverside",2019,"Big West",101.3,112.3,-11,268,332,328,-8.6
"2068","South Carolina Upstate",2019,"Big South",98.1,109.2,-11.1,322,298,329,-11.7
"2069","Cal Poly",2019,"Big West",101.7,112.8,-11.1,258,335,329,-10.7
"2070","SIU Edwardsville",2019,"OVC",100.1,111.3,-11.2,296,323,331,-12
"2071","Wyoming",2019,"Mountain West",96.6,107.9,-11.3,334,263,332,-10
"2072","Portland",2019,"WCC",96.7,108.3,-11.6,332,273,333,-11.3
"2073","Maine",2019,"Am. East",96,107.7,-11.7,337,257,334,-10.2
"2074","Stetson",2019,"ASUN",97.8,110.5,-12.7,323,312,335,-10.9
"2075","Tennessee Tech",2019,"OVC",92.9,105.9,-13,347,207,336,-9.3
"2076","Southern",2019,"SWAC",97.6,110.8,-13.2,327,314,337,-8.3
"2077","Coppin State",2019,"MEAC",93.2,106.8,-13.6,345,234,338,-11
"2078","New Hampshire",2019,"Am. East",92.8,106.6,-13.8,348,229,339,-13.6
"2079","Northwestern State",2019,"Southland",94.2,108.2,-14,342,270,340,-11.6
"2080","Alabama A&M",2019,"SWAC",93.9,108.5,-14.6,343,278,341,-11.2
"2081","Alcorn State",2019,"SWAC",94.6,110.4,-15.8,340,310,342,-12.9
"2082","Idaho",2019,"Big Sky",98.9,115.2,-16.3,311,346,343,-12.9
"2083","Mississippi Valley State",2019,"SWAC",97.7,114.3,-16.6,325,344,344,-13.3
"2084","Incarnate Word",2019,"Southland",98.8,115.6,-16.8,313,347,345,-13.2
"2085","San José State",2019,"Mountain West",95.8,114,-18.2,338,343,346,-15.9
"2086","UNC Asheville",2019,"Big South",95,113.4,-18.4,339,339,347,-15
"2087","Delaware State",2019,"MEAC",92.1,112.4,-20.2,349,333,348,-17.7
"2088","Maryland Eastern Shore",2019,"MEAC",92,112.8,-20.8,350,335,349,-16.1
"2089","Chicago State",2019,"WAC",93.1,117.8,-24.7,346,348,350,-19.8
"2090","William & Mary",2020,"CAA",1148.5,591.7,556.8,1,351,1,0.5
"2091","Stanford",2020,"Pac-12",95.6,73.5,22,331,2,2,6.2
"2092","Oklahoma",2020,"Big 12",97,76,21,326,4,3,5.3
"2093","Gonzaga",2020,"WCC",121,100.4,20.6,8,37,4,16.5
"2094","Kansas",2020,"Big 12",114.9,95.3,19.6,17,15,5,16.2
"2095","Dayton",2020,"A-10",116.8,100.2,16.7,12,35,6,15.4
"2096","San Diego State",2020,"Mountain West",113.3,97,16.3,25,18,7,14
"2097","Duke",2020,"ACC",114.8,98.7,16.2,19,24,8,15.8
"2098","Wofford",2020,"SoCon",97,81.6,15.5,326,10,9,1.4
"2099","Baylor",2020,"Big 12",112.5,97.1,15.4,35,19,10,12
"2100","Buffalo",2020,"MAC",94.6,80.3,14.3,333,8,11,0.7
"2101","BYU",2020,"WCC",116.3,102.1,14.2,13,74,12,12
"2102","Michigan State",2020,"Big Ten",113.2,99.3,13.9,26,25,13,12.1
"2103","Arizona",2020,"Pac-12",111.8,98,13.7,44,21,14,11.2
"2104","West Virginia",2020,"Big 12",109,95.6,13.4,106,16,15,10.8
"2105","Oregon",2020,"Pac-12",117,104,13,11,113,16,10.2
"2106","East Tennessee State",2020,"SoCon",114.5,101.5,13,21,59,16,9.5
"2107","Louisville",2020,"ACC",112.7,100.5,12.2,32,39,18,12.1
"2108","Texas Tech",2020,"Big 12",110.5,98.5,12,69,22,19,8.9
"2109","Houston",2020,"American",111.8,100.1,11.6,44,31,20,9.9
"2110","Ohio State",2020,"Big Ten",111.4,100.1,11.3,54,31,21,11.1
"2111","Florida State",2020,"ACC",111.7,100.5,11.2,49,39,22,11.4
"2112","Northern Iowa",2020,"MVC",116,105.2,10.8,14,151,23,8.4
"2113","Belmont",2020,"OVC",112.6,101.8,10.8,33,68,23,8.3
"2114","Butler",2020,"Big East",112.2,101.8,10.5,40,68,25,7.7
"2115","Villanova",2020,"Big East",113.2,102.6,10.5,26,83,25,8.6
"2116","Utah State",2020,"Mountain West",109.9,99.7,10.3,80,29,27,8.8
"2117","Yale",2020,"Ivy",109.5,99.6,9.9,94,26,28,9
"2118","Creighton",2020,"Big East",116,106.2,9.8,14,176,29,9.2
"2119","Maryland",2020,"Big Ten",111.7,102,9.7,49,72,30,9.6
"2120","Colorado",2020,"Pac-12",109.7,100.1,9.7,84,31,30,6.4
"2121","Seton Hall",2020,"Big East",110.5,100.9,9.6,69,48,32,8.7
"2122","Akron",2020,"MAC",111.2,101.8,9.5,58,68,33,7.5
"2123","Louisiana Tech",2020,"CUSA",110.7,101.2,9.5,67,54,33,6.7
"2124","Richmond",2020,"A-10",113,103.6,9.4,31,104,35,9.3
"2125","Kentucky",2020,"SEC",111.6,102.3,9.2,51,78,36,9.8
"2126","Liberty",2020,"ASUN",109.4,100.3,9.1,96,36,37,9.5
"2127","Duquesne",2020,"A-10",124.6,115.5,9.1,6,336,37,5
"2128","Vermont",2020,"Am. East",109.7,100.8,8.9,84,46,39,10.2
"2129","Illinois",2020,"Big Ten",112.4,103.5,8.9,38,103,39,7
"2130","Morehead State",2020,"OVC",89,80.3,8.7,344,8,41,-6.9
"2131","Saint Mary's",2020,"WCC",113.1,104.6,8.6,28,132,42,6.9
"2132","Furman",2020,"SoCon",109.6,101.1,8.6,91,52,42,7.5
"2133","Northern Colorado",2020,"Big Sky",113.1,104.5,8.6,28,128,42,7.6
"2134","LSU",2020,"SEC",114.9,106.5,8.4,17,183,45,9
"2135","Iowa",2020,"Big Ten",115.3,107,8.3,16,198,46,7.6
"2136","UNC Greensboro",2020,"SoCon",109.3,101,8.3,99,51,46,7
"2137","Florida",2020,"SEC",111.3,103.1,8.2,55,95,48,8.5
"2138","Auburn",2020,"SEC",111.1,102.9,8.2,62,89,48,9.6
"2139","Purdue",2020,"Big Ten",108,99.8,8.1,127,30,50,9.1
"2140","Wisconsin",2020,"Big Ten",109.4,101.4,8,96,57,51,8.2
"2141","San Francisco",2020,"WCC",111.9,104,7.9,43,113,52,4.8
"2142","Marquette",2020,"Big East",111.6,103.7,7.8,51,105,53,7.4
"2143","Penn State",2020,"Big Ten",109.2,101.6,7.6,102,62,54,8
"2144","North Dakota State",2020,"Summit",112.6,105.1,7.5,33,147,55,5.2
"2145","Old Dominion",2020,"CUSA",81.4,73.9,7.5,347,3,55,-0.1
"2146","Mississippi State",2020,"SEC",112.5,105,7.4,35,143,57,7.4
"2147","North Texas",2020,"CUSA",112.5,105.1,7.4,35,147,57,6.8
"2148","Wichita State",2020,"American",105.9,98.6,7.3,175,23,59,8.2
"2149","VCU",2020,"A-10",111.1,103.8,7.2,62,108,60,7.1
"2150","Hampton",2020,"Big South",97.1,90,7.1,322,13,61,-6
"2151","Arkansas",2020,"SEC",109.7,102.6,7.1,84,83,61,8.1
"2152","Providence",2020,"Big East",108.6,101.5,7.1,114,59,61,5.8
"2153","Minnesota",2020,"Big Ten",110.1,103.1,7,76,95,64,7.2
"2154","Oregon State",2020,"Pac-12",113.5,106.5,7,23,183,64,2.2
"2155","Washington",2020,"Pac-12",107.3,100.4,6.9,145,37,66,5
"2156","New Mexico State",2020,"WAC",111.5,104.6,6.9,53,132,66,8.3
"2157","Michigan",2020,"Big Ten",107.3,100.5,6.8,145,39,68,8.9
"2158","Saint Louis",2020,"A-10",107.5,100.8,6.7,141,46,69,6.6
"2159","Cincinnati",2020,"American",109.6,102.9,6.7,91,89,69,7.2
"2160","Fairfield",2020,"MAAC",85.9,79.3,6.5,346,7,71,-5.6
"2161","UC Irvine",2020,"Big West",109.7,103.2,6.4,84,99,72,5
"2162","Loyola Chicago",2020,"MVC",108.4,102.2,6.3,119,76,73,4.5
"2163","Rhode Island",2020,"A-10",107.1,100.9,6.2,150,48,74,6.3
"2164","Murray State",2020,"OVC",108.5,102.5,6,116,81,75,5.3
"2165","Memphis",2020,"American",102.8,96.9,5.9,254,17,76,6.3
"2166","Bradley",2020,"MVC",109.7,103.8,5.9,84,108,76,4.1
"2167","USC",2020,"Pac-12",107.2,101.3,5.9,147,56,76,3.8
"2168","Texas State",2020,"Sun Belt",109.1,103.3,5.8,105,100,79,4.8
"2169","UConn",2020,"American",108.9,103.3,5.6,110,100,80,5.3
"2170","Syracuse",2020,"ACC",110.4,104.8,5.6,71,138,80,5.8
"2171","Ball State",2020,"MAC",105.9,100.5,5.5,175,39,82,3.8
"2172","Davidson",2020,"A-10",112.4,107,5.4,38,198,83,6.4
"2173","Oral Roberts",2020,"Summit",113.7,108.3,5.4,22,249,83,4.4
"2174","Wright State",2020,"Horizon",109.3,103.8,5.4,99,108,83,5.8
"2175","Indiana",2020,"Big Ten",107.5,102.1,5.4,141,74,83,6.7
"2176","Colgate",2020,"Patriot",109.9,104.6,5.3,80,132,87,5.7
"2177","Arizona State",2020,"Pac-12",105.9,100.9,5,175,48,88,3.6
"2178","Eastern Washington",2020,"Big Sky",109,104.2,4.8,106,122,89,4
"2179","Kent State",2020,"MAC",113.1,108.3,4.8,28,249,89,3.7
"2180","Nevada",2020,"Mountain West",110.8,106,4.8,66,170,89,5
"2181","Xavier",2020,"Big East",106.3,101.6,4.7,165,62,92,4.7
"2182","Boise State",2020,"Mountain West",109.9,105.2,4.7,80,151,92,3.9
"2183","Tennessee",2020,"SEC",106.4,101.7,4.7,164,66,92,6.2
"2184","South Carolina",2020,"SEC",106,101.2,4.7,174,54,92,5.8
"2185","Notre Dame",2020,"ACC",110.1,105.5,4.6,76,158,96,5.7
"2186","Alabama",2020,"SEC",110,105.4,4.6,79,157,96,5.9
"2187","NC State",2020,"ACC",109.7,105.2,4.5,84,151,98,6.3
"2188","Austin Peay",2020,"OVC",111.8,107.3,4.5,44,208,98,2.6
"2189","Oklahoma State",2020,"Big 12",108.2,103.7,4.5,124,105,98,3.3
"2190","Texas",2020,"Big 12",105.9,101.4,4.5,175,57,98,2.6
"2191","Siena",2020,"MAAC",111.3,106.8,4.5,55,194,98,3.8
"2192","Western Kentucky",2020,"CUSA",111.2,106.7,4.5,58,192,98,3.4
"2193","Chattanooga",2020,"SoCon",111.2,107,4.3,58,198,104,2.2
"2194","Winthrop",2020,"Big South",108.5,104.1,4.3,116,117,104,6.6
"2195","South Dakota State",2020,"Summit",111.1,106.9,4.2,62,196,106,4.8
"2196","Montana",2020,"Big Sky",107.9,103.7,4.2,130,105,106,2.4
"2197","Tulsa",2020,"American",104.5,100.5,4,210,39,108,2.7
"2198","Rutgers",2020,"Big Ten",101.8,97.9,3.9,271,20,109,7.5
"2199","Western Carolina",2020,"SoCon",113.5,109.6,3.9,23,280,109,1.5
"2200","Stephen F. Austin",2020,"Southland",103.4,99.6,3.8,238,26,111,9.1
"2201","Georgia State",2020,"Sun Belt",110.2,106.6,3.7,75,191,112,3.4
"2202","Indiana State",2020,"MVC",109.5,105.8,3.7,94,168,112,2.6
"2203","Toledo",2020,"MAC",110.4,106.8,3.6,71,194,114,1.6
"2204","Missouri",2020,"SEC",106.3,102.8,3.5,165,88,115,3.5
"2205","Little Rock",2020,"Sun Belt",107.8,104.4,3.5,132,127,115,3
"2206","Northern Kentucky",2020,"Horizon",106.8,103.3,3.5,155,100,115,4.2
"2207","Charleston",2020,"CAA",55.1,51.8,3.4,351,1,118,1.1
"2208","Saint Joseph's",2020,"A-10",91.5,88.2,3.3,340,12,119,-6.8
"2209","St. Bonaventure",2020,"A-10",111.3,108.1,3.2,55,241,120,3
"2210","UCLA",2020,"Pac-12",109.6,106.5,3.1,91,183,121,2.6
"2211","Colorado State",2020,"Mountain West",110.3,107.2,3.1,73,204,121,2.8
"2212","Missouri State",2020,"MVC",108.7,105.7,3,113,163,123,2.4
"2213","Southern Utah",2020,"Big Sky",104.6,101.7,2.9,209,66,124,2.2
"2214","Marshall",2020,"CUSA",107.8,104.9,2.9,132,140,124,1.6
"2215","Kansas State",2020,"Big 12",104.9,102,2.9,199,72,124,0.6
"2216","Clemson",2020,"ACC",104.4,101.6,2.8,214,62,127,3.7
"2217","SMU",2020,"American",112,109.1,2.8,42,263,127,4.3
"2218","Georgia Southern",2020,"Sun Belt",105.7,103.1,2.6,184,95,129,3.3
"2219","North Florida",2020,"ASUN",117.8,115.2,2.6,9,333,129,3
"2220","St. John's",2020,"Big East",105.3,102.7,2.6,190,85,129,3.1
"2221","Georgetown",2020,"Big East",109,106.5,2.5,106,183,132,2.3
"2222","Ohio",2020,"MAC",109.8,107.3,2.5,83,208,132,0.1
"2223","St. Francis (PA)",2020,"NEC",111.2,108.8,2.4,58,259,134,3.4
"2224","UC Santa Barbara",2020,"Big West",110.1,107.8,2.3,76,232,135,2.3
"2225","TCU",2020,"Big 12",106.7,104.5,2.2,157,128,136,1.3
"2226","Florida International",2020,"CUSA",108.8,106.5,2.2,112,183,136,0.6
"2227","Boston University",2020,"Patriot",105.2,103,2.2,192,93,136,2.8
"2228","Eastern Illinois",2020,"OVC",106.1,104.1,2.1,170,117,139,0
"2229","Pennsylvania",2020,"Ivy",107,105,2,152,143,140,1.6
"2230","Virginia Tech",2020,"ACC",105.9,104,1.9,175,113,141,2.1
"2231","Saint Peter's",2020,"MAAC",103,101.1,1.9,250,52,141,0.7
"2232","Georgia",2020,"SEC",108.2,106.3,1.9,124,178,141,2.5
"2233","Valparaiso",2020,"MVC",107.4,105.5,1.9,143,158,141,0.6
"2234","Iowa State",2020,"Big 12",109.2,107.4,1.8,102,214,145,0.8
"2235","Utah",2020,"Pac-12",109.4,107.6,1.8,96,220,145,-0.7
"2236","Washington State",2020,"Pac-12",106.1,104.3,1.8,170,126,145,-0.2
"2237","Pacific",2020,"WCC",106.5,104.8,1.7,163,138,148,2.2
"2238","UNLV",2020,"Mountain West",108.5,106.9,1.6,116,196,149,2.3
"2239","Nicholls",2020,"Southland",104.9,103.8,1.1,199,108,150,1.9
"2240","Ole Miss",2020,"SEC",104.1,103,1.1,221,93,150,2.2
"2241","Stony Brook",2020,"Am. East",107.4,106.4,1,143,180,152,2
"2242","Virginia",2020,"ACC",93.5,92.6,0.9,337,14,153,6.1
"2243","Portland State",2020,"Big Sky",110.6,109.7,0.9,68,284,153,0.4
"2244","Gardner-Webb",2020,"Big South",110.3,109.5,0.8,73,273,155,-0.2
"2245","South Dakota",2020,"Summit",111.8,111.1,0.8,44,300,155,1.1
"2246","American University",2020,"Patriot",105.5,104.7,0.8,189,136,155,0.3
"2247","Harvard",2020,"Ivy",103.6,102.7,0.8,232,85,155,4
"2248","Southern Illinois",2020,"MVC",105.1,104.5,0.7,195,128,159,-0.8
"2249","Sam Houston",2020,"Southland",105.9,105.2,0.7,175,151,159,0.6
"2250","Rider",2020,"MAAC",105.8,105.1,0.7,182,147,159,1.7
"2251","DePaul",2020,"Big East",103.4,102.9,0.6,238,89,162,-0.3
"2252","Bowling Green",2020,"MAC",108.2,107.6,0.6,124,220,162,0.1
"2253","Georgia Tech",2020,"ACC",100.1,99.6,0.5,298,26,164,4.3
"2254","Sacred Heart",2020,"NEC",107.7,107.3,0.5,137,208,164,0.6
"2255","Tennessee State",2020,"OVC",107.7,107.4,0.4,137,214,166,-1.8
"2256","Sacramento State",2020,"Big Sky",102.6,102.3,0.3,258,78,167,-0.3
"2257","California Baptist",2020,"WAC",111.8,111.5,0.3,44,305,167,2.7
"2258","Northern Illinois",2020,"MAC",104.5,104.2,0.3,210,122,167,0.3
"2259","Pepperdine",2020,"WCC",108.4,108.2,0.2,119,245,170,-0.4
"2260","Robert Morris",2020,"NEC",106.7,106.5,0.2,157,183,170,0.3
"2261","Florida Atlantic",2020,"CUSA",109.7,109.5,0.2,84,273,170,-1.3
"2262","UT Arlington",2020,"Sun Belt",103,103.1,0,250,95,173,1.4
"2263","UCF",2020,"American",107.8,107.8,0,132,232,173,0.9
"2264","Santa Clara",2020,"WCC",108.3,108.3,0,123,249,173,-0.9
"2265","Mercer",2020,"SoCon",106.9,107,-0.1,154,198,176,-1.8
"2266","Fresno State",2020,"Mountain West",107,107.1,-0.1,152,202,176,-0.7
"2267","New Mexico",2020,"Mountain West",107.2,107.6,-0.3,147,220,178,0.5
"2268","Prairie View A&M",2020,"SWAC",102,102.2,-0.3,269,76,178,0.8
"2269","App State",2020,"Sun Belt",104.5,105,-0.5,210,143,180,-0.7
"2270","Wake Forest",2020,"ACC",108.4,109,-0.6,119,261,181,0.8
"2271","Iona",2020,"MAAC",106.6,107.2,-0.6,160,204,181,-2.8
"2272","Miami",2020,"ACC",108,108.7,-0.7,127,256,183,-0.5
"2273","Pittsburgh",2020,"ACC",103.9,104.7,-0.8,226,136,184,0.5
"2274","North Carolina",2020,"ACC",105.2,106.1,-0.9,192,171,185,2.6
"2275","Central Michigan",2020,"MAC",107.2,108.1,-0.9,147,241,185,-3.6
"2276","UTEP",2020,"CUSA",101.8,102.7,-0.9,271,85,185,-1
"2277","North Dakota",2020,"Summit",107.7,108.7,-1,137,256,188,-3.3
"2278","UTSA",2020,"CUSA",109.3,110.4,-1.1,99,291,189,-3.5
"2279","UC Riverside",2020,"Big West",103.4,104.5,-1.1,238,128,189,-1.2
"2280","UIC",2020,"Horizon",101.2,102.3,-1.1,283,78,189,-1
"2281","UAB",2020,"CUSA",104.9,106.1,-1.1,199,171,189,-0.3
"2282","North Carolina Central",2020,"MEAC",102.7,103.8,-1.1,256,108,189,-1.8
"2283","Monmouth",2020,"MAAC",121.5,122.9,-1.3,7,345,194,0.6
"2284","South Alabama",2020,"Sun Belt",105,106.5,-1.6,196,183,195,1.2
"2285","Southern",2020,"SWAC",103.4,104.9,-1.6,238,140,195,-0.3
"2286","Merrimack",2020,"NEC",100.8,102.5,-1.7,289,81,197,-1.2
"2287","Lafayette",2020,"Patriot",112.2,113.9,-1.7,40,324,197,-0.9
"2288","UC Davis",2020,"Big West",107.8,109.5,-1.7,132,273,197,-3.1
"2289","Abilene Christian",2020,"Southland",99.7,101.5,-1.8,303,59,200,2.6
"2290","Coastal Carolina",2020,"Sun Belt",107.6,109.5,-1.9,140,273,201,0.2
"2291","Seattle U",2020,"WAC",105.7,107.6,-2,184,220,202,-0.6
"2292","Temple",2020,"American",99.7,101.8,-2.1,303,68,203,0.9
"2293","Rice",2020,"CUSA",108.6,110.8,-2.2,114,298,204,-2
"2294","Lipscomb",2020,"ASUN",105.7,107.9,-2.2,184,236,204,-2.3
"2295","High Point",2020,"Big South",103.8,106.1,-2.3,228,171,206,-10.8
"2296","Radford",2020,"Big South",103.5,105.8,-2.3,236,168,206,3
"2297","Green Bay",2020,"Horizon",108.9,111.3,-2.4,110,302,208,-1.9
"2298","Hawai'i",2020,"Big West",105.7,108.1,-2.4,184,241,208,-1.4
"2299","Utah Valley",2020,"WAC",105,107.4,-2.4,196,214,208,-2.9
"2300","Miami (OH)",2020,"MAC",108,110.4,-2.4,127,291,208,-4
"2301","UT Rio Grande Valley",2020,"WAC",105.3,107.8,-2.5,190,232,212,0
"2302","Texas A&M",2020,"SEC",103.2,105.7,-2.5,245,163,212,-0.5
"2303","Omaha",2020,"Summit",106.6,109.3,-2.6,160,271,214,-2.2
"2304","Drake",2020,"MVC",103.4,106.1,-2.7,238,171,215,-0.2
"2305","North Carolina A&T",2020,"MEAC",102.9,105.6,-2.7,253,160,215,-3.2
"2306","Western Michigan",2020,"MAC",104.7,107.6,-2.8,207,220,217,-4.9
"2307","Lamar",2020,"Southland",102.1,104.9,-2.8,267,140,217,-1.8
"2308","Texas Southern",2020,"SWAC",104.9,107.7,-2.8,199,227,217,-2.7
"2309","Long Island University",2020,"NEC",106.2,109.1,-2.9,168,263,220,-2.8
"2310","Jacksonville State",2020,"OVC",104.2,107.2,-3,218,204,221,-2.4
"2311","Montana State",2020,"Big Sky",102.6,105.6,-3,258,160,221,-2.3
"2312","California",2020,"Pac-12",104.3,107.3,-3,216,208,221,-3.5
"2313","North Alabama",2020,"ASUN",104.9,107.9,-3,199,236,221,-4
"2314","Eastern Michigan",2020,"MAC",97.4,100.5,-3.1,320,39,225,-2.2
"2315","Grambling",2020,"SWAC",104.3,107.5,-3.1,216,218,225,-3.7
"2316","Jacksonville",2020,"ASUN",101.8,105,-3.2,271,143,227,-1.8
"2317","Dartmouth",2020,"Ivy",100.8,104.2,-3.4,289,122,228,-1.6
"2318","Norfolk State",2020,"MEAC",97.1,100.5,-3.4,322,39,228,-0.5
"2319","Youngstown State",2020,"Horizon",106.2,109.6,-3.4,168,280,228,-1.9
"2320","Northern Arizona",2020,"Big Sky",107.9,111.4,-3.5,130,303,231,-1.9
"2321","McNeese",2020,"Southland",109,112.7,-3.7,106,316,232,-2.6
"2322","VMI",2020,"SoCon",104.4,108.2,-3.7,214,245,232,-5.3
"2323","Arkansas State",2020,"Sun Belt",105.8,109.5,-3.7,182,273,232,-3.2
"2324","Eastern Kentucky",2020,"OVC",102.7,106.5,-3.8,256,183,235,-4.8
"2325","Bethune-Cookman",2020,"MEAC",101.8,105.7,-3.9,271,163,236,-3.2
"2326","Bucknell",2020,"Patriot",104.1,108,-3.9,221,240,236,-2.2
"2327","Jackson State",2020,"SWAC",100.5,104.6,-4,293,132,238,-2.7
"2328","Canisius",2020,"MAAC",106.1,110.1,-4,170,286,238,-3.1
"2329","Vanderbilt",2020,"SEC",106.7,110.7,-4,157,296,238,-2.3
"2330","Massachusetts",2020,"A-10",104.1,108.2,-4.1,221,245,241,-1.8
"2331","UAlbany",2020,"Am. East",102.2,106.4,-4.2,265,180,242,-4.2
"2332","Air Force",2020,"Mountain West",108.4,112.6,-4.2,119,314,242,-4.1
"2333","Navy",2020,"Patriot",102.4,106.7,-4.2,261,192,242,-2.7
"2334","Charlotte",2020,"CUSA",97.4,101.6,-4.2,320,62,242,0
"2335","Kansas City",2020,"WAC",104.2,108.6,-4.3,218,255,246,-0.4
"2336","UNC Asheville",2020,"Big South",107.1,111.5,-4.3,150,305,246,-3.9
"2337","Army",2020,"Patriot",103.1,107.4,-4.3,248,214,246,-3.9
"2338","South Florida",2020,"American",100.7,105.3,-4.5,291,155,249,0.4
"2339","Illinois State",2020,"MVC",103.3,107.7,-4.5,243,227,249,-4.1
"2340","Cal State Northridge",2020,"Big West",109.2,113.9,-4.6,102,324,251,-4.4
"2341","Campbell",2020,"Big South",101.1,105.7,-4.6,285,163,251,-2.5
"2342","Tulane",2020,"American",103.1,107.8,-4.7,248,232,253,-2.5
"2343","Purdue Fort Wayne",2020,"Summit",101.6,106.3,-4.7,276,178,253,-5
"2344","Louisiana",2020,"Sun Belt",104.7,109.5,-4.9,207,273,255,-4.5
"2345","La Salle",2020,"A-10",99.2,104.1,-4.9,309,117,255,-1.1
"2346","Bryant",2020,"NEC",99.3,104.2,-5,308,122,257,-1.3
"2347","Northwestern",2020,"Big Ten",103.8,108.9,-5.1,228,260,258,-2.8
"2348","Longwood",2020,"Big South",102.5,107.6,-5.1,260,220,258,-5.4
"2349","Northwestern State",2020,"Southland",103.6,108.7,-5.1,232,256,258,-3.4
"2350","Brown",2020,"Ivy",100,105.1,-5.1,300,147,258,-2.6
"2351","Loyola Maryland",2020,"Patriot",106.8,112,-5.2,155,308,262,-3.3
"2352","Cal State Bakersfield",2020,"WAC",102.3,107.5,-5.2,264,218,262,-2
"2353","Oakland",2020,"Horizon",104,109.5,-5.5,225,273,264,-2.6
"2354","Loyola Marymount",2020,"WCC",103.5,109.1,-5.6,236,263,265,-4.7
"2355","Grand Canyon",2020,"WAC",106.3,112.2,-5.9,165,309,266,-1.5
"2356","Mount St. Mary's",2020,"NEC",103.2,109,-5.9,245,261,266,-4.2
"2357","NJIT",2020,"ASUN",101.2,107.2,-6,283,204,268,-6.3
"2358","Manhattan",2020,"MAAC",98.1,104.1,-6,317,117,268,-3.5
"2359","Idaho State",2020,"Big Sky",106.1,112.2,-6.1,170,309,270,-6.8
"2360","Florida A&M",2020,"MEAC",101.5,107.7,-6.2,277,227,271,-6.8
"2361","Fairleigh Dickinson",2020,"NEC",105.9,112.2,-6.3,175,309,272,-4.3
"2362","Cal State Fullerton",2020,"Big West",103.8,110.1,-6.3,228,286,272,-5.9
"2363","Central Arkansas",2020,"Southland",103.2,109.6,-6.4,245,280,274,-5.9
"2364","Boston College",2020,"ACC",99.8,106.2,-6.4,302,176,274,-4.5
"2365","Quinnipiac",2020,"MAAC",101.9,108.5,-6.5,270,254,276,-3.1
"2366","Milwaukee",2020,"Horizon",101.7,108.4,-6.7,275,252,277,-3.8
"2367","Cornell",2020,"Ivy",104.2,110.9,-6.7,218,299,277,-6.1
"2368","Hofstra",2020,"CAA",71,77.8,-6.8,348,6,279,5.5
"2369","Evansville",2020,"MVC",101.3,108.1,-6.8,281,241,279,-8.4
"2370","UL Monroe",2020,"Sun Belt",100.1,107.1,-7,298,202,281,-6.6
"2371","San Diego",2020,"WCC",100.7,107.7,-7,291,227,281,-6.5
"2372","George Mason",2020,"A-10",97.1,104.1,-7,322,117,281,-0.3
"2373","Texas A&M-Corpus Christi",2020,"Southland",100.2,107.3,-7.1,297,208,284,-5.3
"2374","Nebraska",2020,"Big Ten",102.1,109.4,-7.3,267,272,285,-5.3
"2375","Marist",2020,"MAAC",98.3,105.6,-7.3,315,160,285,-7.2
"2376","Lehigh",2020,"Patriot",117.7,125.1,-7.4,10,346,287,-6.1
"2377","Stetson",2020,"ASUN",102.4,109.9,-7.5,261,285,288,-5.2
"2378","Florida Gulf Coast",2020,"ASUN",97.8,105.3,-7.5,318,155,288,-6.2
"2379","UMass Lowell",2020,"Am. East",105,112.5,-7.5,196,313,288,-4.3
"2380","Morgan State",2020,"MEAC",100.5,108.2,-7.7,293,245,291,-5.7
"2381","Niagara",2020,"MAAC",103,110.7,-7.7,250,296,291,-5.5
"2382","Long Beach State",2020,"Big West",100.5,108.4,-7.9,293,252,293,-8.4
"2383","Princeton",2020,"Ivy",114.8,122.7,-7.9,19,344,293,0.8
"2384","Samford",2020,"SoCon",106.6,114.4,-7.9,160,327,293,-11
"2385","Troy",2020,"Sun Belt",101.1,109.1,-8,285,263,296,-7.6
"2386","George Washington",2020,"A-10",102.4,110.4,-8.1,261,291,297,-4.4
"2387","Southern Miss",2020,"CUSA",99.4,107.7,-8.3,306,227,298,-7.4
"2388","Middle Tennessee",2020,"CUSA",102.2,110.6,-8.4,265,294,299,-7.9
"2389","UT Martin",2020,"OVC",110.9,119.4,-8.5,65,340,300,-9.6
"2390","New Hampshire",2020,"Am. East",94.4,102.9,-8.5,335,89,300,-3.3
"2391","Tennessee Tech",2020,"OVC",100.5,109.2,-8.7,293,268,302,-8.4
"2392","Denver",2020,"Summit",101.4,110.1,-8.8,280,286,303,-8.1
"2393","Wyoming",2020,"Mountain West",97.1,106.1,-8.9,322,171,304,-8.5
"2394","South Carolina State",2020,"MEAC",103.6,112.6,-9,232,314,305,-8.8
"2395","Weber State",2020,"Big Sky",101,110.1,-9.1,287,286,306,-6
"2396","Columbia",2020,"Ivy",105.7,114.7,-9.1,184,331,306,-7.9
"2397","South Carolina Upstate",2020,"Big South",103.9,113.3,-9.4,226,320,308,-7.5
"2398","Cal Poly",2020,"Big West",99.6,109.2,-9.5,305,268,309,-8.3
"2399","UMBC",2020,"Am. East",98.3,107.9,-9.6,315,236,310,-4.1
"2400","New Orleans",2020,"Southland",104.9,114.5,-9.6,199,328,310,-8.4
"2401","Portland",2020,"WCC",99.4,109.2,-9.7,306,268,312,-8.7
"2402","SIU Edwardsville",2020,"OVC",101.5,111.2,-9.7,277,301,312,-9.8
"2403","Presbyterian",2020,"Big South",105.2,115.1,-9.8,192,332,314,-8.8
"2404","The Citadel",2020,"SoCon",103.7,113.6,-9.8,231,323,314,-12.4
"2405","Wagner",2020,"NEC",104.5,114.6,-10.1,210,329,316,-9.7
"2406","Southeast Missouri State",2020,"OVC",101.3,111.5,-10.2,281,305,317,-9.8
"2407","Detroit Mercy",2020,"Horizon",102.8,113,-10.2,254,319,317,-7.4
"2408","Alcorn State",2020,"SWAC",104.8,115.3,-10.5,205,334,319,-5.7
"2409","SE Louisiana",2020,"Southland",99.9,110.6,-10.7,301,294,320,-10.6
"2410","Cleveland State",2020,"Horizon",98.6,109.6,-11,313,280,321,-7.8
"2411","Idaho",2020,"Big Sky",99.1,110.3,-11.1,312,290,322,-9.7
"2412","Western Illinois",2020,"Summit",103.3,114.6,-11.3,243,329,323,-10.5
"2413","Delaware State",2020,"MEAC",104.8,116.2,-11.4,205,338,324,-13.3
"2414","IU Indianapolis",2020,"Horizon",104.1,115.7,-11.7,221,337,325,-10.8
"2415","Binghamton",2020,"Am. East",103.6,115.4,-11.8,232,335,326,-10.2
"2416","East Carolina",2020,"American",94.6,106.4,-11.8,333,180,326,-5.4
"2417","Charleston Southern",2020,"Big South",96.1,107.9,-11.8,330,236,326,-5.3
"2418","Fordham",2020,"A-10",88.2,100.1,-11.9,345,31,329,-4.4
"2419","Alabama State",2020,"SWAC",93.7,105.7,-12,336,163,330,-7.5
"2420","Alabama A&M",2020,"SWAC",99.2,111.4,-12.2,309,303,331,-10.4
"2421","Delaware",2020,"CAA",69.3,81.6,-12.3,349,10,332,0.8
"2422","San José State",2020,"Mountain West",100.9,113.3,-12.4,288,320,333,-11
"2423","Maine",2020,"Am. East",94.9,107.3,-12.4,332,208,333,-8.6
"2424","Houston Christian",2020,"Southland",107.8,120.6,-12.9,132,342,335,-12.5
"2425","Coppin State",2020,"MEAC",90.9,104,-13.1,342,113,336,-7.3
"2426","Mississippi Valley State",2020,"SWAC",97.8,112.2,-14.4,318,309,337,-17.9
"2427","Incarnate Word",2020,"Southland",98.5,113.3,-14.8,314,320,338,-13
"2428","Towson",2020,"CAA",92.9,109.1,-16.2,339,263,339,1.5
"2429","Arkansas-Pine Bluff",2020,"SWAC",91.3,107.6,-16.3,341,220,340,-13.7
"2430","Maryland Eastern Shore",2020,"MEAC",96.4,112.8,-16.4,329,317,341,-14.4
"2431","Holy Cross",2020,"Patriot",99.2,116.6,-17.5,309,339,342,-12.1
"2432","Central Connecticut",2020,"NEC",96.6,114.3,-17.7,328,326,343,-15.6
"2433","Howard",2020,"MEAC",101.5,120,-18.5,277,341,344,-15
"2434","UNC Wilmington",2020,"CAA",55.7,76.4,-20.8,350,5,345,-8.3
"2435","Kennesaw State",2020,"ASUN",90,112.9,-22.9,343,318,346,-17.9
"2436","Chicago State",2020,"WAC",93.2,121.3,-28.1,338,343,347,-19.8
"2437","Northeastern",2020,"CAA",130.7,197.2,-66.5,5,347,348,2.2
"2438","Elon",2020,"CAA",133.5,242.8,-109.3,4,348,349,-5.9
"2439","Drexel",2020,"CAA",169.9,286.4,-116.5,3,349,350,-3.4
"2440","James Madison",2020,"CAA",193.4,398.6,-205.2,2,350,351,-6.9
"2441","Gonzaga",2021,"WCC",124.6,92.5,32.1,2,9,1,25.46
"2442","Houston",2021,"American",129.9,99.8,30,1,93,2,22.55
"2443","Baylor",2021,"Big 12",122,93,29,3,11,3,21.73
"2444","Illinois",2021,"Big Ten",116.7,92.4,24.2,7,8,4,16.69
"2445","Michigan",2021,"Big Ten",116,92.6,23.5,8,10,5,14.26
"2446","Iowa",2021,"Big Ten",121.9,99.7,22.1,4,92,6,18.9
"2447","USC",2021,"Pac-12",115.1,93.1,22,11,13,7,12.5
"2448","Loyola Chicago",2021,"MVC",110.9,89.1,21.8,43,2,8,13.39
"2449","Alabama",2021,"SEC",111.3,90.4,20.9,35,3,9,14.62
"2450","Colorado",2021,"Pac-12",114.3,94.7,19.7,14,22,10,9.82
"2451","Arkansas",2021,"SEC",111.5,91.9,19.6,31,6,11,16.27
"2452","Texas Tech",2021,"Big 12",111.6,92.3,19.3,30,7,12,20.08
"2453","Ohio State",2021,"Big Ten",117.7,99.6,18.2,6,90,13,14.17
"2454","Villanova",2021,"Big East",115.6,98.5,17.2,9,67,14,19.31
"2455","Wisconsin",2021,"Big Ten",111.4,94.4,17,33,20,15,13.13
"2456","BYU",2021,"WCC",112.3,95.4,17,23,26,15,10.05
"2457","Tennessee",2021,"SEC",107.9,91,16.9,81,4,17,20.46
"2458","LSU",2021,"SEC",118.1,101.3,16.9,5,131,17,17.45
"2459","Florida State",2021,"ACC",112.5,96,16.5,22,38,19,6.39
"2460","Virginia",2021,"ACC",113.2,96.7,16.5,18,43,19,8.88
"2461","Creighton",2021,"Big East",111.8,95.4,16.4,26,26,21,11.34
"2462","UConn",2021,"Big East",112.3,96.2,16.1,23,39,22,16.4
"2463","Oregon",2021,"Pac-12",115.2,99.2,16,10,82,23,10.05
"2464","UCLA",2021,"Pac-12",114.5,98.6,15.9,12,69,24,19.3
"2465","Colgate",2021,"Patriot",113.7,97.8,15.9,15,60,24,0.98
"2466","West Virginia",2021,"Big 12",113.5,97.7,15.8,17,58,26,10.23
"2467","Texas",2021,"Big 12",111,95.3,15.7,40,24,27,17.01
"2468","San Diego State",2021,"Mountain West",109.5,93.9,15.6,56,19,28,13.13
"2469","Kansas",2021,"Big 12",108.8,93.3,15.5,68,14,29,22.28
"2470","St. Bonaventure",2021,"A-10",110.7,95.7,15,47,33,30,8.27
"2471","Memphis",2021,"American",102.7,88,14.7,180,1,31,14.67
"2472","Purdue",2021,"Big Ten",111.2,97.1,14.2,37,45,32,19.15
"2473","Arizona",2021,"Pac-12",112.7,98.8,14,21,75,33,22.75
"2474","North Carolina",2021,"ACC",109.4,95.5,13.9,59,28,34,15.5
"2475","Oklahoma State",2021,"Big 12",108.1,94.4,13.7,79,20,35,13.28
"2476","Syracuse",2021,"ACC",110.7,97.1,13.6,47,45,36,10.12
"2477","Oklahoma",2021,"Big 12",110.4,96.9,13.5,51,44,37,14.12
"2478","Wright State",2021,"Horizon",109.3,95.9,13.4,60,34,38,-1.94
"2479","Maryland",2021,"Big Ten",111.2,97.9,13.3,37,63,39,9.34
"2480","Florida",2021,"SEC",109.7,96.5,13.2,54,41,40,11.93
"2481","Drake",2021,"MVC",113.6,100.7,12.9,16,110,41,7.34
"2482","Georgia Tech",2021,"ACC",113.2,100.4,12.8,18,105,42,2.24
"2483","UC Santa Barbara",2021,"Big West",111.7,98.9,12.8,29,78,42,1.38
"2484","Utah State",2021,"Mountain West",105.7,93,12.7,120,11,44,10.41
"2485","Duke",2021,"ACC",111.8,99.5,12.3,26,86,45,19.55
"2486","Rutgers",2021,"Big Ten",105.9,93.8,12.1,112,17,46,8.78
"2487","Abilene Christian",2021,"Southland",103.2,91.3,11.9,167,5,47,2.25
"2488","Buffalo",2021,"MAC",109,97.4,11.6,65,51,48,1.9
"2489","Saint Louis",2021,"A-10",108.9,97.4,11.5,66,51,49,9.83
"2490","Toledo",2021,"MAC",114.4,103,11.5,13,176,49,6.26
"2491","SMU",2021,"American",109.1,97.6,11.4,64,55,51,11.14
"2492","Virginia Tech",2021,"ACC",109.2,97.9,11.3,62,63,52,14.48
"2493","VCU",2021,"A-10",104.4,93.3,11.1,147,14,53,9.83
"2494","Ole Miss",2021,"SEC",104.2,93.4,10.8,150,16,54,6.72
"2495","Penn State",2021,"Big Ten",110.4,100,10.4,51,96,55,8.72
"2496","Winthrop",2021,"Big South",107.7,97.4,10.3,85,51,56,-1.56
"2497","Belmont",2021,"OVC",111.3,101,10.3,35,122,56,6.49
"2498","Clemson",2021,"ACC",105.8,95.5,10.3,118,28,56,9.59
"2499","North Texas",2021,"CUSA",106.2,95.9,10.3,102,34,56,8.98
"2500","Kentucky",2021,"SEC",105.6,95.5,10.1,121,28,60,20.9
"2501","Auburn",2021,"SEC",111,100.8,10.1,40,114,60,19.2
"2502","Richmond",2021,"A-10",109.2,99.2,9.9,62,82,62,7.07
"2503","Seton Hall",2021,"Big East",106.9,97.1,9.8,92,45,63,12.75
"2504","Vermont",2021,"Am. East",108.2,98.5,9.7,78,67,64,7.81
"2505","Missouri",2021,"SEC",108.5,98.8,9.7,74,75,64,2.94
"2506","Louisiana Tech",2021,"CUSA",104.9,95.3,9.6,136,24,66,5.23
"2507","Oregon State",2021,"Pac-12",108.9,99.6,9.4,66,90,67,-1.44
"2508","Boise State",2021,"Mountain West",111,101.6,9.4,40,138,67,11.93
"2509","Xavier",2021,"Big East",108.7,99.3,9.4,70,84,67,13.23
"2510","Liberty",2021,"ASUN",110.7,101.5,9.3,47,134,70,1.86
"2511","Ohio",2021,"MAC",110.8,101.6,9.3,46,138,70,1.5
"2512","Utah",2021,"Pac-12",108.7,99.5,9.2,70,86,72,5.45
"2513","Colorado State",2021,"Mountain West",106.1,97.1,9,106,45,73,11.51
"2514","UAB",2021,"CUSA",104.6,95.6,9,142,32,73,10.9
"2515","Davidson",2021,"A-10",111.8,102.9,8.9,26,173,75,10.43
"2516","NC State",2021,"ACC",109.5,100.7,8.8,56,110,76,3.77
"2517","Saint Mary's",2021,"WCC",102.4,93.8,8.6,189,17,77,14.82
"2518","Grand Canyon",2021,"WAC",104.4,95.9,8.5,147,34,78,5.81
"2519","Marshall",2021,"CUSA",108.6,100.2,8.5,72,99,78,-4.57
"2520","Georgetown",2021,"Big East",105.9,97.4,8.5,112,51,78,1.71
"2521","Furman",2021,"SoCon",109.6,101.1,8.5,55,123,78,6.2
"2522","UC Riverside",2021,"Big West",106.5,98.1,8.4,97,65,82,-0.92
"2523","Weber State",2021,"Big Sky",111.4,103,8.4,33,176,82,-1.73
"2524","Mississippi State",2021,"SEC",106.9,98.6,8.4,92,69,82,11.83
"2525","UC Irvine",2021,"Big West",105,96.6,8.4,132,42,82,1.59
"2526","UNC Greensboro",2021,"SoCon",104.7,96.4,8.3,141,40,86,-2.47
"2527","Louisville",2021,"ACC",105.9,97.7,8.2,112,58,87,4.23
"2528","Indiana",2021,"Big Ten",105.8,97.6,8.2,118,55,87,12.71
"2529","St. John's",2021,"Big East",107.9,100.2,7.8,81,99,89,11.95
"2530","Eastern Washington",2021,"Big Sky",110.3,102.6,7.8,53,165,89,-5.2
"2531","San Francisco",2021,"WCC",106.6,99,7.6,95,79,91,14.12
"2532","Wichita State",2021,"American",105.4,97.8,7.6,127,60,91,8.11
"2533","Stanford",2021,"Pac-12",102.7,95.5,7.2,180,28,93,6.27
"2534","Missouri State",2021,"MVC",108.8,102,6.8,68,152,94,8.29
"2535","Western Kentucky",2021,"CUSA",105.9,99.3,6.6,112,84,95,3.3
"2536","Minnesota",2021,"Big Ten",105.2,98.6,6.6,130,69,95,5.93
"2537","Providence",2021,"Big East",107.5,101.1,6.4,87,123,97,13.08
"2538","Michigan State",2021,"Big Ten",104.4,98.2,6.2,147,66,98,13.18
"2539","Dayton",2021,"A-10",107,100.8,6.2,91,114,98,10.41
"2540","Northwestern",2021,"Big Ten",103.7,97.6,6.1,161,55,100,8.91
"2541","Loyola Marymount",2021,"WCC",108.4,102.3,6.1,77,156,100,-1.93
"2542","Washington State",2021,"Pac-12",101.9,95.9,6,200,34,102,12.57
"2543","Notre Dame",2021,"ACC",112.9,107.6,5.3,20,273,103,11.87
"2544","Akron",2021,"MAC",107.7,102.5,5.2,85,161,104,0.91
"2545","Southern Utah",2021,"Big Sky",110.9,105.7,5.2,43,235,104,-1.51
"2546","Stephen F. Austin",2021,"Southland",106.5,101.5,5.1,97,134,106,2.43
"2547","UMBC",2021,"Am. East",106,100.9,5.1,111,118,106,-6.06
"2548","South Dakota State",2021,"Summit",110.9,106,5,43,242,108,6.6
"2549","Nevada",2021,"Mountain West",105.5,100.5,5,123,107,108,3.71
"2550","Pittsburgh",2021,"ACC",106.8,102,4.8,94,152,110,0.45
"2551","Marquette",2021,"Big East",108.5,103.8,4.7,74,190,111,11.36
"2552","Kent State",2021,"MAC",107.9,103.3,4.6,81,182,112,-0.13
"2553","Vanderbilt",2021,"SEC",107.2,102.8,4.4,89,170,113,11
"2554","Georgia",2021,"SEC",106.2,101.8,4.4,102,146,113,-0.63
"2555","Pepperdine",2021,"WCC",104.6,100.2,4.4,142,99,113,-7.04
"2556","Mercer",2021,"SoCon",107.5,103.5,4,87,186,116,-3.41
"2557","Iona",2021,"MAAC",103,99.1,3.9,171,81,117,5.47
"2558","Arizona State",2021,"Pac-12",106.3,102.5,3.8,100,161,118,7.64
"2559","New Mexico State",2021,"WAC",111.5,107.8,3.7,31,279,119,7.11
"2560","Bryant",2021,"NEC",105,101.5,3.5,132,134,120,-4.8
"2561","Murray State",2021,"OVC",105.4,101.9,3.5,127,148,120,9.87
"2562","Siena",2021,"MAAC",106.2,102.7,3.4,102,168,122,-6.4
"2563","UCF",2021,"American",104.6,101.2,3.4,142,127,122,6.23
"2564","Massachusetts",2021,"A-10",105,101.6,3.4,132,138,122,-0.67
"2565","Wofford",2021,"SoCon",107.9,104.6,3.3,81,206,125,2.01
"2566","Morehead State",2021,"OVC",100.9,97.8,3.2,218,60,126,0.79
"2567","Indiana State",2021,"MVC",103.2,100,3.2,167,96,126,-3.49
"2568","James Madison",2021,"CAA",105,101.9,3.1,132,148,128,-4.13
"2569","Bowling Green",2021,"MAC",105.9,103,2.9,112,176,129,-8.82
"2570","Oral Roberts",2021,"Summit",108.6,105.8,2.7,72,237,130,-0.84
"2571","East Tennessee State",2021,"SoCon",103.9,101.2,2.7,154,127,130,-2.76
"2572","Tulsa",2021,"American",101.3,98.8,2.4,211,75,132,1.56
"2573","Sam Houston",2021,"Southland",103.8,101.5,2.3,160,134,133,0.07
"2574","Cal State Bakersfield",2021,"Big West",104.5,102.2,2.3,145,155,133,-7.57
"2575","Nebraska",2021,"Big Ten",99.3,97.1,2.2,250,45,135,3
"2576","Navy",2021,"Patriot",103.6,101.6,2.1,163,138,136,-2.94
"2577","Gardner-Webb",2021,"Big South",106.1,104.3,1.9,106,198,137,-2.35
"2578","Detroit Mercy",2021,"Horizon",112,110.2,1.8,25,307,138,-6.33
"2579","Bellarmine",2021,"ASUN",109.5,107.7,1.8,56,276,138,-3.77
"2580","Rhode Island",2021,"A-10",102,100.2,1.8,195,99,138,2.92
"2581","Pacific",2021,"WCC",102.5,100.8,1.7,185,114,141,-8.02
"2582","Cincinnati",2021,"American",102.3,100.6,1.7,192,109,141,7.44
"2583","Florida Atlantic",2021,"CUSA",104.9,103.2,1.7,136,180,141,2.63
"2584","Duquesne",2021,"A-10",101.9,100.2,1.7,200,99,141,-6.34
"2585","UTEP",2021,"CUSA",103.9,102.3,1.6,154,156,145,0.27
"2586","VMI",2021,"SoCon",108.5,107,1.6,74,262,145,-2.47
"2587","Jacksonville State",2021,"OVC",106.1,104.6,1.5,106,206,147,-0.19
"2588","Mount St. Mary's",2021,"NEC",102.5,101.1,1.4,185,123,148,-8.2
"2589","North Dakota State",2021,"Summit",103.9,102.6,1.4,154,165,148,-1.6
"2590","Drexel",2021,"CAA",106.1,104.8,1.3,106,213,150,-0.29
"2591","California",2021,"Pac-12",104.5,103.2,1.3,145,180,150,3.96
"2592","Georgia State",2021,"Sun Belt",105.6,104.4,1.2,121,199,152,-1.11
"2593","South Carolina",2021,"SEC",103.5,102.4,1.1,165,159,153,7.14
"2594","Chattanooga",2021,"SoCon",106.2,105.4,0.8,102,227,154,6.12
"2595","Old Dominion",2021,"CUSA",101.7,100.9,0.8,204,118,154,-1.32
"2596","George Mason",2021,"A-10",100.7,99.8,0.8,223,93,154,4.18
"2597","Eastern Kentucky",2021,"OVC",102.4,101.8,0.7,189,146,157,-6.75
"2598","Northeastern",2021,"CAA",100.2,99.5,0.7,233,86,157,-6
"2599","Coastal Carolina",2021,"Sun Belt",101.5,100.8,0.6,209,114,159,0.66
"2600","Wagner",2021,"NEC",103.9,103.4,0.5,154,183,160,-1.12
"2601","Hofstra",2021,"CAA",108.1,107.8,0.4,79,279,161,1.8
"2602","Butler",2021,"Big East",102,101.6,0.4,195,138,161,4.45
"2603","Ball State",2021,"MAC",103.2,102.8,0.3,167,170,163,-7.99
"2604","Miami (OH)",2021,"MAC",106.3,106,0.3,100,242,163,-6.35
"2605","Texas State",2021,"Sun Belt",100.7,100.4,0.3,223,105,163,0.14
"2606","South Dakota",2021,"Summit",106.6,106.4,0.2,95,250,166,-4.43
"2607","Loyola Maryland",2021,"Patriot",99.4,99.5,-0.1,249,86,167,-8.4
"2608","Bradley",2021,"MVC",102.4,102.5,-0.2,189,161,168,5.79
"2609","UTSA",2021,"CUSA",105.5,105.8,-0.2,123,237,168,-10.46
"2610","Hawai'i",2021,"Big West",107.2,107.4,-0.3,89,268,170,-0.52
"2611","Monmouth",2021,"MAAC",103.5,103.8,-0.3,165,190,170,-0.39
"2612","Temple",2021,"American",100.1,100.5,-0.3,239,107,170,4.61
"2613","Nicholls",2021,"Southland",102,102.3,-0.4,195,156,173,-3.62
"2614","Saint Peter's",2021,"MAAC",94.2,94.7,-0.5,316,22,174,2.96
"2615","Louisiana",2021,"Sun Belt",103.1,103.7,-0.6,170,189,175,-2.71
"2616","Cleveland State",2021,"Horizon",99.9,100.7,-0.7,244,110,176,-1.78
"2617","TCU",2021,"Big 12",103.9,104.6,-0.7,154,206,176,13.72
"2618","UAlbany",2021,"Am. East",101,101.9,-1,215,148,178,-9.8
"2619","Rice",2021,"CUSA",105.5,106.5,-1.1,123,252,179,-2.74
"2620","Texas A&M",2021,"SEC",100.2,101.4,-1.1,233,132,179,12.93
"2621","Campbell",2021,"Big South",103.7,105.2,-1.4,161,224,181,-4.84
"2622","Army",2021,"Patriot",100.1,101.6,-1.5,239,138,182,-10.53
"2623","Miami",2021,"ACC",100.1,101.7,-1.5,239,145,182,11.22
"2624","Morgan State",2021,"MEAC",103,104.5,-1.5,171,203,182,-12.62
"2625","East Carolina",2021,"American",97.4,99,-1.6,278,79,185,0.49
"2626","California Baptist",2021,"WAC",109.3,111,-1.7,60,314,186,-3.53
"2627","Montana",2021,"Big Sky",100.2,101.9,-1.7,233,148,186,-6.48
"2628","Delaware",2021,"CAA",98.2,100,-1.7,264,96,186,0.32
"2629","Elon",2021,"CAA",100.7,102.5,-1.8,223,161,189,-6.15
"2630","Santa Clara",2021,"WCC",102.2,104,-1.8,193,193,189,8.98
"2631","South Alabama",2021,"Sun Belt",104.9,106.9,-1.9,136,260,191,0.23
"2632","UMass Lowell",2021,"Am. East",102.9,104.9,-2,176,215,192,-7.08
"2633","DePaul",2021,"Big East",96.6,98.6,-2.1,290,69,193,7.83
"2634","Niagara",2021,"MAAC",102.9,105.4,-2.4,176,227,194,-3.09
"2635","Canisius",2021,"MAAC",104.9,107.3,-2.4,136,265,194,-7.48
"2636","Norfolk State",2021,"MEAC",100.8,103.4,-2.6,219,183,196,-3.91
"2637","Texas Southern",2021,"SWAC",102.5,105.1,-2.6,185,222,196,-3.3
"2638","Wyoming",2021,"Mountain West",106.4,109,-2.6,99,297,196,9.36
"2639","Washington",2021,"Pac-12",101.6,104.2,-2.6,207,197,196,5.03
"2640","Northern Iowa",2021,"MVC",102.1,104.9,-2.7,194,215,200,5.79
"2641","Austin Peay",2021,"OVC",105.5,108.6,-3,123,291,201,-10.02
"2642","UNLV",2021,"Mountain West",103,106,-3,171,242,201,7.2
"2643","Stony Brook",2021,"Am. East",98.1,101.2,-3.1,267,127,203,-6.63
"2644","Montana State",2021,"Big Sky",100.8,104.1,-3.2,219,195,204,-0.26
"2645","Wake Forest",2021,"ACC",102,105.3,-3.3,195,226,205,13.24
"2646","Radford",2021,"Big South",101.1,104.4,-3.3,213,199,205,-9.23
"2647","Marist",2021,"MAAC",95.1,98.6,-3.5,302,69,207,-4.26
"2648","Arkansas State",2021,"Sun Belt",101.8,105.4,-3.6,202,227,208,-3.27
"2649","Long Island University",2021,"NEC",97.2,100.7,-3.6,281,110,208,-7.62
"2650","Boston College",2021,"ACC",102,105.6,-3.6,195,232,208,4.03
"2651","Lafayette",2021,"Patriot",106.1,109.7,-3.6,106,302,208,-12.6
"2652","Little Rock",2021,"Sun Belt",101.4,105,-3.6,210,219,208,-12.05
"2653","American University",2021,"Patriot",101.3,105,-3.7,211,219,213,-15.38
"2654","Northern Kentucky",2021,"Horizon",104.1,107.9,-3.8,152,281,214,-3.19
"2655","Prairie View A&M",2021,"SWAC",98.7,102.6,-3.9,259,165,215,-10.47
"2656","Utah Valley",2021,"WAC",110.7,114.8,-4.1,47,340,216,2.37
"2657","UNC Asheville",2021,"Big South",101.7,105.8,-4.1,204,237,216,-4.52
"2658","Kansas State",2021,"Big 12",99.1,103.4,-4.2,254,183,218,10.61
"2659","Tarleton State",2021,"WAC",98.2,102.4,-4.2,264,159,218,-3.18
"2660","UNC Wilmington",2021,"CAA",103.9,108.2,-4.3,154,285,220,-0.66
"2661","South Florida",2021,"American",101,105.4,-4.4,215,227,221,-3.05
"2662","Portland State",2021,"Big Sky",94.1,98.6,-4.5,317,69,222,-7.7
"2663","UT Arlington",2021,"Sun Belt",98.3,102.8,-4.5,261,170,222,-5.49
"2664","The Citadel",2021,"SoCon",105.1,109.7,-4.6,131,302,224,-6.8
"2665","Iowa State",2021,"Big 12",99.5,104.1,-4.6,246,195,224,12.38
"2666","Idaho State",2021,"Big Sky",96.7,101.2,-4.6,287,127,224,-14.96
"2667","Boston University",2021,"Patriot",103,107.7,-4.7,171,276,227,-5.07
"2668","Merrimack",2021,"NEC",96.7,101.4,-4.7,287,132,227,-10.86
"2669","Bucknell",2021,"Patriot",102.7,107.4,-4.7,180,268,227,-14.62
"2670","App State",2021,"Sun Belt",100,104.8,-4.8,243,213,230,-1.45
"2671","Seattle U",2021,"WAC",98.1,102.9,-4.8,267,173,230,1.96
"2672","Northern Colorado",2021,"Big Sky",100.1,104.9,-4.8,239,215,230,-4.53
"2673","Milwaukee",2021,"Horizon",102.6,107.5,-4.9,183,271,233,-13.19
"2674","Florida A&M",2021,"MEAC",95.3,100.2,-4.9,297,99,233,-12.05
"2675","Longwood",2021,"Big South",100.2,105.2,-5,233,224,235,-0.35
"2676","Southern Illinois",2021,"MVC",100.4,105.4,-5,229,227,235,2.83
"2677","Quinnipiac",2021,"MAAC",96,100.9,-5,296,118,235,-5.56
"2678","Western Carolina",2021,"SoCon",102.6,107.6,-5.1,183,273,238,-10.48
"2679","Charleston",2021,"CAA",103,108.2,-5.2,171,285,239,-17.56
"2680","UC Davis",2021,"Big West",98.3,103.6,-5.3,261,187,240,-3.7
"2681","Sacramento State",2021,"Big Sky",103.6,108.9,-5.3,163,294,240,-12.06
"2682","Charlotte",2021,"CUSA",97.5,103,-5.4,277,176,242,-1.62
"2683","Fairleigh Dickinson",2021,"NEC",104.9,110.4,-5.5,136,309,243,-18.13
"2684","Fresno State",2021,"Mountain West",99.2,104.7,-5.5,252,210,243,8.36
"2685","Cal State Fullerton",2021,"Big West",105.9,111.5,-5.6,112,320,245,-0.04
"2686","La Salle",2021,"A-10",100.6,106.4,-5.8,227,250,246,-3.5
"2687","Lipscomb",2021,"ASUN",100.6,106.5,-5.9,227,252,247,-8.42
"2688","Youngstown State",2021,"Horizon",105.3,111.2,-6,129,316,248,-6.28
"2689","Illinois State",2021,"MVC",98.9,105,-6.1,256,219,249,-0.78
"2690","Stetson",2021,"ASUN",101.6,107.7,-6.1,207,276,249,-10.34
"2691","Valparaiso",2021,"MVC",96.5,102.7,-6.2,292,168,251,-1.61
"2692","Kansas City",2021,"Summit",97.6,103.9,-6.2,274,192,251,-5.49
"2693","New Hampshire",2021,"Am. East",100.4,106.7,-6.3,229,257,253,-6.32
"2694","Holy Cross",2021,"Patriot",101.8,108.1,-6.3,202,282,253,-16.84
"2695","Evansville",2021,"MVC",104.2,110.5,-6.3,150,310,253,-10.95
"2696","Tulane",2021,"American",111.1,117.6,-6.6,39,343,256,6.74
"2697","Jackson State",2021,"SWAC",90.3,97.1,-6.7,338,45,257,-10.1
"2698","UC San Diego",2021,"Big West",101.7,108.4,-6.8,204,288,258,-7.04
"2699","New Orleans",2021,"Southland",99.8,106.7,-6.9,245,257,259,-7.88
"2700","North Carolina A&T",2021,"MEAC",99.2,106.2,-7,252,246,260,-9.91
"2701","Oakland",2021,"Horizon",102.8,110,-7.2,179,305,261,-1.52
"2702","San Diego",2021,"WCC",98.3,105.6,-7.3,261,232,262,-3.32
"2703","Long Beach State",2021,"Big West",100.2,107.6,-7.4,233,273,263,-0.65
"2704","Saint Joseph's",2021,"A-10",100.8,108.2,-7.5,219,285,264,1
"2705","Samford",2021,"SoCon",96.8,104.4,-7.6,286,199,265,-3.01
"2706","Southern Miss",2021,"CUSA",93.2,100.9,-7.7,322,118,266,-13.58
"2707","St. Francis (PA)",2021,"NEC",98.9,106.5,-7.7,256,252,266,-14.57
"2708","NJIT",2021,"Am. East",99.3,107.2,-7.8,250,263,268,-14.63
"2709","George Washington",2021,"A-10",101,108.9,-7.9,215,294,269,-4.07
"2710","Manhattan",2021,"MAAC",93.6,101.6,-8,320,138,270,-7.64
"2711","High Point",2021,"Big South",98.1,106.2,-8.1,267,246,271,-6.53
"2712","Green Bay",2021,"Horizon",104.1,112.2,-8.1,152,329,271,-13.89
"2713","Southeast Missouri State",2021,"OVC",96.6,104.7,-8.1,290,210,271,-7.19
"2714","Fairfield",2021,"MAAC",99,107.3,-8.2,255,265,274,-3.88
"2715","UT Rio Grande Valley",2021,"WAC",92.8,101.1,-8.3,325,123,275,-10.18
"2716","Florida Gulf Coast",2021,"ASUN",95.3,103.6,-8.4,297,187,276,-3.07
"2717","Southern",2021,"SWAC",94.4,102.9,-8.5,314,173,277,-5.17
"2718","William & Mary",2021,"CAA",98,106.9,-8.9,272,260,278,-13.91
"2719","UIC",2021,"Horizon",95,104,-9,305,193,279,-8.78
"2720","IU Indianapolis",2021,"Horizon",96.5,105.7,-9.1,292,235,280,-23.61
"2721","Binghamton",2021,"Am. East",97.6,106.8,-9.3,274,259,281,-10.41
"2722","North Alabama",2021,"ASUN",97.2,106.6,-9.4,281,255,282,-11.33
"2723","Rider",2021,"MAAC",102.5,111.9,-9.4,185,326,282,-5.87
"2724","Lamar",2021,"Southland",95,104.5,-9.5,305,203,284,-15.86
"2725","Coppin State",2021,"MEAC",92.3,102,-9.7,330,152,285,-12.78
"2726","Georgia Southern",2021,"Sun Belt",95.2,104.9,-9.7,299,215,285,-7.04
"2727","North Dakota",2021,"Summit",98.5,108.4,-9.9,260,288,287,-16.57
"2728","Jacksonville",2021,"ASUN",94.4,104.5,-10.1,314,203,288,-2.06
"2729","Purdue Fort Wayne",2021,"Horizon",101.1,111.3,-10.2,213,318,289,-5.59
"2730","Cal State Northridge",2021,"Big West",100.8,111.2,-10.4,219,316,290,-12.02
"2731","Grambling",2021,"SWAC",95.1,105.6,-10.5,302,232,291,-12.35
"2732","Sacred Heart",2021,"NEC",100.3,111.3,-11,232,318,292,-13.41
"2733","Central Michigan",2021,"MAC",100.7,111.7,-11,223,324,292,-12.56
"2734","UL Monroe",2021,"Sun Belt",94.9,106.2,-11.2,309,246,294,-8.7
"2735","Central Connecticut",2021,"NEC",97.4,108.6,-11.2,278,291,294,-17.43
"2736","Robert Morris",2021,"Horizon",100.4,111.6,-11.3,229,321,296,-12.5
"2737","North Florida",2021,"ASUN",102.9,114.2,-11.4,176,337,297,-8.35
"2738","Florida International",2021,"CUSA",98.1,109.6,-11.5,267,300,298,-6.47
"2739","Howard",2021,"MEAC",100.2,111.7,-11.5,233,324,298,-6.76
"2740","South Carolina Upstate",2021,"Big South",97.2,108.8,-11.6,281,293,300,-9.01
"2741","Northwestern State",2021,"Southland",98,109.7,-11.7,272,302,301,-14.06
"2742","Eastern Illinois",2021,"OVC",96.2,108.1,-11.9,295,282,302,-21.07
"2743","Hampton",2021,"Big South",97.1,109.1,-11.9,284,298,302,-13.54
"2744","Presbyterian",2021,"Big South",93.8,105.8,-12,318,237,304,-8.47
"2745","Towson",2021,"CAA",99.5,111.6,-12.1,246,321,305,6.47
"2746","Central Arkansas",2021,"Southland",98.8,110.9,-12.1,258,313,305,-13.83
"2747","Western Illinois",2021,"Summit",96.7,108.9,-12.2,287,294,307,-6.34
"2748","Troy",2021,"Sun Belt",92.8,105.1,-12.2,325,222,307,-3.56
"2749","Lehigh",2021,"Patriot",95,107.2,-12.3,305,263,309,-10.82
"2750","Tennessee State",2021,"OVC",92.1,104.6,-12.5,333,206,310,-9.34
"2751","Maine",2021,"Am. East",87.3,99.8,-12.6,341,93,311,-18.38
"2752","Northern Arizona",2021,"Big Sky",99.5,112.1,-12.6,246,327,311,-13.5
"2753","Western Michigan",2021,"MAC",93.1,105.9,-12.7,323,241,313,-13.51
"2754","Alabama A&M",2021,"SWAC",91.6,104.4,-12.8,335,199,314,-14.43
"2755","Tennessee Tech",2021,"OVC",97,110.2,-13.2,285,307,315,-7.27
"2756","SIU Edwardsville",2021,"OVC",95.2,108.4,-13.2,299,288,315,-10.37
"2757","Incarnate Word",2021,"Southland",97.6,110.8,-13.2,274,311,315,-17.03
"2758","Utah Tech",2021,"WAC",92.5,106.1,-13.6,329,245,318,-8.53
"2759","Middle Tennessee",2021,"CUSA",92.6,106.6,-14,328,255,319,4.5
"2760","Omaha",2021,"Summit",95,109.3,-14.3,305,299,320,-16.99
"2761","Eastern Michigan",2021,"MAC",98.2,112.8,-14.5,264,331,321,-10.86
"2762","Houston Christian",2021,"Southland",95.1,110,-14.8,302,305,322,-14.47
"2763","McNeese",2021,"Southland",98.1,112.8,-14.8,267,331,322,-11.76
"2764","North Carolina Central",2021,"MEAC",96.3,111,-14.8,294,314,322,-11.39
"2765","Texas A&M-Corpus Christi",2021,"Southland",92.9,108.1,-15.2,324,282,325,-6.78
"2766","SE Louisiana",2021,"Southland",94.5,109.6,-15.2,313,300,325,-9.03
"2767","Charleston Southern",2021,"Big South",92.3,107.5,-15.3,330,271,327,NA
"2768","Cal Poly",2021,"Big West",90.5,106.3,-15.8,337,249,328,-10.6
"2769","Alcorn State",2021,"SWAC",95.2,112.1,-16.9,299,327,329,-8.68
"2770","Portland",2021,"WCC",97.3,114.5,-17.1,280,338,330,-1.71
"2771","New Mexico",2021,"Mountain West",90.1,107.3,-17.1,339,265,330,1.25
"2772","Fordham",2021,"A-10",86.7,104.7,-18,343,210,332,-0.89
"2773","Kennesaw State",2021,"ASUN",92.1,110.8,-18.7,333,311,333,-4.51
"2774","Denver",2021,"Summit",94.9,113.7,-18.8,309,335,334,-10.12
"2775","Alabama State",2021,"SWAC",88.2,107.4,-19.2,340,268,335,-12.05
"2776","Northern Illinois",2021,"MAC",92.7,112.3,-19.7,327,330,336,-10.5
"2777","Air Force",2021,"Mountain West",94.6,114.6,-20,312,339,337,-5.67
"2778","Idaho",2021,"Big Sky",91.3,111.6,-20.3,336,321,338,-13.19
"2779","UT Martin",2021,"OVC",94.8,115.2,-20.4,311,341,339,-11.13
"2780","San José State",2021,"Mountain West",93.4,114,-20.6,321,336,340,NA
"2781","Arkansas-Pine Bluff",2021,"SWAC",92.3,113.2,-20.8,330,333,341,-18.96
"2782","Delaware State",2021,"MEAC",93.7,116.2,-22.5,319,342,342,-22.63
"2783","South Carolina State",2021,"MEAC",85.2,113.4,-28.2,345,334,343,-13.04
"2784","Chicago State",2021,"WAC",86.8,118.1,-31.3,342,344,344,-14.24
"2785","Mississippi Valley State",2021,"SWAC",85.5,122.5,-37,344,345,345,-22.15
"2786","Gonzaga",2022,"WCC",121.1,89.5,31.6,2,6,1,19
"2787","Gonzaga",2022,"WCC",121.1,89.5,31.6,2,6,1,19
"2788","Houston",2022,"American",117.8,87.9,29.8,9,3,2,16
"2789","Houston",2022,"American",117.8,87.9,29.8,9,3,2,16
"2790","Arizona",2022,"Pac-12",119,91.9,27.1,7,15,3,14.8
"2791","Arizona",2022,"Pac-12",119,91.9,27.1,7,15,3,14.8
"2792","Baylor",2022,"Big 12",117.4,90.5,27,10,11,4,13.1
"2793","Baylor",2022,"Big 12",117.4,90.5,27,10,11,4,13.1
"2794","Kansas",2022,"Big 12",119.4,93,26.4,6,19,5,13.5
"2795","Kansas",2022,"Big 12",119.4,93,26.4,6,19,5,13.5
"2796","Texas Tech",2022,"Big 12",112.8,86.9,25.9,33,1,6,12.3
"2797","Texas Tech",2022,"Big 12",112.8,86.9,25.9,33,1,6,12.3
"2798","Kentucky",2022,"SEC",119.8,94,25.8,5,27,7,14.5
"2799","Kentucky",2022,"SEC",119.8,94,25.8,5,27,7,14.5
"2800","Tennessee",2022,"SEC",113.3,87.6,25.7,28,2,8,12.9
"2801","Tennessee",2022,"SEC",113.3,87.6,25.7,28,2,8,12.9
"2802","Villanova",2022,"Big East",117.9,92.7,25.2,8,18,9,12
"2803","Villanova",2022,"Big East",117.9,92.7,25.2,8,18,9,12
"2804","Duke",2022,"ACC",120.9,96.1,24.8,4,43,10,13.4
"2805","Duke",2022,"ACC",120.9,96.1,24.8,4,43,10,13.4
"2806","Purdue",2022,"Big Ten",121.7,98.1,23.6,1,70,11,11.1
"2807","Purdue",2022,"Big Ten",121.7,98.1,23.6,1,70,11,11.1
"2808","UCLA",2022,"Pac-12",116,92.3,23.6,13,17,11,11.9
"2809","UCLA",2022,"Pac-12",116,92.3,23.6,13,17,11,11.9
"2810","Iowa",2022,"Big Ten",121,98.5,22.5,3,78,13,12.3
"2811","Iowa",2022,"Big Ten",121,98.5,22.5,3,78,13,12.3
"2812","Auburn",2022,"SEC",112.6,90.2,22.4,36,10,14,13.8
"2813","Auburn",2022,"SEC",112.6,90.2,22.4,36,10,14,13.8
"2814","Texas",2022,"Big 12",112.7,91.4,21.3,34,13,15,8.6
"2815","Texas",2022,"Big 12",112.7,91.4,21.3,34,13,15,8.6
"2816","Illinois",2022,"Big Ten",114.9,94.5,20.3,19,29,16,8.6
"2817","Illinois",2022,"Big Ten",114.9,94.5,20.3,19,29,16,8.6
"2818","Saint Mary's",2022,"WCC",111.2,91.3,19.9,47,12,17,10.3
"2819","Saint Mary's",2022,"WCC",111.2,91.3,19.9,47,12,17,10.3
"2820","LSU",2022,"SEC",107.5,88,19.5,96,4,18,10.1
"2821","LSU",2022,"SEC",107.5,88,19.5,96,4,18,10.1
"2822","North Carolina",2022,"ACC",115.8,96.6,19.2,15,48,19,9.6
"2823","North Carolina",2022,"ACC",115.8,96.6,19.2,15,48,19,9.6
"2824","UConn",2022,"Big East",114.5,95.5,19,21,40,20,9
"2825","UConn",2022,"Big East",114.5,95.5,19,21,40,20,9
"2826","Virginia Tech",2022,"ACC",115.5,96.8,18.7,17,50,21,9.2
"2827","Virginia Tech",2022,"ACC",115.5,96.8,18.7,17,50,21,9.2
"2828","Arkansas",2022,"SEC",110.1,91.7,18.4,62,14,22,9.6
"2829","Arkansas",2022,"SEC",110.1,91.7,18.4,62,14,22,9.6
"2830","Loyola Chicago",2022,"MVC",110.5,92.2,18.3,53,16,23,10.3
"2831","Loyola Chicago",2022,"MVC",110.5,92.2,18.3,53,16,23,10.3
"2832","San Francisco",2022,"WCC",110.3,93.1,17.2,57,20,24,9.6
"2833","San Francisco",2022,"WCC",110.3,93.1,17.2,57,20,24,9.6
"2834","Murray State",2022,"OVC",113.3,96.1,17.2,28,43,24,12.9
"2835","Murray State",2022,"OVC",113.3,96.1,17.2,28,43,24,12.9
"2836","Ohio State",2022,"Big Ten",116.3,99.4,16.9,11,97,26,7.3
"2837","Ohio State",2022,"Big Ten",116.3,99.4,16.9,11,97,26,7.3
"2838","Alabama",2022,"SEC",115.6,99.3,16.3,16,94,27,8.1
"2839","Alabama",2022,"SEC",115.6,99.3,16.3,16,94,27,8.1
"2840","Memphis",2022,"American",111,94.7,16.3,48,30,27,8.6
"2841","Memphis",2022,"American",111,94.7,16.3,48,30,27,8.6
"2842","San Diego State",2022,"Mountain West",104.6,88.4,16.2,156,5,29,7.8
"2843","San Diego State",2022,"Mountain West",104.6,88.4,16.2,156,5,29,7.8
"2844","Vermont",2022,"Am. East",113.4,97.3,16.1,26,57,30,12.6
"2845","Vermont",2022,"Am. East",113.4,97.3,16.1,26,57,30,12.6
"2846","Michigan",2022,"Big Ten",114.2,98.2,16,23,72,31,6.6
"2847","Michigan",2022,"Big Ten",114.2,98.2,16,23,72,31,6.6
"2848","Oklahoma",2022,"Big 12",110.5,94.7,15.9,53,30,32,5.3
"2849","Oklahoma",2022,"Big 12",110.5,94.7,15.9,53,30,32,5.3
"2850","TCU",2022,"Big 12",109.7,93.7,15.9,69,22,32,5
"2851","TCU",2022,"Big 12",109.7,93.7,15.9,69,22,32,5
"2852","Wake Forest",2022,"ACC",112.2,96.3,15.9,38,46,32,8.2
"2853","Wake Forest",2022,"ACC",112.2,96.3,15.9,38,46,32,8.2
"2854","Wisconsin",2022,"Big Ten",109.6,93.9,15.7,72,25,35,6.3
"2855","Wisconsin",2022,"Big Ten",109.6,93.9,15.7,72,25,35,6.3
"2856","UAB",2022,"CUSA",114.2,98.8,15.4,23,82,36,9.5
"2857","UAB",2022,"CUSA",114.2,98.8,15.4,23,82,36,9.5
"2858","Notre Dame",2022,"ACC",113.3,98.1,15.1,28,70,37,7.3
"2859","Notre Dame",2022,"ACC",113.3,98.1,15.1,28,70,37,7.3
"2860","Davidson",2022,"A-10",115.9,100.8,15.1,14,122,37,8.9
"2861","Davidson",2022,"A-10",115.9,100.8,15.1,14,122,37,8.9
"2862","Providence",2022,"Big East",112.7,97.8,14.9,34,64,39,7.2
"2863","Providence",2022,"Big East",112.7,97.8,14.9,34,64,39,7.2
"2864","Texas A&M",2022,"SEC",108.6,93.8,14.7,82,23,40,6.6
"2865","Texas A&M",2022,"SEC",108.6,93.8,14.7,82,23,40,6.6
"2866","Boise State",2022,"Mountain West",107.8,93.3,14.5,92,21,41,7.4
"2867","Boise State",2022,"Mountain West",107.8,93.3,14.5,92,21,41,7.4
"2868","Oklahoma State",2022,"Big 12",104.6,90.1,14.5,156,9,41,5.7
"2869","Oklahoma State",2022,"Big 12",104.6,90.1,14.5,156,9,41,5.7
"2870","Michigan State",2022,"Big Ten",111.8,97.3,14.5,42,57,41,5.8
"2871","Michigan State",2022,"Big Ten",111.8,97.3,14.5,42,57,41,5.8
"2872","North Texas",2022,"CUSA",109.3,95,14.3,75,36,44,8.9
"2873","North Texas",2022,"CUSA",109.3,95,14.3,75,36,44,8.9
"2874","Dayton",2022,"A-10",109,94.7,14.3,76,30,44,8.6
"2875","Dayton",2022,"A-10",109,94.7,14.3,76,30,44,8.6
"2876","Xavier",2022,"Big East",111.4,97.3,14.2,46,57,46,5.7
"2877","Xavier",2022,"Big East",111.4,97.3,14.2,46,57,46,5.7
"2878","Washington State",2022,"Pac-12",108.8,94.7,14.1,79,30,47,7.5
"2879","Washington State",2022,"Pac-12",108.8,94.7,14.1,79,30,47,7.5
"2880","USC",2022,"Pac-12",110.2,96.2,14,59,45,48,6.1
"2881","USC",2022,"Pac-12",110.2,96.2,14,59,45,48,6.1
"2882","Indiana",2022,"Big Ten",107.8,93.8,14,92,23,48,5.7
"2883","Indiana",2022,"Big Ten",107.8,93.8,14,92,23,48,5.7
"2884","Iowa State",2022,"Big 12",103.2,89.5,13.8,182,6,50,4.5
"2885","Iowa State",2022,"Big 12",103.2,89.5,13.8,182,6,50,4.5
"2886","Colorado State",2022,"Mountain West",112.9,99.2,13.7,31,92,51,6.6
"2887","Colorado State",2022,"Mountain West",112.9,99.2,13.7,31,92,51,6.6
"2888","Mississippi State",2022,"SEC",110.8,97,13.7,50,53,51,6.4
"2889","Mississippi State",2022,"SEC",110.8,97,13.7,50,53,51,6.4
"2890","Seton Hall",2022,"Big East",108.2,94.7,13.5,87,30,53,5.1
"2891","Seton Hall",2022,"Big East",108.2,94.7,13.5,87,30,53,5.1
"2892","Miami",2022,"ACC",113.4,100.1,13.3,26,107,54,5.9
"2893","Miami",2022,"ACC",113.4,100.1,13.3,26,107,54,5.9
"2894","St. John's",2022,"Big East",110.9,98,12.9,49,67,55,4.6
"2895","St. John's",2022,"Big East",110.9,98,12.9,49,67,55,4.6
"2896","VCU",2022,"A-10",102.3,89.6,12.7,200,8,56,7.2
"2897","VCU",2022,"A-10",102.3,89.6,12.7,200,8,56,7.2
"2898","Chattanooga",2022,"SoCon",111.7,99.1,12.7,43,89,56,8.3
"2899","Chattanooga",2022,"SoCon",111.7,99.1,12.7,43,89,56,8.3
"2900","BYU",2022,"WCC",111.5,98.8,12.6,45,82,58,6.7
"2901","BYU",2022,"WCC",111.5,98.8,12.6,45,82,58,6.7
"2902","Florida",2022,"SEC",109.7,97.1,12.6,69,55,58,5.6
"2903","Florida",2022,"SEC",109.7,97.1,12.6,69,55,58,5.6
"2904","Missouri State",2022,"MVC",115.4,103,12.5,18,164,60,7.4
"2905","Missouri State",2022,"MVC",115.4,103,12.5,18,164,60,7.4
"2906","Creighton",2022,"Big East",106.2,93.9,12.3,122,25,61,4
"2907","Creighton",2022,"Big East",106.2,93.9,12.3,122,25,61,4
"2908","Marquette",2022,"Big East",109,96.8,12.2,76,50,62,4
"2909","Marquette",2022,"Big East",109,96.8,12.2,76,50,62,4
"2910","SMU",2022,"American",110.3,98,12.2,57,67,62,6.4
"2911","SMU",2022,"American",110.3,98,12.2,57,67,62,6.4
"2912","Utah State",2022,"Mountain West",110.1,97.9,12.2,62,66,62,7.4
"2913","Utah State",2022,"Mountain West",110.1,97.9,12.2,62,66,62,7.4
"2914","Towson",2022,"CAA",112,100,12,39,105,65,8.3
"2915","Towson",2022,"CAA",112,100,12,39,105,65,8.3
"2916","Wyoming",2022,"Mountain West",110.2,98.2,12,59,72,65,6
"2917","Wyoming",2022,"Mountain West",110.2,98.2,12,59,72,65,6
"2918","Vanderbilt",2022,"SEC",107.3,95.3,12,98,39,65,5.1
"2919","Vanderbilt",2022,"SEC",107.3,95.3,12,98,39,65,5.1
"2920","Saint Louis",2022,"A-10",110.5,98.6,11.9,53,80,68,7
"2921","Saint Louis",2022,"A-10",110.5,98.6,11.9,53,80,68,7
"2922","Belmont",2022,"OVC",110.8,99.3,11.5,50,94,69,9.3
"2923","Belmont",2022,"OVC",110.8,99.3,11.5,50,94,69,9.3
"2924","Kansas State",2022,"Big 12",109.4,98.2,11.1,74,72,70,2.2
"2925","Kansas State",2022,"Big 12",109.4,98.2,11.1,74,72,70,2.2
"2926","Clemson",2022,"ACC",111.7,100.6,11,43,118,71,4.3
"2927","Clemson",2022,"ACC",111.7,100.6,11,43,118,71,4.3
"2928","Fresno State",2022,"Mountain West",106,95.1,10.9,126,37,72,6
"2929","Fresno State",2022,"Mountain West",106,95.1,10.9,126,37,72,6
"2930","Furman",2022,"SoCon",113.6,102.8,10.8,25,158,73,7.8
"2931","Furman",2022,"SoCon",113.6,102.8,10.8,25,158,73,7.8
"2932","Drake",2022,"MVC",109.7,98.9,10.8,69,86,73,6
"2933","Drake",2022,"MVC",109.7,98.9,10.8,69,86,73,6
"2934","West Virginia",2022,"Big 12",108,97.4,10.7,89,61,75,1.6
"2935","West Virginia",2022,"Big 12",108,97.4,10.7,89,61,75,1.6
"2936","St. Bonaventure",2022,"A-10",110.1,99.5,10.5,62,98,76,5.5
"2937","St. Bonaventure",2022,"A-10",110.1,99.5,10.5,62,98,76,5.5
"2938","Santa Clara",2022,"WCC",111.9,101.4,10.5,40,132,76,5.5
"2939","Santa Clara",2022,"WCC",111.9,101.4,10.5,40,132,76,5.5
"2940","South Dakota State",2022,"Summit",116.1,105.7,10.4,12,217,78,10.6
"2941","South Dakota State",2022,"Summit",116.1,105.7,10.4,12,217,78,10.6
"2942","Toledo",2022,"MAC",111.9,101.5,10.4,40,136,78,8.5
"2943","Toledo",2022,"MAC",111.9,101.5,10.4,40,136,78,8.5
"2944","Virginia",2022,"ACC",107.3,96.9,10.4,98,52,78,3.9
"2945","Virginia",2022,"ACC",107.3,96.9,10.4,98,52,78,3.9
"2946","Syracuse",2022,"ACC",114.7,104.3,10.3,20,192,81,4
"2947","Syracuse",2022,"ACC",114.7,104.3,10.3,20,192,81,4
"2948","Oregon",2022,"Pac-12",110,99.9,10.1,65,102,82,3.5
"2949","Oregon",2022,"Pac-12",110,99.9,10.1,65,102,82,3.5
"2950","New Mexico State",2022,"WAC",108,98,10,89,67,83,7.3
"2951","New Mexico State",2022,"WAC",108,98,10,89,67,83,7.3
"2952","Colorado",2022,"Pac-12",106.7,96.6,10,105,48,83,2.7
"2953","Colorado",2022,"Pac-12",106.7,96.6,10,105,48,83,2.7
"2954","Grand Canyon",2022,"WAC",108.6,98.8,9.8,82,82,85,6.3
"2955","Grand Canyon",2022,"WAC",108.6,98.8,9.8,82,82,85,6.3
"2956","Bradley",2022,"MVC",105.5,95.9,9.6,137,42,86,4.5
"2957","Bradley",2022,"MVC",105.5,95.9,9.6,137,42,86,4.5
"2958","Maryland",2022,"Big Ten",110.7,101.4,9.3,52,132,87,2
"2959","Maryland",2022,"Big Ten",110.7,101.4,9.3,52,132,87,2
"2960","Iona",2022,"MAAC",108.2,98.9,9.3,87,86,87,7.6
"2961","Iona",2022,"MAAC",108.2,98.9,9.3,87,86,87,7.6
"2962","Richmond",2022,"A-10",109.5,100.2,9.3,73,110,87,4.1
"2963","Richmond",2022,"A-10",109.5,100.2,9.3,73,110,87,4.1
"2964","Penn State",2022,"Big Ten",106.6,97.4,9.2,108,61,90,1.4
"2965","Penn State",2022,"Big Ten",106.6,97.4,9.2,108,61,90,1.4
"2966","Rutgers",2022,"Big Ten",106.2,97.1,9.1,122,55,91,2.5
"2967","Rutgers",2022,"Big Ten",106.2,97.1,9.1,122,55,91,2.5
"2968","Northern Iowa",2022,"MVC",112.6,103.7,8.9,36,178,92,4.5
"2969","Northern Iowa",2022,"MVC",112.6,103.7,8.9,36,178,92,4.5
"2970","Wichita State",2022,"American",104.5,95.8,8.7,162,41,93,2.9
"2971","Wichita State",2022,"American",104.5,95.8,8.7,162,41,93,2.9
"2972","Middle Tennessee",2022,"CUSA",107.7,99,8.7,94,88,93,5.6
"2973","Middle Tennessee",2022,"CUSA",107.7,99,8.7,94,88,93,5.6
"2974","Tulane",2022,"American",109.8,101.6,8.3,67,139,95,2.3
"2975","Tulane",2022,"American",109.8,101.6,8.3,67,139,95,2.3
"2976","Saint Peter's",2022,"MAAC",102.3,94.2,8.1,200,28,96,5.2
"2977","Saint Peter's",2022,"MAAC",102.3,94.2,8.1,200,28,96,5.2
"2978","Northwestern",2022,"Big Ten",106.1,98.4,7.8,125,76,97,2.5
"2979","Northwestern",2022,"Big Ten",106.1,98.4,7.8,125,76,97,2.5
"2980","Louisiana Tech",2022,"CUSA",106.5,99.1,7.4,112,89,98,5.3
"2981","Louisiana Tech",2022,"CUSA",106.5,99.1,7.4,112,89,98,5.3
"2982","Cincinnati",2022,"American",104.5,97,7.4,162,53,98,2.9
"2983","Cincinnati",2022,"American",104.5,97,7.4,162,53,98,2.9
"2984","UNLV",2022,"Mountain West",106,98.7,7.4,126,81,98,3.3
"2985","UNLV",2022,"Mountain West",106,98.7,7.4,126,81,98,3.3
"2986","South Carolina",2022,"SEC",102.2,95.2,6.9,203,38,101,1.5
"2987","South Carolina",2022,"SEC",102.2,95.2,6.9,203,38,101,1.5
"2988","Princeton",2022,"Ivy",114.5,107.9,6.6,21,262,102,4.9
"2989","Princeton",2022,"Ivy",114.5,107.9,6.6,21,262,102,4.9
"2990","Wofford",2022,"SoCon",110.2,103.7,6.5,59,178,103,3.5
"2991","Wofford",2022,"SoCon",110.2,103.7,6.5,59,178,103,3.5
"2992","Arizona State",2022,"Pac-12",101.3,94.8,6.5,223,35,103,0.3
"2993","Arizona State",2022,"Pac-12",101.3,94.8,6.5,223,35,103,0.3
"2994","DePaul",2022,"Big East",108.5,102.3,6.2,84,150,105,1
"2995","DePaul",2022,"Big East",108.5,102.3,6.2,84,150,105,1
"2996","UCF",2022,"American",106.4,100.4,6,116,113,106,1.7
"2997","UCF",2022,"American",106.4,100.4,6,116,113,106,1.7
"2998","Morehead State",2022,"OVC",104.6,98.8,5.7,156,82,107,4
"2999","Morehead State",2022,"OVC",104.6,98.8,5.7,156,82,107,4
"3000","Florida State",2022,"ACC",105.1,99.5,5.6,143,98,108,0.7
"3001","Florida State",2022,"ACC",105.1,99.5,5.6,143,98,108,0.7
"3002","Southern Illinois",2022,"MVC",105.4,99.9,5.5,139,102,109,1.3
"3003","Southern Illinois",2022,"MVC",105.4,99.9,5.5,139,102,109,1.3
"3004","George Mason",2022,"A-10",106.8,101.4,5.4,104,132,110,2.3
"3005","George Mason",2022,"A-10",106.8,101.4,5.4,104,132,110,2.3
"3006","Liberty",2022,"ASUN",107.4,102.3,5.1,97,150,111,3.1
"3007","Liberty",2022,"ASUN",107.4,102.3,5.1,97,150,111,3.1
"3008","Ole Miss",2022,"SEC",105.3,100.2,5.1,140,110,111,1
"3009","Ole Miss",2022,"SEC",105.3,100.2,5.1,140,110,111,1
"3010","Colgate",2022,"Patriot",108.5,103.6,4.9,84,175,113,6.6
"3011","Colgate",2022,"Patriot",108.5,103.6,4.9,84,175,113,6.6
"3012","Western Kentucky",2022,"CUSA",106.3,101.4,4.9,120,132,113,3.3
"3013","Western Kentucky",2022,"CUSA",106.3,101.4,4.9,120,132,113,3.3
"3014","Stanford",2022,"Pac-12",105.2,100.4,4.8,142,113,115,-1.5
"3015","Stanford",2022,"Pac-12",105.2,100.4,4.8,142,113,115,-1.5
"3016","Hofstra",2022,"CAA",108.7,104,4.7,81,185,116,3.3
"3017","Hofstra",2022,"CAA",108.7,104,4.7,81,185,116,3.3
"3018","Utah Valley",2022,"WAC",103.8,99.3,4.5,174,94,117,4.9
"3019","Utah Valley",2022,"WAC",103.8,99.3,4.5,174,94,117,4.9
"3020","Minnesota",2022,"Big Ten",106.3,101.8,4.5,120,142,117,-0.3
"3021","Minnesota",2022,"Big Ten",106.3,101.8,4.5,120,142,117,-0.3
"3022","Stephen F. Austin",2022,"WAC",103,98.5,4.5,186,78,117,5.6
"3023","Stephen F. Austin",2022,"WAC",103,98.5,4.5,186,78,117,5.6
"3024","Buffalo",2022,"MAC",108.3,103.9,4.4,86,183,120,5.2
"3025","Buffalo",2022,"MAC",108.3,103.9,4.4,86,183,120,5.2
"3026","Temple",2022,"American",103.3,99.1,4.2,181,89,121,0.6
"3027","Temple",2022,"American",103.3,99.1,4.2,181,89,121,0.6
"3028","Ohio",2022,"MAC",104.8,100.6,4.2,153,118,121,5
"3029","Ohio",2022,"MAC",104.8,100.6,4.2,153,118,121,5
"3030","UC Santa Barbara",2022,"Big West",106,101.9,4,126,146,123,3.6
"3031","UC Santa Barbara",2022,"Big West",106,101.9,4,126,146,123,3.6
"3032","Washington",2022,"Pac-12",104.8,100.8,4,153,122,123,-1.3
"3033","Washington",2022,"Pac-12",104.8,100.8,4,153,122,123,-1.3
"3034","Florida Atlantic",2022,"CUSA",106.4,102.5,3.8,116,153,125,2.9
"3035","Florida Atlantic",2022,"CUSA",106.4,102.5,3.8,116,153,125,2.9
"3036","Abilene Christian",2022,"WAC",104.2,100.4,3.8,168,113,125,4.9
"3037","Abilene Christian",2022,"WAC",104.2,100.4,3.8,168,113,125,4.9
"3038","Seattle U",2022,"WAC",101.1,97.4,3.6,230,61,127,4.7
"3039","Seattle U",2022,"WAC",101.1,97.4,3.6,230,61,127,4.7
"3040","UC Irvine",2022,"Big West",101.2,97.8,3.3,227,64,128,3.3
"3041","UC Irvine",2022,"Big West",101.2,97.8,3.3,227,64,128,3.3
"3042","Longwood",2022,"Big South",108,104.6,3.3,89,197,128,3.5
"3043","Longwood",2022,"Big South",108,104.6,3.3,89,197,128,3.5
"3044","Utah",2022,"Pac-12",106.6,103.3,3.3,108,171,128,-1.4
"3045","Utah",2022,"Pac-12",106.6,103.3,3.3,108,171,128,-1.4
"3046","Rhode Island",2022,"A-10",100.6,97.3,3.3,236,57,128,1.8
"3047","Rhode Island",2022,"A-10",100.6,97.3,3.3,236,57,128,1.8
"3048","Akron",2022,"MAC",106.2,103,3.2,122,164,132,4.1
"3049","Akron",2022,"MAC",106.2,103,3.2,122,164,132,4.1
"3050","Boston College",2022,"ACC",104.1,100.9,3.2,172,125,132,-0.8
"3051","Boston College",2022,"ACC",104.1,100.9,3.2,172,125,132,-0.8
"3052","Texas State",2022,"Sun Belt",106.4,103.5,2.9,116,173,134,3.3
"3053","Texas State",2022,"Sun Belt",106.4,103.5,2.9,116,173,134,3.3
"3054","Louisville",2022,"ACC",102.9,100.1,2.9,190,107,134,-0.7
"3055","Louisville",2022,"ACC",102.9,100.1,2.9,190,107,134,-0.7
"3056","Coastal Carolina",2022,"Sun Belt",104.2,101.5,2.7,168,136,136,2.6
"3057","Coastal Carolina",2022,"Sun Belt",104.2,101.5,2.7,168,136,136,2.6
"3058","Jacksonville State",2022,"ASUN",107,104.4,2.6,102,193,137,2.7
"3059","Jacksonville State",2022,"ASUN",107,104.4,2.6,102,193,137,2.7
"3060","Charleston",2022,"CAA",104.5,101.8,2.6,162,142,137,2
"3061","Charleston",2022,"CAA",104.5,101.8,2.6,162,142,137,2
"3062","Delaware",2022,"CAA",107.6,105.2,2.5,95,208,139,2
"3063","Delaware",2022,"CAA",107.6,105.2,2.5,95,208,139,2
"3064","Nevada",2022,"Mountain West",106.6,104.1,2.5,108,188,139,-0.9
"3065","Nevada",2022,"Mountain West",106.6,104.1,2.5,108,188,139,-0.9
"3066","Montana State",2022,"Big Sky",105.3,103,2.3,140,164,141,4.8
"3067","Montana State",2022,"Big Sky",105.3,103,2.3,140,164,141,4.8
"3068","Wagner",2022,"NEC",102.3,100,2.3,200,105,141,5.9
"3069","Wagner",2022,"NEC",102.3,100,2.3,200,105,141,5.9
"3070","NC State",2022,"ACC",108.8,106.5,2.2,79,240,143,-1.5
"3071","NC State",2022,"ACC",108.8,106.5,2.2,79,240,143,-1.5
"3072","Monmouth",2022,"MAAC",103.2,101.1,2.2,182,127,143,2.1
"3073","Monmouth",2022,"MAAC",103.2,101.1,2.2,182,127,143,2.1
"3074","Kent State",2022,"MAC",103.2,101.2,2,182,130,145,2.6
"3075","Kent State",2022,"MAC",103.2,101.2,2,182,130,145,2.6
"3076","Drexel",2022,"CAA",106.7,105,1.8,105,204,146,1.7
"3077","Drexel",2022,"CAA",106.7,105,1.8,105,204,146,1.7
"3078","Sam Houston",2022,"WAC",100.6,99.2,1.4,236,92,147,3.1
"3079","Sam Houston",2022,"WAC",100.6,99.2,1.4,236,92,147,3.1
"3080","Nebraska",2022,"Big Ten",105.1,103.7,1.4,143,178,147,-3.6
"3081","Nebraska",2022,"Big Ten",105.1,103.7,1.4,143,178,147,-3.6
"3082","Yale",2022,"Ivy",102,100.7,1.4,206,121,147,2.1
"3083","Yale",2022,"Ivy",102,100.7,1.4,206,121,147,2.1
"3084","Butler",2022,"Big East",101.9,100.5,1.4,208,116,147,-3.5
"3085","Butler",2022,"Big East",101.9,100.5,1.4,208,116,147,-3.5
"3086","Winthrop",2022,"Big South",106.6,105.1,1.4,108,206,147,2
"3087","Winthrop",2022,"Big South",106.6,105.1,1.4,108,206,147,2
"3088","South Alabama",2022,"Sun Belt",102.5,101.1,1.3,195,127,152,2.8
"3089","South Alabama",2022,"Sun Belt",102.5,101.1,1.3,195,127,152,2.8
"3090","Oral Roberts",2022,"Summit",110.5,109.2,1.2,53,283,153,2.8
"3091","Oral Roberts",2022,"Summit",110.5,109.2,1.2,53,283,153,2.8
"3092","Missouri",2022,"SEC",102.9,101.8,1.1,190,142,154,-3.2
"3093","Missouri",2022,"SEC",102.9,101.8,1.1,190,142,154,-3.2
"3094","Cal State Fullerton",2022,"Big West",106.5,105.4,1.1,112,214,154,1.9
"3095","Cal State Fullerton",2022,"Big West",106.5,105.4,1.1,112,214,154,1.9
"3096","Georgia State",2022,"Sun Belt",101.9,100.8,1.1,208,122,154,0.5
"3097","Georgia State",2022,"Sun Belt",101.9,100.8,1.1,208,122,154,0.5
"3098","UNC Wilmington",2022,"CAA",105,104,1,146,185,157,1.8
"3099","UNC Wilmington",2022,"CAA",105,104,1,146,185,157,1.8
"3100","VMI",2022,"SoCon",109.8,109.1,0.8,67,281,158,0.4
"3101","VMI",2022,"SoCon",109.8,109.1,0.8,67,281,158,0.4
"3102","California",2022,"Pac-12",102.6,101.7,0.8,194,140,158,-3
"3103","California",2022,"Pac-12",102.6,101.7,0.8,194,140,158,-3
"3104","UNC Greensboro",2022,"SoCon",100.4,99.6,0.8,240,100,158,-0.1
"3105","UNC Greensboro",2022,"SoCon",100.4,99.6,0.8,240,100,158,-0.1
"3106","UTEP",2022,"CUSA",100.8,100.1,0.7,234,107,161,1
"3107","UTEP",2022,"CUSA",100.8,100.1,0.7,234,107,161,1
"3108","Gardner-Webb",2022,"Big South",99.1,98.4,0.7,258,76,161,1.9
"3109","Gardner-Webb",2022,"Big South",99.1,98.4,0.7,258,76,161,1.9
"3110","Navy",2022,"Patriot",96.8,96.5,0.4,298,47,163,2.9
"3111","Navy",2022,"Patriot",96.8,96.5,0.4,298,47,163,2.9
"3112","Saint Joseph's",2022,"A-10",100.6,100.3,0.3,236,112,164,-1
"3113","Saint Joseph's",2022,"A-10",100.6,100.3,0.3,236,112,164,-1
"3114","Hawai'i",2022,"Big West",106.7,106.5,0.3,105,240,164,1.4
"3115","Hawai'i",2022,"Big West",106.7,106.5,0.3,105,240,164,1.4
"3116","UC Riverside",2022,"Big West",101.2,100.9,0.2,227,125,166,1
"3117","UC Riverside",2022,"Big West",101.2,100.9,0.2,227,125,166,1
"3118","Southern Utah",2022,"Big Sky",106.4,106.3,0.1,116,233,167,2.9
"3119","Southern Utah",2022,"Big Sky",106.4,106.3,0.1,116,233,167,2.9
"3120","Georgia Tech",2022,"ACC",100.6,100.6,0,236,118,168,-3.3
"3121","Georgia Tech",2022,"ACC",100.6,100.6,0,236,118,168,-3.3
"3122","Long Beach State",2022,"Big West",102.9,102.9,0,190,162,168,0.4
"3123","Long Beach State",2022,"Big West",102.9,102.9,0,190,162,168,0.4
"3124","Oakland",2022,"Horizon",103.5,103.5,0,178,173,168,2.7
"3125","Oakland",2022,"Horizon",103.5,103.5,0,178,173,168,2.7
"3126","North Dakota State",2022,"Summit",102.8,102.8,0,193,158,168,2.9
"3127","North Dakota State",2022,"Summit",102.8,102.8,0,193,158,168,2.9
"3128","Wright State",2022,"Horizon",107,107.2,-0.3,102,250,172,2.8
"3129","Wright State",2022,"Horizon",107,107.2,-0.3,102,250,172,2.8
"3130","App State",2022,"Sun Belt",101.9,102.2,-0.3,208,149,172,1.6
"3131","App State",2022,"Sun Belt",101.9,102.2,-0.3,208,149,172,1.6
"3132","Cleveland State",2022,"Horizon",104.9,105.3,-0.4,148,211,174,2.2
"3133","Cleveland State",2022,"Horizon",104.9,105.3,-0.4,148,211,174,2.2
"3134","Massachusetts",2022,"A-10",112.9,113.3,-0.4,31,335,174,-1.9
"3135","Massachusetts",2022,"A-10",112.9,113.3,-0.4,31,335,174,-1.9
"3136","Jacksonville",2022,"ASUN",100.8,101.5,-0.7,234,136,176,1.3
"3137","Jacksonville",2022,"ASUN",100.8,101.5,-0.7,234,136,176,1.3
"3138","Niagara",2022,"MAAC",101.7,102.4,-0.7,214,152,176,0.3
"3139","Niagara",2022,"MAAC",101.7,102.4,-0.7,214,152,176,0.3
"3140","Tulsa",2022,"American",104.2,105.1,-0.9,168,206,178,-3
"3141","Tulsa",2022,"American",104.2,105.1,-0.9,168,206,178,-3
"3142","East Tennessee State",2022,"SoCon",107.3,108.2,-0.9,98,269,178,-0.8
"3143","East Tennessee State",2022,"SoCon",107.3,108.2,-0.9,98,269,178,-0.8
"3144","New Mexico",2022,"Mountain West",104.9,105.9,-0.9,148,221,178,-1.8
"3145","New Mexico",2022,"Mountain West",104.9,105.9,-0.9,148,221,178,-1.8
"3146","Fordham",2022,"A-10",97.4,98.3,-0.9,286,75,178,-1.1
"3147","Fordham",2022,"A-10",97.4,98.3,-0.9,286,75,178,-1.1
"3148","Georgetown",2022,"Big East",104.8,105.8,-1,153,219,182,-5.2
"3149","Georgetown",2022,"Big East",104.8,105.8,-1,153,219,182,-5.2
"3150","Mercer",2022,"SoCon",105.1,106.1,-1,143,227,182,-1.2
"3151","Mercer",2022,"SoCon",105.1,106.1,-1,143,227,182,-1.2
"3152","Louisiana",2022,"Sun Belt",101.8,103,-1.1,212,164,184,0
"3153","Louisiana",2022,"Sun Belt",101.8,103,-1.1,212,164,184,0
"3154","Norfolk State",2022,"MEAC",101.4,102.6,-1.2,221,155,185,4.5
"3155","Norfolk State",2022,"MEAC",101.4,102.6,-1.2,221,155,185,4.5
"3156","Weber State",2022,"Big Sky",103.4,104.5,-1.2,180,195,185,2.5
"3157","Weber State",2022,"Big Sky",103.4,104.5,-1.2,180,195,185,2.5
"3158","East Carolina",2022,"American",102.2,103.6,-1.4,203,175,187,-2.1
"3159","East Carolina",2022,"American",102.2,103.6,-1.4,203,175,187,-2.1
"3160","Cornell",2022,"Ivy",104.9,106.3,-1.4,148,233,187,-0.2
"3161","Cornell",2022,"Ivy",104.9,106.3,-1.4,148,233,187,-0.2
"3162","Portland",2022,"WCC",104.4,105.8,-1.4,166,219,187,-0.9
"3163","Portland",2022,"WCC",104.4,105.8,-1.4,166,219,187,-0.9
"3164","Illinois State",2022,"MVC",104.9,106.4,-1.5,148,237,190,-1.4
"3165","Illinois State",2022,"MVC",104.9,106.4,-1.5,148,237,190,-1.4
"3166","Texas Southern",2022,"SWAC",99,100.5,-1.5,261,116,190,2.7
"3167","Texas Southern",2022,"SWAC",99,100.5,-1.5,261,116,190,2.7
"3168","Northern Kentucky",2022,"Horizon",102.1,103.7,-1.6,205,178,192,1
"3169","Northern Kentucky",2022,"Horizon",102.1,103.7,-1.6,205,178,192,1
"3170","Samford",2022,"SoCon",104.6,106.2,-1.6,156,231,192,-1.4
"3171","Samford",2022,"SoCon",104.6,106.2,-1.6,156,231,192,-1.4
"3172","Fairfield",2022,"MAAC",104.2,105.9,-1.7,168,221,194,-0.6
"3173","Fairfield",2022,"MAAC",104.2,105.9,-1.7,168,221,194,-0.6
"3174","Arkansas State",2022,"Sun Belt",100.2,101.9,-1.7,242,146,194,0.4
"3175","Arkansas State",2022,"Sun Belt",100.2,101.9,-1.7,242,146,194,0.4
"3176","Old Dominion",2022,"CUSA",101.6,103.4,-1.8,216,172,196,-0.6
"3177","Old Dominion",2022,"CUSA",101.6,103.4,-1.8,216,172,196,-0.6
"3178","Charlotte",2022,"CUSA",106.5,108.5,-2,112,273,197,-1.5
"3179","Charlotte",2022,"CUSA",106.5,108.5,-2,112,273,197,-1.5
"3180","Nicholls",2022,"Southland",103,105.2,-2.2,186,208,198,2.7
"3181","Nicholls",2022,"Southland",103,105.2,-2.2,186,208,198,2.7
"3182","Campbell",2022,"Big South",101.8,104.2,-2.4,212,190,199,0
"3183","Campbell",2022,"Big South",101.8,104.2,-2.4,212,190,199,0
"3184","Florida Gulf Coast",2022,"ASUN",105.9,108.4,-2.5,130,271,200,0
"3185","Florida Gulf Coast",2022,"ASUN",105.9,108.4,-2.5,130,271,200,0
"3186","Southern",2022,"SWAC",97.3,99.9,-2.6,291,102,201,0.8
"3187","Southern",2022,"SWAC",97.3,99.9,-2.6,291,102,201,0.8
"3188","UNC Asheville",2022,"Big South",102.4,105,-2.6,198,204,201,0.2
"3189","UNC Asheville",2022,"Big South",102.4,105,-2.6,198,204,201,0.2
"3190","Valparaiso",2022,"MVC",104.5,107.2,-2.7,162,250,203,-2.8
"3191","Valparaiso",2022,"MVC",104.5,107.2,-2.7,162,250,203,-2.8
"3192","Marist",2022,"MAAC",101.7,104.4,-2.7,214,193,203,-0.2
"3193","Marist",2022,"MAAC",101.7,104.4,-2.7,214,193,203,-0.2
"3194","Rice",2022,"CUSA",110,113,-2.9,65,332,205,-1.9
"3195","Rice",2022,"CUSA",110,113,-2.9,65,332,205,-1.9
"3196","Tarleton State",2022,"WAC",99.9,102.8,-2.9,245,158,205,0.2
"3197","Tarleton State",2022,"WAC",99.9,102.8,-2.9,245,158,205,0.2
"3198","Troy",2022,"Sun Belt",98.3,101.3,-3,273,131,207,-0.2
"3199","Troy",2022,"Sun Belt",98.3,101.3,-3,273,131,207,-0.2
"3200","Boston University",2022,"Patriot",105.8,108.8,-3,132,277,207,0.9
"3201","Boston University",2022,"Patriot",105.8,108.8,-3,132,277,207,0.9
"3202","Bellarmine",2022,"ASUN",107.1,110.3,-3.2,101,297,209,-0.9
"3203","Bellarmine",2022,"ASUN",107.1,110.3,-3.2,101,297,209,-0.9
"3204","Pennsylvania",2022,"Ivy",105.8,109.2,-3.4,132,283,210,-1.5
"3205","Pennsylvania",2022,"Ivy",105.8,109.2,-3.4,132,283,210,-1.5
"3206","Pittsburgh",2022,"ACC",99.4,102.8,-3.4,255,158,210,-4.8
"3207","Pittsburgh",2022,"ACC",99.4,102.8,-3.4,255,158,210,-4.8
"3208","Dartmouth",2022,"Ivy",99.3,102.9,-3.6,256,162,212,-0.6
"3209","Dartmouth",2022,"Ivy",99.3,102.9,-3.6,256,162,212,-0.6
"3210","Brown",2022,"Ivy",100.1,103.7,-3.6,244,178,212,-0.9
"3211","Brown",2022,"Ivy",100.1,103.7,-3.6,244,178,212,-0.9
"3212","California Baptist",2022,"WAC",102,105.7,-3.7,206,217,214,-0.2
"3213","California Baptist",2022,"WAC",102,105.7,-3.7,206,217,214,-0.2
"3214","Bryant",2022,"NEC",104.4,108.2,-3.8,166,269,215,2.6
"3215","Bryant",2022,"NEC",104.4,108.2,-3.8,166,269,215,2.6
"3216","Harvard",2022,"Ivy",98.2,102,-3.8,279,148,215,-1.4
"3217","Harvard",2022,"Ivy",98.2,102,-3.8,279,148,215,-1.4
"3218","UC Davis",2022,"Big West",98.9,102.7,-3.8,265,157,215,-1.4
"3219","UC Davis",2022,"Big West",98.9,102.7,-3.8,265,157,215,-1.4
"3220","Kennesaw State",2022,"ASUN",104.6,108.5,-3.9,156,273,218,-2.5
"3221","Kennesaw State",2022,"ASUN",104.6,108.5,-3.9,156,273,218,-2.5
"3222","South Dakota",2022,"Summit",106.5,110.4,-3.9,112,299,218,-0.2
"3223","South Dakota",2022,"Summit",106.5,110.4,-3.9,112,299,218,-0.2
"3224","Loyola Marymount",2022,"WCC",105.7,109.7,-4,135,291,220,-3.6
"3225","Loyola Marymount",2022,"WCC",105.7,109.7,-4,135,291,220,-3.6
"3226","Quinnipiac",2022,"MAAC",103.5,107.4,-4,178,254,220,-2.6
"3227","Quinnipiac",2022,"MAAC",103.5,107.4,-4,178,254,220,-2.6
"3228","Howard",2022,"MEAC",103,107,-4,186,247,220,0.4
"3229","Howard",2022,"MEAC",103,107,-4,186,247,220,0.4
"3230","Indiana State",2022,"MVC",99,103.1,-4.1,261,168,223,-3.5
"3231","Indiana State",2022,"MVC",99,103.1,-4.1,261,168,223,-3.5
"3232","Northern Colorado",2022,"Big Sky",109,113.3,-4.3,76,335,224,-0.2
"3233","Northern Colorado",2022,"Big Sky",109,113.3,-4.3,76,335,224,-0.2
"3234","Georgia",2022,"SEC",105.9,110.2,-4.3,130,296,224,-6.7
"3235","Georgia",2022,"SEC",105.9,110.2,-4.3,130,296,224,-6.7
"3236","Kansas City",2022,"Summit",101.5,105.9,-4.4,218,221,226,-0.7
"3237","Kansas City",2022,"Summit",101.5,105.9,-4.4,218,221,226,-0.7
"3238","James Madison",2022,"CAA",103.1,107.5,-4.4,185,256,226,-2.3
"3239","James Madison",2022,"CAA",103.1,107.5,-4.4,185,256,226,-2.3
"3240","Eastern Washington",2022,"Big Sky",103.8,108.4,-4.6,174,271,228,0.1
"3241","Eastern Washington",2022,"Big Sky",103.8,108.4,-4.6,174,271,228,0.1
"3242","High Point",2022,"Big South",99.9,104.7,-4.8,245,201,229,-2.8
"3243","High Point",2022,"Big South",99.9,104.7,-4.8,245,201,229,-2.8
"3244","La Salle",2022,"A-10",99.6,104.5,-4.9,253,195,230,-4.5
"3245","La Salle",2022,"A-10",99.6,104.5,-4.9,253,195,230,-4.5
"3246","Rider",2022,"MAAC",99.7,104.6,-4.9,252,197,230,-2.7
"3247","Rider",2022,"MAAC",99.7,104.6,-4.9,252,197,230,-2.7
"3248","New Hampshire",2022,"Am. East",106,111,-4.9,126,309,230,-0.6
"3249","New Hampshire",2022,"Am. East",106,111,-4.9,126,309,230,-0.6
"3250","George Washington",2022,"A-10",99,104.2,-5.1,261,190,233,-3.9
"3251","George Washington",2022,"A-10",99,104.2,-5.1,261,190,233,-3.9
"3252","Marshall",2022,"CUSA",101.3,106.6,-5.3,223,244,234,-4
"3253","Marshall",2022,"CUSA",101.3,106.6,-5.3,223,244,234,-4
"3254","Detroit Mercy",2022,"Horizon",105.5,110.9,-5.4,137,307,235,-0.8
"3255","Detroit Mercy",2022,"Horizon",105.5,110.9,-5.4,137,307,235,-0.8
"3256","UT Arlington",2022,"Sun Belt",97.1,102.6,-5.5,294,155,236,-2.5
"3257","UT Arlington",2022,"Sun Belt",97.1,102.6,-5.5,294,155,236,-2.5
"3258","Purdue Fort Wayne",2022,"Horizon",99,104.8,-5.7,261,202,237,-0.9
"3259","Purdue Fort Wayne",2022,"Horizon",99,104.8,-5.7,261,202,237,-0.9
"3260","Siena",2022,"MAAC",100.2,105.9,-5.7,242,221,237,-3.2
"3261","Siena",2022,"MAAC",100.2,105.9,-5.7,242,221,237,-3.2
"3262","Stony Brook",2022,"Am. East",105,110.8,-5.8,146,304,239,-1.7
"3263","Stony Brook",2022,"Am. East",105,110.8,-5.8,146,304,239,-1.7
"3264","Southeast Missouri State",2022,"OVC",105.8,111.8,-6,132,320,240,-3.2
"3265","Southeast Missouri State",2022,"OVC",105.8,111.8,-6,132,320,240,-3.2
"3266","The Citadel",2022,"SoCon",102.5,108.6,-6.1,195,276,241,-4.3
"3267","The Citadel",2022,"SoCon",102.5,108.6,-6.1,195,276,241,-4.3
"3268","San Diego",2022,"WCC",96.4,102.5,-6.2,302,153,242,-4.2
"3269","San Diego",2022,"WCC",96.4,102.5,-6.2,302,153,242,-4.2
"3270","Western Illinois",2022,"Summit",100.9,107.2,-6.2,232,250,242,-2.3
"3271","Western Illinois",2022,"Summit",100.9,107.2,-6.2,232,250,242,-2.3
"3272","Texas A&M-Corpus Christi",2022,"Southland",97,103.2,-6.2,296,169,242,0.3
"3273","Texas A&M-Corpus Christi",2022,"Southland",97,103.2,-6.2,296,169,242,0.3
"3274","Georgia Southern",2022,"Sun Belt",97.4,104,-6.6,286,185,245,-4.1
"3275","Georgia Southern",2022,"Sun Belt",97.4,104,-6.6,286,185,245,-4.1
"3276","Long Island University",2022,"NEC",99.8,106.5,-6.7,248,240,246,0.2
"3277","Long Island University",2022,"NEC",99.8,106.5,-6.7,248,240,246,0.2
"3278","Loyola Maryland",2022,"Patriot",99.3,106.1,-6.8,256,227,247,-1.5
"3279","Loyola Maryland",2022,"Patriot",99.3,106.1,-6.8,256,227,247,-1.5
"3280","UMass Lowell",2022,"Am. East",96.4,103.2,-6.8,302,169,247,-1.2
"3281","UMass Lowell",2022,"Am. East",96.4,103.2,-6.8,302,169,247,-1.2
"3282","Canisius",2022,"MAAC",98.5,105.5,-7,268,215,249,-4.5
"3283","Canisius",2022,"MAAC",98.5,105.5,-7,268,215,249,-4.5
"3284","Miami (OH)",2022,"MAC",105.7,112.8,-7.1,135,330,250,-2.6
"3285","Miami (OH)",2022,"MAC",105.7,112.8,-7.1,135,330,250,-2.6
"3286","UMBC",2022,"Am. East",104,111.3,-7.2,173,315,251,-1.6
"3287","UMBC",2022,"Am. East",104,111.3,-7.2,173,315,251,-1.6
"3288","Tennessee Tech",2022,"OVC",100.9,108.1,-7.2,232,267,251,-3.6
"3289","Tennessee Tech",2022,"OVC",100.9,108.1,-7.2,232,267,251,-3.6
"3290","Alcorn State",2022,"SWAC",98.9,106.1,-7.2,265,227,251,-2.9
"3291","Alcorn State",2022,"SWAC",98.9,106.1,-7.2,265,227,251,-2.9
"3292","Oregon State",2022,"Pac-12",104.9,112.1,-7.2,148,328,251,-9
"3293","Oregon State",2022,"Pac-12",104.9,112.1,-7.2,148,328,251,-9
"3294","Eastern Kentucky",2022,"ASUN",101.2,108.5,-7.3,227,273,255,-3.6
"3295","Eastern Kentucky",2022,"ASUN",101.2,108.5,-7.3,227,273,255,-3.6
"3296","Mount St. Mary's",2022,"NEC",98.3,105.9,-7.6,273,221,256,-0.8
"3297","Mount St. Mary's",2022,"NEC",98.3,105.9,-7.6,273,221,256,-0.8
"3298","Manhattan",2022,"MAAC",101.3,108.9,-7.6,223,280,256,-5.3
"3299","Manhattan",2022,"MAAC",101.3,108.9,-7.6,223,280,256,-5.3
"3300","Northeastern",2022,"CAA",99.1,106.9,-7.7,258,246,258,-4.6
"3301","Northeastern",2022,"CAA",99.1,106.9,-7.7,258,246,258,-4.6
"3302","South Florida",2022,"American",92,99.7,-7.8,346,101,259,-7.1
"3303","South Florida",2022,"American",92,99.7,-7.8,346,101,259,-7.1
"3304","Youngstown State",2022,"Horizon",103.8,111.6,-7.8,174,318,259,-1.5
"3305","Youngstown State",2022,"Horizon",103.8,111.6,-7.8,174,318,259,-1.5
"3306","Montana",2022,"Big Sky",99.9,107.9,-7.9,245,262,261,-1.9
"3307","Montana",2022,"Big Sky",99.9,107.9,-7.9,245,262,261,-1.9
"3308","Elon",2022,"CAA",99.1,107,-7.9,258,247,261,-5.5
"3309","Elon",2022,"CAA",99.1,107,-7.9,258,247,261,-5.5
"3310","New Orleans",2022,"Southland",98,106,-7.9,281,226,261,-1.5
"3311","New Orleans",2022,"Southland",98,106,-7.9,281,226,261,-1.5
"3312","SE Louisiana",2022,"Southland",103,111.2,-8.1,186,313,264,-2.4
"3313","SE Louisiana",2022,"Southland",103,111.2,-8.1,186,313,264,-2.4
"3314","Presbyterian",2022,"Big South",96.4,104.6,-8.1,302,197,264,-4.3
"3315","Presbyterian",2022,"Big South",96.4,104.6,-8.1,302,197,264,-4.3
"3316","UC San Diego",2022,"Big West",101.3,109.5,-8.2,223,290,266,-4.1
"3317","UC San Diego",2022,"Big West",101.3,109.5,-8.2,223,290,266,-4.1
"3318","Lipscomb",2022,"ASUN",101.5,109.9,-8.4,218,292,267,-4.7
"3319","Lipscomb",2022,"ASUN",101.5,109.9,-8.4,218,292,267,-4.7
"3320","Tennessee State",2022,"OVC",97.9,106.4,-8.5,283,237,268,-4.3
"3321","Tennessee State",2022,"OVC",97.9,106.4,-8.5,283,237,268,-4.3
"3322","South Carolina Upstate",2022,"Big South",102.4,110.9,-8.5,198,307,268,-4.1
"3323","South Carolina Upstate",2022,"Big South",102.4,110.9,-8.5,198,307,268,-4.1
"3324","Ball State",2022,"MAC",101.6,110.3,-8.7,216,297,270,-4.8
"3325","Ball State",2022,"MAC",101.6,110.3,-8.7,216,297,270,-4.8
"3326","Portland State",2022,"Big Sky",95.7,104.6,-8.9,313,197,271,-2.8
"3327","Portland State",2022,"Big Sky",95.7,104.6,-8.9,313,197,271,-2.8
"3328","Cal State Bakersfield",2022,"Big West",98.5,107.4,-8.9,268,254,271,-5.2
"3329","Cal State Bakersfield",2022,"Big West",98.5,107.4,-8.9,268,254,271,-5.2
"3330","South Carolina State",2022,"MEAC",92.9,101.8,-8.9,340,142,271,-6.2
"3331","South Carolina State",2022,"MEAC",92.9,101.8,-8.9,340,142,271,-6.2
"3332","Jackson State",2022,"SWAC",94.6,103.6,-9,323,175,274,-4.1
"3333","Jackson State",2022,"SWAC",94.6,103.6,-9,323,175,274,-4.1
"3334","Florida International",2022,"CUSA",97.2,106.3,-9.1,293,233,275,-5.9
"3335","Florida International",2022,"CUSA",97.2,106.3,-9.1,293,233,275,-5.9
"3336","Maryland Eastern Shore",2022,"MEAC",91.9,101.1,-9.2,349,127,276,-5.4
"3337","Maryland Eastern Shore",2022,"MEAC",91.9,101.1,-9.2,349,127,276,-5.4
"3338","UAlbany",2022,"Am. East",94.8,104.1,-9.3,322,188,277,-4.7
"3339","UAlbany",2022,"Am. East",94.8,104.1,-9.3,322,188,277,-4.7
"3340","North Carolina A&T",2022,"Big South",98.3,107.7,-9.4,273,258,278,-5.7
"3341","North Carolina A&T",2022,"Big South",98.3,107.7,-9.4,273,258,278,-5.7
"3342","UL Monroe",2022,"Sun Belt",101,110.4,-9.4,231,299,278,-2.8
"3343","UL Monroe",2022,"Sun Belt",101,110.4,-9.4,231,299,278,-2.8
"3344","Bowling Green",2022,"MAC",103.6,113.2,-9.5,177,333,280,-5
"3345","Bowling Green",2022,"MAC",103.6,113.2,-9.5,177,333,280,-5
"3346","North Carolina Central",2022,"MEAC",96.7,106.3,-9.6,299,233,281,-3
"3347","North Carolina Central",2022,"MEAC",96.7,106.3,-9.6,299,233,281,-3
"3348","Duquesne",2022,"A-10",101.5,111,-9.6,218,309,281,-7.8
"3349","Duquesne",2022,"A-10",101.5,111,-9.6,218,309,281,-7.8
"3350","Radford",2022,"Big South",95.6,105.2,-9.6,314,208,281,-5.3
"3351","Radford",2022,"Big South",95.6,105.2,-9.6,314,208,281,-5.3
"3352","Air Force",2022,"Mountain West",95.3,104.9,-9.7,317,203,284,-7.3
"3353","Air Force",2022,"Mountain West",95.3,104.9,-9.7,317,203,284,-7.3
"3354","North Florida",2022,"ASUN",98.2,108,-9.8,279,266,285,-6.2
"3355","North Florida",2022,"ASUN",98.2,108,-9.8,279,266,285,-6.2
"3356","Utah Tech",2022,"WAC",95.4,105.3,-10,316,211,286,-6.3
"3357","Utah Tech",2022,"WAC",95.4,105.3,-10,316,211,286,-6.3
"3358","Army",2022,"Patriot",98.7,108.8,-10.1,267,277,287,-4.1
"3359","Army",2022,"Patriot",98.7,108.8,-10.1,267,277,287,-4.1
"3360","Prairie View A&M",2022,"SWAC",97.6,107.9,-10.3,285,262,288,-5.4
"3361","Prairie View A&M",2022,"SWAC",97.6,107.9,-10.3,285,262,288,-5.4
"3362","UIC",2022,"Horizon",99.8,110.1,-10.3,248,294,288,-3
"3363","UIC",2022,"Horizon",99.8,110.1,-10.3,248,294,288,-3
"3364","Binghamton",2022,"Am. East",96.1,106.4,-10.3,306,237,288,-4.7
"3365","Binghamton",2022,"Am. East",96.1,106.4,-10.3,306,237,288,-4.7
"3366","Pepperdine",2022,"WCC",96.9,107.3,-10.4,297,253,291,-9.3
"3367","Pepperdine",2022,"WCC",96.9,107.3,-10.4,297,253,291,-9.3
"3368","Austin Peay",2022,"OVC",95.8,106.7,-10.8,312,245,292,-5.7
"3369","Austin Peay",2022,"OVC",95.8,106.7,-10.8,312,245,292,-5.7
"3370","Western Carolina",2022,"SoCon",98.4,109.2,-10.8,271,283,292,-8.1
"3371","Western Carolina",2022,"SoCon",98.4,109.2,-10.8,271,283,292,-8.1
"3372","SIU Edwardsville",2022,"OVC",95.2,106.1,-10.9,319,227,294,-6
"3373","SIU Edwardsville",2022,"OVC",95.2,106.1,-10.9,319,227,294,-6
"3374","Lehigh",2022,"Patriot",98.3,109.3,-11,273,286,295,-5.3
"3375","Lehigh",2022,"Patriot",98.3,109.3,-11,273,286,295,-5.3
"3376","Pacific",2022,"WCC",96.1,107.5,-11.3,306,256,296,-7.3
"3377","Pacific",2022,"WCC",96.1,107.5,-11.3,306,256,296,-7.3
"3378","Denver",2022,"Summit",100.3,111.7,-11.4,241,319,297,-5.3
"3379","Denver",2022,"Summit",100.3,111.7,-11.4,241,319,297,-5.3
"3380","UT Martin",2022,"OVC",97.4,108.8,-11.4,286,277,297,-7.4
"3381","UT Martin",2022,"OVC",97.4,108.8,-11.4,286,277,297,-7.4
"3382","UT Rio Grande Valley",2022,"WAC",101.4,113.4,-12,221,338,299,-5.2
"3383","UT Rio Grande Valley",2022,"WAC",101.4,113.4,-12,221,338,299,-5.2
"3384","Coppin State",2022,"MEAC",93.3,105.6,-12.3,335,216,300,-5.5
"3385","Coppin State",2022,"MEAC",93.3,105.6,-12.3,335,216,300,-5.5
"3386","San José State",2022,"Mountain West",98.5,110.8,-12.3,268,304,300,-9.7
"3387","San José State",2022,"Mountain West",98.5,110.8,-12.3,268,304,300,-9.7
"3388","Northern Illinois",2022,"MAC",93,105.3,-12.3,339,211,300,-6.9
"3389","Northern Illinois",2022,"MAC",93,105.3,-12.3,339,211,300,-6.9
"3390","Florida A&M",2022,"SWAC",95,107.8,-12.9,320,260,303,-5.7
"3391","Florida A&M",2022,"SWAC",95,107.8,-12.9,320,260,303,-5.7
"3392","Grambling",2022,"SWAC",93.2,106.2,-12.9,336,231,303,-6.8
"3393","Grambling",2022,"SWAC",93.2,106.2,-12.9,336,231,303,-6.8
"3394","Alabama State",2022,"SWAC",97.4,110.4,-12.9,286,299,303,-6.4
"3395","Alabama State",2022,"SWAC",97.4,110.4,-12.9,286,299,303,-6.4
"3396","Stetson",2022,"ASUN",97.7,110.6,-12.9,284,303,303,-6.5
"3397","Stetson",2022,"ASUN",97.7,110.6,-12.9,284,303,303,-6.5
"3398","North Alabama",2022,"ASUN",90.9,103.9,-13,351,183,307,-7.9
"3399","North Alabama",2022,"ASUN",90.9,103.9,-13,351,183,307,-7.9
"3400","McNeese",2022,"Southland",97.3,110.5,-13.2,291,302,308,-5.4
"3401","McNeese",2022,"Southland",97.3,110.5,-13.2,291,302,308,-5.4
"3402","Cal Poly",2022,"Big West",93.6,107.1,-13.4,332,249,309,-7.2
"3403","Cal Poly",2022,"Big West",93.6,107.1,-13.4,332,249,309,-7.2
"3404","Eastern Michigan",2022,"MAC",94.4,107.9,-13.5,324,262,310,-7.8
"3405","Eastern Michigan",2022,"MAC",94.4,107.9,-13.5,324,262,310,-7.8
"3406","Morgan State",2022,"MEAC",94.2,107.7,-13.5,327,258,310,-4.5
"3407","Morgan State",2022,"MEAC",94.2,107.7,-13.5,327,258,310,-4.5
"3408","Lafayette",2022,"Patriot",97.4,111,-13.7,286,309,312,-6.9
"3409","Lafayette",2022,"Patriot",97.4,111,-13.7,286,309,312,-6.9
"3410","Alabama A&M",2022,"SWAC",88.1,101.7,-13.7,353,140,312,-6.2
"3411","Alabama A&M",2022,"SWAC",88.1,101.7,-13.7,353,140,312,-6.2
"3412","Robert Morris",2022,"Horizon",99.8,114,-14.2,248,342,314,-6.6
"3413","Robert Morris",2022,"Horizon",99.8,114,-14.2,248,342,314,-6.6
"3414","Merrimack",2022,"NEC",92.3,106.5,-14.2,344,240,314,-4.7
"3415","Merrimack",2022,"NEC",92.3,106.5,-14.2,344,240,314,-4.7
"3416","Sacred Heart",2022,"NEC",101.9,116.2,-14.3,208,347,316,-6.1
"3417","Sacred Heart",2022,"NEC",101.9,116.2,-14.3,208,347,316,-6.1
"3418","Sacramento State",2022,"Big Sky",95.6,109.9,-14.3,314,292,316,-6.8
"3419","Sacramento State",2022,"Big Sky",95.6,109.9,-14.3,314,292,316,-6.8
"3420","UTSA",2022,"CUSA",93.5,107.8,-14.3,333,260,316,-9.3
"3421","UTSA",2022,"CUSA",93.5,107.8,-14.3,333,260,316,-9.3
"3422","St. Thomas-Minnesota",2022,"Summit",104.6,119.6,-15,156,355,319,-5.6
"3423","St. Thomas-Minnesota",2022,"Summit",104.6,119.6,-15,156,355,319,-5.6
"3424","Hampton",2022,"Big South",94,109.1,-15.1,329,281,320,-8.5
"3425","Hampton",2022,"Big South",94,109.1,-15.1,329,281,320,-8.5
"3426","Central Michigan",2022,"MAC",96.1,111.2,-15.1,306,313,320,-9.4
"3427","Central Michigan",2022,"MAC",96.1,111.2,-15.1,306,313,320,-9.4
"3428","Central Arkansas",2022,"ASUN",98.4,113.6,-15.2,271,341,322,-10.1
"3429","Central Arkansas",2022,"ASUN",98.4,113.6,-15.2,271,341,322,-10.1
"3430","NJIT",2022,"Am. East",93.9,109.3,-15.4,331,286,323,-9.6
"3431","NJIT",2022,"Am. East",93.9,109.3,-15.4,331,286,323,-9.6
"3432","Little Rock",2022,"Sun Belt",96.6,112,-15.4,301,326,323,-10.1
"3433","Little Rock",2022,"Sun Belt",96.6,112,-15.4,301,326,323,-10.1
"3434","Evansville",2022,"MVC",92.5,108.1,-15.6,343,267,325,-10.4
"3435","Evansville",2022,"MVC",92.5,108.1,-15.6,343,267,325,-10.4
"3436","St. Francis (PA)",2022,"NEC",96,111.8,-15.8,309,320,326,-6.4
"3437","St. Francis (PA)",2022,"NEC",96,111.8,-15.8,309,320,326,-6.4
"3438","Idaho",2022,"Big Sky",98.3,114.2,-15.9,273,343,327,-7.4
"3439","Idaho",2022,"Big Sky",98.3,114.2,-15.9,273,343,327,-7.4
"3440","Northwestern State",2022,"Southland",98.3,114.4,-16,273,344,328,-7.8
"3441","Northwestern State",2022,"Southland",98.3,114.4,-16,273,344,328,-7.8
"3442","Milwaukee",2022,"Horizon",93.2,109.3,-16.1,336,286,329,-8
"3443","Milwaukee",2022,"Horizon",93.2,109.3,-16.1,336,286,329,-8
"3444","American University",2022,"Patriot",95.3,111.5,-16.3,317,317,330,-8.1
"3445","American University",2022,"Patriot",95.3,111.5,-16.3,317,317,330,-8.1
"3446","Bucknell",2022,"Patriot",102.5,119,-16.4,195,354,331,-8.6
"3447","Bucknell",2022,"Patriot",102.5,119,-16.4,195,354,331,-8.6
"3448","Cal State Northridge",2022,"Big West",94.2,110.8,-16.6,327,304,332,-9.8
"3449","Cal State Northridge",2022,"Big West",94.2,110.8,-16.6,327,304,332,-9.8
"3450","William & Mary",2022,"CAA",92.7,109.4,-16.7,342,289,333,-11.8
"3451","William & Mary",2022,"CAA",92.7,109.4,-16.7,342,289,333,-11.8
"3452","Houston Christian",2022,"Southland",94.9,112,-17,321,326,334,-7.4
"3453","Houston Christian",2022,"Southland",94.9,112,-17,321,326,334,-7.4
"3454","Western Michigan",2022,"MAC",99.8,117,-17.2,248,349,335,-8.9
"3455","Western Michigan",2022,"MAC",99.8,117,-17.2,248,349,335,-8.9
"3456","Northern Arizona",2022,"Big Sky",95.9,113.4,-17.5,310,338,336,-8.7
"3457","Northern Arizona",2022,"Big Sky",95.9,113.4,-17.5,310,338,336,-8.7
"3458","Southern Miss",2022,"CUSA",94.4,112.6,-18.2,324,329,337,-12.2
"3459","Southern Miss",2022,"CUSA",94.4,112.6,-18.2,324,329,337,-12.2
"3460","Bethune-Cookman",2022,"SWAC",92.8,111.1,-18.3,341,312,338,-9.1
"3461","Bethune-Cookman",2022,"SWAC",92.8,111.1,-18.3,341,312,338,-9.1
"3462","Chicago State",2022,"WAC",99.6,117.9,-18.3,253,351,338,-11.6
"3463","Chicago State",2022,"WAC",99.6,117.9,-18.3,253,351,338,-11.6
"3464","Green Bay",2022,"Horizon",94.4,113.2,-18.8,324,333,340,-9
"3465","Green Bay",2022,"Horizon",94.4,113.2,-18.8,324,333,340,-9
"3466","Idaho State",2022,"Big Sky",96.2,115.4,-19.1,305,346,341,-10.1
"3467","Idaho State",2022,"Big Sky",96.2,115.4,-19.1,305,346,341,-10.1
"3468","Fairleigh Dickinson",2022,"NEC",93.2,112.8,-19.6,336,330,342,-11.1
"3469","Fairleigh Dickinson",2022,"NEC",93.2,112.8,-19.6,336,330,342,-11.1
"3470","Holy Cross",2022,"Patriot",92.3,111.8,-19.6,344,320,342,-10.4
"3471","Holy Cross",2022,"Patriot",92.3,111.8,-19.6,344,320,342,-10.4
"3472","Lamar",2022,"WAC",92,111.8,-19.8,346,320,344,-11.9
"3473","Lamar",2022,"WAC",92,111.8,-19.8,346,320,344,-11.9
"3474","Charleston Southern",2022,"Big South",93.4,113.3,-19.9,334,335,345,-13.7
"3475","Charleston Southern",2022,"Big South",93.4,113.3,-19.9,334,335,345,-13.7
"3476","Columbia",2022,"Ivy",94,114.9,-20.8,329,345,346,-14
"3477","Columbia",2022,"Ivy",94,114.9,-20.8,329,345,346,-14
"3478","Central Connecticut",2022,"NEC",90.9,111.8,-20.9,351,320,347,-10.2
"3479","Central Connecticut",2022,"NEC",90.9,111.8,-20.9,351,320,347,-10.2
"3480","North Dakota",2022,"Summit",97.1,118.3,-21.2,294,353,348,-12.4
"3481","North Dakota",2022,"Summit",97.1,118.3,-21.2,294,353,348,-12.4
"3482","Omaha",2022,"Summit",96.7,118.2,-21.4,299,352,349,-12
"3483","Omaha",2022,"Summit",96.7,118.2,-21.4,299,352,349,-12
"3484","Maine",2022,"Am. East",92,113.5,-21.5,346,340,350,-13.1
"3485","Maine",2022,"Am. East",92,113.5,-21.5,346,340,350,-13.1
"3486","Arkansas-Pine Bluff",2022,"SWAC",95.9,117.6,-21.7,310,350,351,-12.5
"3487","Arkansas-Pine Bluff",2022,"SWAC",95.9,117.6,-21.7,310,350,351,-12.5
"3488","Incarnate Word",2022,"Southland",98,121.2,-23.2,281,356,352,-11.4
"3489","Incarnate Word",2022,"Southland",98,121.2,-23.2,281,356,352,-11.4
"3490","Mississippi Valley State",2022,"SWAC",91.3,116.4,-25.2,350,348,353,-14.2
"3491","Mississippi Valley State",2022,"SWAC",91.3,116.4,-25.2,350,348,353,-14.2
"3492","Delaware State",2022,"MEAC",85.5,111.4,-25.9,354,316,354,-14.6
"3493","Delaware State",2022,"MEAC",85.5,111.4,-25.9,354,316,354,-14.6
"3494","Eastern Illinois",2022,"OVC",83.4,110.1,-26.7,355,294,355,-16.4
"3495","Eastern Illinois",2022,"OVC",83.4,110.1,-26.7,355,294,355,-16.4
"3496","IU Indianapolis",2022,"Horizon",79.7,111.8,-32.1,356,320,356,-17.3
"3497","IU Indianapolis",2022,"Horizon",79.7,111.8,-32.1,356,320,356,-17.3
"3498","Pittsburgh",2023,"ACC",160.4,123.2,37.2,1,359,1,6.6
"3499","Purdue",2023,"Big Ten",130.6,121.8,8.9,2,358,2,11.7
"3500","Houston",2023,"American",108.8,102.7,6.1,7,2,3,17.2
"3501","UConn",2023,"Big East",108.8,103.9,4.8,7,8,4,15.9
"3502","Alabama",2023,"SEC",107.9,103.3,4.6,23,5,5,16.2
"3503","Tennessee",2023,"SEC",107,102.6,4.5,79,1,6,13.3
"3504","UCLA",2023,"Pac-12",107.4,103.1,4.3,53,3,7,14
"3505","Florida Atlantic",2023,"CUSA",108.3,104.4,4,14,15,8,12.4
"3506","Charleston",2023,"CAA",107.9,104.3,3.6,23,13,9,10.8
"3507","Gonzaga",2023,"WCC",109.7,106.1,3.6,5,156,9,12.7
"3508","Texas",2023,"Big 12",107.9,104.4,3.5,23,15,11,11.3
"3509","Saint Mary's",2023,"WCC",107.4,104,3.4,53,9,12,12
"3510","Iona",2023,"MAAC",107.9,104.6,3.4,23,27,12,11.1
"3511","Arizona",2023,"Pac-12",108.4,105.1,3.3,12,52,14,11.8
"3512","Liberty",2023,"ASUN",107.5,104.4,3.1,44,15,15,10.5
"3513","North Texas",2023,"CUSA",107.2,104.1,3.1,66,11,15,8.9
"3514","Oral Roberts",2023,"Summit",108.4,105.4,3,12,76,17,11.2
"3515","Drake",2023,"MVC",107.5,104.5,3,44,22,17,8.1
"3516","Marquette",2023,"Big East",108.6,105.6,3,10,98,17,10
"3517","Yale",2023,"Ivy",107.7,104.8,2.9,32,36,20,9.1
"3518","Creighton",2023,"Big East",107.6,104.9,2.8,35,43,21,10.3
"3519","UAB",2023,"CUSA",108,105.2,2.8,21,59,21,8.9
"3520","Kent State",2023,"MAC",107.2,104.5,2.7,66,22,23,9.4
"3521","Indiana State",2023,"MVC",107.6,105.1,2.6,35,52,24,7.1
"3522","Miami",2023,"ACC",108.1,105.5,2.6,18,86,24,9.3
"3523","San Diego State",2023,"Mountain West",106.6,104.1,2.6,122,11,24,10.5
"3524","VCU",2023,"A-10",106.2,103.7,2.6,170,7,24,8
"3525","Hofstra",2023,"CAA",107.3,104.8,2.6,58,36,24,7.9
"3526","Virginia",2023,"ACC",106.9,104.3,2.6,90,13,24,8.4
"3527","Kansas",2023,"Big 12",107,104.5,2.5,79,22,30,10
"3528","Dayton",2023,"A-10",106.9,104.4,2.5,90,15,30,6.9
"3529","UMass Lowell",2023,"Am. East",107.5,105.1,2.5,44,52,30,6.7
"3530","Marshall",2023,"Sun Belt",107.5,105,2.5,44,48,30,9.3
"3531","Memphis",2023,"American",107.2,104.8,2.4,66,36,34,8.9
"3532","Xavier",2023,"Big East",108,105.7,2.4,21,110,34,9
"3533","Toledo",2023,"MAC",109.7,107.4,2.4,5,305,34,7.9
"3534","Colgate",2023,"Patriot",108.5,106.2,2.3,11,171,37,7
"3535","Furman",2023,"SoCon",108.3,106,2.3,14,140,37,7.2
"3536","Bradley",2023,"MVC",106.7,104.4,2.3,111,15,37,7.1
"3537","Utah State",2023,"Mountain West",108.1,105.8,2.2,18,118,40,8.9
"3538","Youngstown State",2023,"Horizon",108.7,106.5,2.2,9,209,40,6.2
"3539","Clemson",2023,"ACC",107.5,105.3,2.2,44,67,40,6.2
"3540","NC State",2023,"ACC",108.2,106,2.2,17,140,40,6.6
"3541","Utah Valley",2023,"WAC",106.7,104.4,2.2,111,15,40,8.8
"3542","Texas A&M",2023,"SEC",107.3,105.2,2.1,58,59,45,6
"3543","North Carolina",2023,"ACC",106.8,104.7,2.1,102,32,45,7.4
"3544","Kentucky",2023,"SEC",107.6,105.6,2.1,35,98,45,8.2
"3545","TCU",2023,"Big 12",106.9,104.8,2,90,36,48,6.6
"3546","Boise State",2023,"Mountain West",107,105,2,79,48,48,7.6
"3547","Maryland",2023,"Big Ten",106.8,104.8,2,102,36,48,8.2
"3548","Baylor",2023,"Big 12",108.3,106.3,2,14,182,48,8.4
"3549","Cincinnati",2023,"American",107.6,105.6,1.9,35,98,52,7.6
"3550","UCF",2023,"American",106.5,104.6,1.9,136,27,52,6.4
"3551","Sam Houston",2023,"WAC",106.3,104.4,1.9,158,15,52,7.1
"3552","James Madison",2023,"Sun Belt",106.9,104.9,1.9,90,43,52,6.1
"3553","Kansas State",2023,"Big 12",106.9,105,1.9,90,48,52,7.1
"3554","Arkansas",2023,"SEC",106.6,104.7,1.9,122,32,52,9.1
"3555","West Virginia",2023,"Big 12",107.4,105.6,1.8,53,98,58,7.5
"3556","Towson",2023,"CAA",107.3,105.5,1.8,58,86,58,3.7
"3557","Iowa State",2023,"Big 12",105.7,104,1.7,234,9,60,5.9
"3558","Louisiana",2023,"Sun Belt",107.6,106,1.7,35,140,60,5.8
"3559","Southern Miss",2023,"Sun Belt",106.7,105.1,1.7,111,52,60,5.8
"3560","Vermont",2023,"Am. East",107.5,105.8,1.7,44,118,60,6.3
"3561","Mississippi State",2023,"SEC",105.1,103.5,1.7,295,6,60,5.9
"3562","Providence",2023,"Big East",108.1,106.4,1.7,18,198,60,6.3
"3563","Rutgers",2023,"Big Ten",104.9,103.2,1.7,318,4,60,7.9
"3564","Longwood",2023,"Big South",106.9,105.3,1.6,90,67,67,3.3
"3565","UC Santa Barbara",2023,"Big West",107.6,106,1.6,35,140,67,4.5
"3566","UC Irvine",2023,"Big West",106.7,105.1,1.6,111,52,67,5
"3567","Virginia Tech",2023,"ACC",107.3,105.8,1.5,58,118,70,4.7
"3568","UNC Greensboro",2023,"SoCon",106.2,104.6,1.5,170,27,70,4.7
"3569","New Mexico",2023,"Mountain West",107.9,106.5,1.5,23,209,70,6.5
"3570","Auburn",2023,"SEC",106.3,104.9,1.4,158,43,73,8.2
"3571","Illinois",2023,"Big Ten",105.9,104.5,1.4,212,22,73,8.3
"3572","Montana State",2023,"Big Sky",106.6,105.2,1.4,122,59,73,4.5
"3573","South Alabama",2023,"Sun Belt",106.8,105.4,1.4,102,76,73,4.5
"3574","Charlotte",2023,"CUSA",106.9,105.5,1.4,90,86,73,3.4
"3575","Akron",2023,"MAC",107.4,106,1.4,53,140,73,5.2
"3576","Ohio",2023,"MAC",107.8,106.6,1.3,30,223,79,3.7
"3577","Belmont",2023,"MVC",107.6,106.3,1.3,35,182,79,4.3
"3578","Samford",2023,"SoCon",107.5,106.2,1.3,44,171,79,4
"3579","Princeton",2023,"Ivy",107.3,105.9,1.3,58,131,79,6.2
"3580","Utah",2023,"Pac-12",105.9,104.6,1.3,212,27,79,4
"3581","Nevada",2023,"Mountain West",107.1,105.7,1.3,74,110,79,5.3
"3582","Oregon",2023,"Pac-12",106.8,105.5,1.3,102,86,79,5
"3583","Indiana",2023,"Big Ten",106.3,105.1,1.2,158,52,86,7.6
"3584","Missouri",2023,"SEC",107.9,106.7,1.2,23,233,86,5.6
"3585","Texas A&M-Corpus Christi",2023,"Southland",107.3,106.1,1.2,58,156,86,3.9
"3586","Arizona State",2023,"Pac-12",105.9,104.8,1.2,212,36,86,4.2
"3587","USC",2023,"Pac-12",106.6,105.3,1.2,122,67,86,6.5
"3588","Hawai'i",2023,"Big West",106.5,105.3,1.2,136,67,86,2.8
"3589","BYU",2023,"WCC",106.5,105.4,1.1,136,76,92,4.8
"3590","Grambling",2023,"SWAC",105.7,104.5,1.1,234,22,92,3.2
"3591","Eastern Washington",2023,"Big Sky",107.5,106.4,1.1,44,198,92,3.3
"3592","Penn State",2023,"Big Ten",107,106,1,79,140,95,5.7
"3593","Saint Louis",2023,"A-10",107.2,106.3,1,66,182,95,4
"3594","Kennesaw State",2023,"ASUN",106.5,105.5,1,136,86,95,3.2
"3595","Washington State",2023,"Pac-12",106.8,105.8,1,102,118,95,4
"3596","Wright State",2023,"Horizon",106.8,105.8,1,102,118,95,2.3
"3597","Navy",2023,"Patriot",106.5,105.5,1,136,86,95,2.8
"3598","Wake Forest",2023,"ACC",107.6,106.6,1,35,223,95,3.3
"3599","UNC Asheville",2023,"Big South",106.4,105.4,1,149,76,95,3.2
"3600","Southern Illinois",2023,"MVC",105.7,104.7,1,234,32,95,2.9
"3601","Iowa",2023,"Big Ten",107.4,106.5,0.9,53,209,104,6.8
"3602","Colorado",2023,"Pac-12",105.6,104.7,0.9,245,32,104,3.3
"3603","Oklahoma State",2023,"Big 12",105.4,104.6,0.9,265,27,104,4.6
"3604","Cornell",2023,"Ivy",107.8,106.9,0.9,30,258,104,3
"3605","Cal State Fullerton",2023,"Big West",106.3,105.4,0.9,158,76,104,2.5
"3606","Michigan State",2023,"Big Ten",106.4,105.5,0.9,149,86,104,6.7
"3607","Quinnipiac",2023,"MAAC",106.5,105.6,0.9,136,98,104,2.8
"3608","Florida",2023,"SEC",105.9,105,0.8,212,48,111,4.7
"3609","Seton Hall",2023,"Big East",105.6,104.8,0.8,245,36,111,4.2
"3610","Fordham",2023,"A-10",105.7,104.9,0.8,234,43,111,2.2
"3611","Norfolk State",2023,"MEAC",107.2,106.3,0.8,66,182,111,2.8
"3612","Michigan",2023,"Big Ten",106,105.1,0.8,197,52,111,6
"3613","Grand Canyon",2023,"WAC",107.2,106.4,0.8,66,198,111,3.2
"3614","Radford",2023,"Big South",106.7,105.9,0.8,111,131,111,2.3
"3615","Drexel",2023,"CAA",106,105.2,0.8,197,59,111,1.8
"3616","Lipscomb",2023,"ASUN",106.9,106,0.8,90,140,111,1.7
"3617","Ohio State",2023,"Big Ten",106.6,105.8,0.8,122,118,111,5.2
"3618","Troy",2023,"Sun Belt",106.1,105.2,0.8,180,59,111,3.7
"3619","Villanova",2023,"Big East",107,106.2,0.8,79,171,111,3.7
"3620","UNC Wilmington",2023,"CAA",106,105.3,0.7,197,67,123,1.9
"3621","UC Riverside",2023,"Big West",106.7,106.1,0.7,111,156,123,1
"3622","Cleveland State",2023,"Horizon",106.6,105.8,0.7,122,118,123,1.8
"3623","Southern Utah",2023,"WAC",107,106.3,0.7,79,182,123,2.5
"3624","Duquesne",2023,"A-10",107,106.3,0.7,79,182,123,2.8
"3625","Santa Clara",2023,"WCC",106.7,106,0.7,111,140,123,4
"3626","Northwestern State",2023,"Southland",106.9,106.3,0.7,90,182,123,1.8
"3627","Siena",2023,"MAAC",106.3,105.7,0.6,158,110,130,0.4
"3628","North Carolina Central",2023,"MEAC",105.8,105.2,0.6,228,59,130,3.5
"3629","UC Davis",2023,"Big West",106.2,105.6,0.6,170,98,130,1.2
"3630","Northern Kentucky",2023,"Horizon",105.9,105.4,0.6,212,76,130,2.5
"3631","St. John's",2023,"Big East",106.2,105.6,0.6,170,98,130,2
"3632","Stephen F. Austin",2023,"WAC",106.3,105.7,0.6,158,110,130,2
"3633","Chattanooga",2023,"SoCon",107.7,107.1,0.6,32,278,130,1.3
"3634","Ball State",2023,"MAC",107.5,106.9,0.6,44,258,130,1.2
"3635","Tulane",2023,"American",106.8,106.2,0.6,102,171,130,2.2
"3636","UNLV",2023,"Mountain West",106,105.5,0.5,197,86,139,2.5
"3637","Texas Tech",2023,"Big 12",106.5,106,0.5,136,140,139,3.3
"3638","SIU Edwardsville",2023,"OVC",106.1,105.6,0.5,180,98,139,0.5
"3639","Harvard",2023,"Ivy",105.8,105.3,0.5,228,67,139,1.1
"3640","Syracuse",2023,"ACC",106.6,106.1,0.5,122,156,139,1.3
"3641","Gardner-Webb",2023,"Big South",106,105.4,0.5,197,76,139,0.7
"3642","Bryant",2023,"Am. East",107.1,106.6,0.5,74,223,139,1.5
"3643","Missouri State",2023,"MVC",106.2,105.7,0.5,170,110,139,1.9
"3644","Wichita State",2023,"American",106,105.5,0.5,197,86,139,2.6
"3645","Stanford",2023,"Pac-12",106.9,106.5,0.4,90,209,148,1.1
"3646","Rider",2023,"MAAC",107,106.6,0.4,79,223,148,0.9
"3647","George Mason",2023,"A-10",105.6,105.3,0.3,245,67,150,1.5
"3648","Fairleigh Dickinson",2023,"NEC",106.9,106.6,0.3,90,223,150,-0.9
"3649","Pennsylvania",2023,"Ivy",107.1,106.8,0.3,74,244,150,2.8
"3650","Middle Tennessee",2023,"CUSA",106.7,106.4,0.3,111,198,150,2.5
"3651","Montana",2023,"Big Sky",107.3,107,0.3,58,269,150,1.7
"3652","South Dakota State",2023,"Summit",106.3,106.1,0.3,158,156,150,1.5
"3653","San José State",2023,"Mountain West",106.5,106.2,0.3,136,171,150,1.8
"3654","Stetson",2023,"ASUN",107.9,107.7,0.2,23,323,157,0.6
"3655","Eastern Kentucky",2023,"ASUN",106.5,106.2,0.2,136,171,157,1.1
"3656","Detroit Mercy",2023,"Horizon",107.7,107.5,0.2,32,312,157,1
"3657","California Baptist",2023,"WAC",106,105.8,0.2,197,118,157,-1.2
"3658","Seattle U",2023,"WAC",106.2,105.9,0.2,170,131,157,0.4
"3659","Queens University",2023,"ASUN",107.1,106.9,0.2,74,258,157,-0.5
"3660","Vanderbilt",2023,"SEC",106.8,106.5,0.2,102,209,157,3.6
"3661","UMBC",2023,"Am. East",107,106.8,0.2,79,244,157,-1.3
"3662","Wisconsin",2023,"Big Ten",105.4,105.3,0.1,265,67,165,4.3
"3663","Loyola Marymount",2023,"WCC",107.3,107.1,0.1,58,278,165,1.6
"3664","St. Thomas-Minnesota",2023,"Summit",107.2,107,0.1,66,269,165,0.7
"3665","San Francisco",2023,"WCC",106.6,106.5,0.1,122,209,165,1.8
"3666","Army",2023,"Patriot",106.6,106.5,0.1,122,209,165,-1
"3667","Florida Gulf Coast",2023,"ASUN",106.4,106.3,0.1,149,182,165,0.7
"3668","Davidson",2023,"A-10",106.4,106.3,0.1,149,182,165,0.6
"3669","Long Beach State",2023,"Big West",106.1,106,0.1,180,140,165,1
"3670","Oklahoma",2023,"Big 12",106.1,105.9,0.1,180,131,165,2.4
"3671","UT Martin",2023,"OVC",106.1,106.1,0,180,156,174,-1.8
"3672","Southeast Missouri State",2023,"OVC",106.1,106.2,0,180,171,174,-0.7
"3673","Richmond",2023,"A-10",105.7,105.6,0,234,98,174,0.9
"3674","Old Dominion",2023,"Sun Belt",105.6,105.6,0,245,98,174,0.9
"3675","Wagner",2023,"NEC",105.4,105.3,0,265,67,174,-2.6
"3676","Utah Tech",2023,"WAC",106.5,106.5,0,136,209,174,-0.8
"3677","Robert Morris",2023,"Horizon",105.8,105.9,-0.1,228,131,180,-0.9
"3678","South Florida",2023,"American",106.4,106.5,-0.1,149,209,180,-0.3
"3679","Howard",2023,"MEAC",106,106.1,-0.1,197,156,180,0.1
"3680","Colorado State",2023,"Mountain West",106.6,106.7,-0.1,122,233,180,0.1
"3681","Brown",2023,"Ivy",105.1,105.4,-0.2,295,76,184,0.4
"3682","SE Louisiana",2023,"Southland",106.6,106.8,-0.2,122,244,184,-1.3
"3683","American University",2023,"Patriot",106.7,106.9,-0.2,111,258,184,-2.2
"3684","Weber State",2023,"Big Sky",105.3,105.5,-0.2,279,86,184,-1.1
"3685","App State",2023,"Sun Belt",105.4,105.6,-0.2,265,98,184,-0.2
"3686","St. Bonaventure",2023,"A-10",105.6,105.8,-0.2,245,118,184,-0.9
"3687","Campbell",2023,"Big South",106.4,106.6,-0.2,149,223,184,-0.7
"3688","Sacred Heart",2023,"NEC",105.2,105.5,-0.3,289,86,191,-3.9
"3689","Saint Joseph's",2023,"A-10",106.3,106.6,-0.3,158,223,191,-0.5
"3690","Milwaukee",2023,"Horizon",106.1,106.3,-0.3,180,182,191,-0.8
"3691","Temple",2023,"American",105.9,106.2,-0.3,212,171,191,0.4
"3692","Georgia Tech",2023,"ACC",105.5,105.8,-0.3,259,118,191,-1.6
"3693","Georgia Southern",2023,"Sun Belt",105.4,105.7,-0.3,265,110,191,-1.5
"3694","Morehead State",2023,"OVC",105.7,106.1,-0.4,234,156,197,-1.4
"3695","Wofford",2023,"SoCon",107.6,108,-0.4,35,343,197,-2.1
"3696","Mercer",2023,"SoCon",105.6,106,-0.4,245,140,197,-1.3
"3697","North Dakota State",2023,"Summit",106.5,106.9,-0.4,136,258,197,-1.5
"3698","Southern Indiana",2023,"OVC",106.6,107,-0.4,122,269,197,-2.5
"3699","Western Kentucky",2023,"CUSA",105.9,106.4,-0.5,212,198,202,-1.9
"3700","Boston University",2023,"Patriot",105.4,105.9,-0.5,265,131,202,-2.1
"3701","Purdue Fort Wayne",2023,"Horizon",105.6,106.1,-0.5,245,156,202,-0.7
"3702","Nicholls",2023,"Southland",105.8,106.3,-0.5,228,182,202,-2.2
"3703","Texas State",2023,"Sun Belt",106.1,106.5,-0.5,180,209,202,-1.7
"3704","Air Force",2023,"Mountain West",106,106.5,-0.5,197,209,202,-1.4
"3705","Western Carolina",2023,"SoCon",106,106.6,-0.5,197,223,202,-2.5
"3706","Southern",2023,"SWAC",105,105.5,-0.5,310,86,202,-2.4
"3707","Louisiana Tech",2023,"CUSA",105.9,106.4,-0.5,212,198,202,-1
"3708","Northern Iowa",2023,"MVC",105.7,106.3,-0.6,234,182,211,-1.9
"3709","Ole Miss",2023,"SEC",105.6,106.2,-0.6,245,171,211,0.5
"3710","George Washington",2023,"A-10",107,107.5,-0.6,79,312,211,-2.1
"3711","Maryland Eastern Shore",2023,"MEAC",104.6,105.2,-0.6,331,59,211,-1.6
"3712","Tarleton State",2023,"WAC",105.6,106.1,-0.6,245,156,211,-0.8
"3713","Tennessee State",2023,"OVC",106.1,106.7,-0.6,180,233,211,-2.5
"3714","Massachusetts",2023,"A-10",105.3,105.9,-0.6,279,131,211,-1
"3715","Nebraska",2023,"Big Ten",105,105.6,-0.6,310,98,211,0.5
"3716","Niagara",2023,"MAAC",106.1,106.7,-0.6,180,233,211,-2.9
"3717","Alcorn State",2023,"SWAC",105.3,105.9,-0.6,279,131,211,-1
"3718","Lafayette",2023,"Patriot",104.8,105.4,-0.6,322,76,211,-2.3
"3719","Washington",2023,"Pac-12",105.1,105.8,-0.6,295,118,211,-0.1
"3720","New Mexico State",2023,"WAC",106.1,106.8,-0.7,180,244,223,-1.6
"3721","Abilene Christian",2023,"WAC",106.1,106.8,-0.7,180,244,223,-3.2
"3722","Sacramento State",2023,"Big Sky",106.1,106.9,-0.7,180,258,223,-2.3
"3723","East Carolina",2023,"American",105.5,106.2,-0.7,259,171,223,-2.5
"3724","Fresno State",2023,"Mountain West",105.4,106.1,-0.7,265,156,223,-1.3
"3725","Prairie View A&M",2023,"SWAC",104.5,105.2,-0.7,335,59,223,-3.3
"3726","Tennessee Tech",2023,"OVC",105.9,106.7,-0.8,212,233,229,-3.2
"3727","North Florida",2023,"ASUN",107.1,107.9,-0.8,74,336,229,-3
"3728","Buffalo",2023,"MAC",106,106.8,-0.8,197,244,229,-2.1
"3729","Winthrop",2023,"Big South",107.2,108,-0.8,66,343,229,-2.9
"3730","Western Illinois",2023,"Summit",106.4,107.2,-0.8,149,291,229,-3.6
"3731","Maine",2023,"Am. East",105.6,106.4,-0.8,245,198,229,-4.1
"3732","Jacksonville",2023,"ASUN",105.4,106.2,-0.8,265,171,229,-2.9
"3733","Lehigh",2023,"Patriot",105.3,106,-0.8,279,140,229,-3.6
"3734","Alabama A&M",2023,"SWAC",104.9,105.7,-0.8,318,110,229,-4.6
"3735","Notre Dame",2023,"ACC",106.4,107.2,-0.8,149,291,229,-1.9
"3736","East Texas A&M",2023,"Southland",106.3,107.1,-0.8,158,278,229,-4.2
"3737","New Hampshire",2023,"Am. East",105.5,106.3,-0.8,259,182,229,-4.3
"3738","UTEP",2023,"CUSA",104.6,105.4,-0.8,331,76,229,-2.1
"3739","Pacific",2023,"WCC",106.8,107.6,-0.8,102,317,229,-2.8
"3740","Fairfield",2023,"MAAC",105.3,106,-0.8,279,140,229,-2.3
"3741","Delaware",2023,"CAA",105.9,106.8,-0.8,212,244,229,-2.6
"3742","Murray State",2023,"MVC",106.4,107.2,-0.8,149,291,229,-2.8
"3743","Portland",2023,"WCC",107,107.8,-0.9,79,328,246,-1.5
"3744","Idaho State",2023,"Big Sky",106.3,107.2,-0.9,158,291,246,-4.1
"3745","Butler",2023,"Big East",104.9,105.8,-0.9,318,118,246,-1.7
"3746","Stonehill",2023,"NEC",105.1,106,-0.9,295,140,246,-4.8
"3747","Morgan State",2023,"MEAC",104.7,105.7,-0.9,328,110,246,-4.6
"3748","Jackson State",2023,"SWAC",105.6,106.6,-0.9,245,223,246,-5.1
"3749","Bucknell",2023,"Patriot",105.9,106.8,-0.9,212,244,246,-4.3
"3750","Northern Arizona",2023,"Big Sky",106.7,107.7,-1,111,323,253,-2.7
"3751","Rice",2023,"CUSA",106.6,107.6,-1,122,317,253,-3
"3752","Jacksonville State",2023,"ASUN",105.9,106.9,-1,212,258,253,-3.6
"3753","Canisius",2023,"MAAC",106,107,-1,197,269,253,-2.7
"3754","East Tennessee State",2023,"SoCon",105.6,106.5,-1,245,209,253,-2.5
"3755","Marist",2023,"MAAC",104.9,105.9,-1,318,131,253,-3.9
"3756","North Alabama",2023,"ASUN",106.1,107.1,-1,180,278,253,-5.3
"3757","Florida International",2023,"CUSA",105.7,106.7,-1,234,233,253,-3.4
"3758","South Carolina Upstate",2023,"Big South",105.1,106.1,-1,295,156,253,-3.1
"3759","Northern Colorado",2023,"Big Sky",106.7,107.8,-1,111,328,253,-3
"3760","La Salle",2023,"A-10",105.5,106.5,-1,259,209,253,-2.7
"3761","Boston College",2023,"ACC",104.8,106,-1.1,322,140,264,-3.1
"3762","Georgia",2023,"SEC",105.4,106.4,-1.1,265,198,264,-1.8
"3763","Merrimack",2023,"NEC",103.8,104.9,-1.1,353,43,264,-2.6
"3764","Northern Illinois",2023,"MAC",105.3,106.4,-1.1,279,198,264,-3.1
"3765","Little Rock",2023,"OVC",106.2,107.3,-1.1,170,298,264,-6
"3766","Mount St. Mary's",2023,"MAAC",105,106.1,-1.2,310,156,269,-4.1
"3767","Denver",2023,"Summit",106.2,107.4,-1.2,170,305,269,-5.1
"3768","Dartmouth",2023,"Ivy",105.1,106.3,-1.2,295,182,269,-5
"3769","Portland State",2023,"Big Sky",106,107.1,-1.2,197,278,269,-4
"3770","Miami (OH)",2023,"MAC",106.5,107.7,-1.2,136,323,269,-5.6
"3771","Manhattan",2023,"MAAC",105.1,106.4,-1.3,295,198,274,-5.2
"3772","High Point",2023,"Big South",105.8,107.1,-1.3,228,278,274,-5.5
"3773","Wyoming",2023,"Mountain West",105.8,107.1,-1.3,228,278,274,-2.6
"3774","North Dakota",2023,"Summit",106.1,107.4,-1.3,180,305,274,-4.8
"3775","Pepperdine",2023,"WCC",106.1,107.4,-1.3,180,305,274,-2.6
"3776","LSU",2023,"SEC",105.6,106.9,-1.3,245,258,274,-2.2
"3777","Texas Southern",2023,"SWAC",104.5,105.8,-1.3,335,118,274,-5.4
"3778","Oakland",2023,"Horizon",106.3,107.8,-1.4,158,328,281,-4.7
"3779","Bowling Green",2023,"MAC",106.5,107.9,-1.4,136,336,281,-5.6
"3780","Illinois State",2023,"MVC",105.3,106.8,-1.5,279,244,283,-5.2
"3781","Binghamton",2023,"Am. East",105.5,107,-1.5,259,269,283,-5.4
"3782","UT Rio Grande Valley",2023,"WAC",106.1,107.7,-1.5,180,323,283,-5.8
"3783","South Dakota",2023,"Summit",106.3,108,-1.6,158,343,286,-6
"3784","Saint Peter's",2023,"MAAC",105,106.6,-1.6,310,223,286,-5.2
"3785","Bellarmine",2023,"ASUN",105.6,107.3,-1.6,245,298,286,-5.3
"3786","Rhode Island",2023,"A-10",104.4,106,-1.6,341,140,286,-4.8
"3787","Loyola Chicago",2023,"A-10",105.2,106.8,-1.6,289,244,286,-6.1
"3788","Incarnate Word",2023,"Southland",105.4,107,-1.6,265,269,286,-7.9
"3789","Arkansas State",2023,"Sun Belt",105.1,106.7,-1.6,295,233,286,-6.3
"3790","SMU",2023,"American",105.7,107.3,-1.6,234,298,286,-3.9
"3791","San Diego",2023,"WCC",106.9,108.5,-1.6,90,354,286,-5
"3792","Idaho",2023,"Big Sky",106.2,107.8,-1.6,170,328,286,-6.5
"3793","Charleston Southern",2023,"Big South",106.6,108.3,-1.7,122,351,296,-5.3
"3794","UC San Diego",2023,"Big West",105.4,107,-1.7,265,269,296,-6
"3795","St. Francis (PA)",2023,"NEC",106.2,107.9,-1.7,170,336,296,-5.3
"3796","Central Connecticut",2023,"NEC",105.4,107.1,-1.7,265,278,296,-5.7
"3797","Coastal Carolina",2023,"Sun Belt",106,107.9,-1.8,197,336,300,-6.6
"3798","Florida State",2023,"ACC",105.1,106.9,-1.8,295,258,300,-5
"3799","Valparaiso",2023,"MVC",105,106.7,-1.8,310,233,300,-6.2
"3800","Georgia State",2023,"Sun Belt",105,106.8,-1.8,310,244,300,-6
"3801","Arkansas-Pine Bluff",2023,"SWAC",104.3,106.1,-1.8,345,156,300,-7
"3802","NJIT",2023,"Am. East",105.7,107.5,-1.8,234,312,300,-7.3
"3803","DePaul",2023,"Big East",105.1,107.1,-1.9,295,278,306,-4.4
"3804","William & Mary",2023,"CAA",105.5,107.4,-1.9,259,305,306,-6.2
"3805","Chicago State",2023,"Indep.",105.9,107.8,-1.9,212,328,306,-6.2
"3806","Loyola Maryland",2023,"Patriot",105.9,107.8,-1.9,212,328,306,-6.7
"3807","UT Arlington",2023,"WAC",104.8,106.8,-2,322,244,310,-5.7
"3808","UIC",2023,"MVC",104.5,106.5,-2,335,209,310,-7
"3809","Northeastern",2023,"CAA",105.2,107.2,-2,289,291,310,-7.2
"3810","Cal State Bakersfield",2023,"Big West",104,106.1,-2.1,350,156,313,-6.8
"3811","New Orleans",2023,"Southland",105.3,107.3,-2.1,279,298,313,-7.7
"3812","North Carolina A&T",2023,"CAA",105.1,107.1,-2.1,295,278,313,-6.5
"3813","Kansas City",2023,"Summit",105.1,107.2,-2.1,295,291,313,-6.3
"3814","The Citadel",2023,"SoCon",105.1,107.2,-2.1,295,291,313,-8.2
"3815","Lindenwood",2023,"OVC",104.8,106.9,-2.1,322,258,313,-8.6
"3816","UL Monroe",2023,"Sun Belt",104.6,106.7,-2.1,331,233,313,-7.4
"3817","Eastern Illinois",2023,"OVC",104.6,106.7,-2.1,331,233,313,-8.5
"3818","Alabama State",2023,"SWAC",104.2,106.3,-2.1,347,182,313,-9.6
"3819","Duke",2023,"ACC",124.5,126.7,-2.2,3,360,322,9.1
"3820","Oregon State",2023,"Pac-12",104.2,106.4,-2.2,347,198,322,-6.5
"3821","Holy Cross",2023,"Patriot",104.4,106.7,-2.2,341,233,322,-8.2
"3822","Western Michigan",2023,"MAC",106,108.2,-2.2,197,349,322,-8.3
"3823","Elon",2023,"CAA",104.8,107.1,-2.3,322,278,326,-9.2
"3824","Cal Poly",2023,"Big West",104,106.3,-2.3,350,182,326,-7.3
"3825","UAlbany",2023,"Am. East",105.7,108,-2.3,234,343,326,-9.4
"3826","Omaha",2023,"Summit",105.4,107.8,-2.4,265,328,329,-7.6
"3827","Eastern Michigan",2023,"MAC",105.9,108.3,-2.4,212,351,329,-8.9
"3828","McNeese",2023,"Southland",105.2,107.6,-2.4,289,317,329,-7.1
"3829","Stony Brook",2023,"CAA",104.4,106.8,-2.5,341,244,332,-8
"3830","Presbyterian",2023,"Big South",104.5,107.1,-2.5,335,278,332,-9.3
"3831","Central Michigan",2023,"MAC",104.5,107,-2.5,335,269,332,-9.5
"3832","Bethune-Cookman",2023,"SWAC",105,107.5,-2.5,310,312,332,-10.1
"3833","Lamar",2023,"Southland",105,107.6,-2.6,310,317,336,-11
"3834","UTSA",2023,"CUSA",105.3,107.9,-2.6,279,336,336,-8.5
"3835","Cal State Northridge",2023,"Big West",104.3,107,-2.7,345,269,338,-9.2
"3836","South Carolina",2023,"SEC",105.1,107.8,-2.7,295,328,338,-5.7
"3837","Austin Peay",2023,"ASUN",104.7,107.3,-2.7,328,298,338,-8.5
"3838","Central Arkansas",2023,"ASUN",105.1,107.9,-2.7,295,336,338,-10.1
"3839","Coppin State",2023,"MEAC",105.2,107.9,-2.8,289,336,342,-9.4
"3840","Houston Christian",2023,"Southland",105.9,108.8,-2.8,212,357,342,-10.5
"3841","South Carolina State",2023,"MEAC",105.4,108.2,-2.8,265,349,342,-10.6
"3842","Hampton",2023,"CAA",105.3,108.1,-2.8,279,347,342,-10.7
"3843","Georgetown",2023,"Big East",104.8,107.7,-2.9,322,323,346,-7.8
"3844","Columbia",2023,"Ivy",104.4,107.4,-3,341,305,347,-11.4
"3845","Minnesota",2023,"Big Ten",103.8,106.9,-3.1,353,258,348,-7.1
"3846","Delaware State",2023,"MEAC",103.9,107.1,-3.2,352,278,349,-11.6
"3847","Florida A&M",2023,"SWAC",103.5,106.8,-3.3,357,244,350,-12.5
"3848","Louisville",2023,"ACC",104.2,107.5,-3.3,347,312,350,-10.2
"3849","VMI",2023,"SoCon",105.2,108.6,-3.4,289,355,352,-11.5
"3850","Tulsa",2023,"American",104.5,108.1,-3.6,335,347,353,-10.8
"3851","IU Indianapolis",2023,"Horizon",104.7,108.4,-3.7,328,353,354,-13.1
"3852","Mississippi Valley State",2023,"SWAC",103.5,107.3,-3.8,357,298,355,-11.9
"3853","California",2023,"Pac-12",103.7,107.6,-3.9,355,317,356,-9.9
"3854","Monmouth",2023,"CAA",103.5,107.4,-3.9,357,305,356,-10.8
"3855","Long Island University",2023,"NEC",103.7,107.6,-3.9,355,317,356,-16
"3856","Evansville",2023,"MVC",103.3,107.3,-4,361,298,359,-12.1
"3857","Green Bay",2023,"Horizon",103.4,108.7,-5.2,360,356,360,-16.1
"3858","Northwestern",2023,"Big Ten",123.6,158.1,-34.6,4,361,361,6.6
"3859","UConn",2024,"Big East",126.7,92.3,34.4,1,4,1,18.2
"3860","Houston",2024,"Big 12",118.7,85.3,33.4,15,1,2,17.3
"3861","Purdue",2024,"Big Ten",125.3,94.6,30.7,3,12,3,16.3
"3862","Arizona",2024,"Pac-12",120.9,92.8,28.2,11,5,4,16.4
"3863","Iowa State",2024,"Big 12",116.1,88.4,27.7,32,2,5,13.2
"3864","Auburn",2024,"SEC",121.1,93.6,27.5,10,8,6,16.2
"3865","Tennessee",2024,"SEC",117.3,90.6,26.6,27,3,7,14.5
"3866","Duke",2024,"ACC",121.8,95.5,26.4,8,17,8,14.1
"3867","North Carolina",2024,"ACC",120.2,94.3,25.8,13,10,9,13.9
"3868","Alabama",2024,"SEC",125.6,101.4,24.2,2,81,10,12.4
"3869","Creighton",2024,"Big East",120.7,96.8,23.9,12,25,11,11.6
"3870","Illinois",2024,"Big Ten",124.4,101,23.4,4,75,12,12.7
"3871","BYU",2024,"Big 12",121.3,98.1,23.2,9,31,13,10.8
"3872","Baylor",2024,"Big 12",124.1,101.1,23,5,77,14,10.5
"3873","Gonzaga",2024,"WCC",122,99,23,6,44,14,14
"3874","Saint Mary's",2024,"WCC",116.3,94.1,22.3,30,9,16,11.8
"3875","Marquette",2024,"Big East",117.4,95.4,22,24,16,17,10.2
"3876","Michigan State",2024,"Big Ten",114.1,94.3,19.8,52,10,18,9.8
"3877","Wisconsin",2024,"Big Ten",118.7,99.7,18.9,15,51,19,7.7
"3878","San Diego State",2024,"Mountain West",113.6,94.7,18.9,57,13,19,9.5
"3879","Clemson",2024,"ACC",117.4,98.9,18.5,24,42,21,9.4
"3880","Colorado",2024,"Pac-12",118.2,99.6,18.5,19,49,21,8.2
"3881","Texas",2024,"Big 12",115.7,97.2,18.4,33,26,23,8.9
"3882","Kentucky",2024,"SEC",121.9,103.5,18.4,7,120,23,10.4
"3883","St. John's",2024,"Big East",118,99.9,18.1,20,57,25,7.9
"3884","New Mexico",2024,"Mountain West",114.5,96.5,18,46,23,26,10.3
"3885","Kansas",2024,"Big 12",113.9,96,17.9,55,19,27,8.9
"3886","Dayton",2024,"A-10",117.9,100,17.9,21,60,27,10.7
"3887","Texas Tech",2024,"Big 12",117.5,99.8,17.7,23,54,29,7.5
"3888","Indiana State",2024,"MVC",120.2,102.6,17.6,13,106,30,10.9
"3889","Cincinnati",2024,"Big 12",113.3,96.1,17.2,61,21,31,8.7
"3890","Florida",2024,"SEC",118.7,101.9,16.9,15,90,32,8.1
"3891","Wake Forest",2024,"ACC",117.3,100.5,16.8,27,66,33,8.1
"3892","Pittsburgh",2024,"ACC",115.6,98.9,16.7,35,42,34,7.2
"3893","Colorado State",2024,"Mountain West",114.2,97.6,16.6,50,28,35,8
"3894","Villanova",2024,"Big East",111.6,94.9,16.6,84,15,35,6.4
"3895","Utah",2024,"Pac-12",114.6,98.3,16.3,44,34,37,5.7
"3896","Boise State",2024,"Mountain West",115,98.7,16.3,40,40,37,7.1
"3897","Nebraska",2024,"Big Ten",114.6,98.4,16.2,44,37,39,7.8
"3898","Texas A&M",2024,"SEC",117.2,101.2,16.1,29,78,40,6.6
"3899","Washington State",2024,"Pac-12",113.4,97.3,16,59,27,41,6.3
"3900","Oklahoma",2024,"Big 12",114.4,98.5,15.9,48,38,42,7.3
"3901","Nevada",2024,"Mountain West",114.3,98.3,15.9,49,34,42,8.1
"3902","Mississippi State",2024,"SEC",111.8,96,15.9,81,19,42,7
"3903","TCU",2024,"Big 12",114.8,99,15.8,42,44,45,8
"3904","Drake",2024,"MVC",115.4,100.2,15.2,37,63,46,8.1
"3905","Florida Atlantic",2024,"American",117.4,102.5,14.9,24,103,47,9.8
"3906","Northwestern",2024,"Big Ten",115.1,100.3,14.7,39,64,48,5.4
"3907","Utah State",2024,"Mountain West",115.6,100.8,14.7,35,71,48,9
"3908","Ohio State",2024,"Big Ten",114.2,99.6,14.6,50,49,50,6.5
"3909","Grand Canyon",2024,"WAC",112.5,98.2,14.4,71,32,51,10.9
"3910","NC State",2024,"ACC",114.5,100.1,14.4,46,61,51,5.4
"3911","Virginia Tech",2024,"ACC",115.3,101.5,13.9,38,82,53,6.1
"3912","Iowa",2024,"Big Ten",118.4,104.9,13.5,18,144,54,5.6
"3913","Oregon",2024,"Pac-12",114,100.5,13.5,54,66,54,3.7
"3914","Seton Hall",2024,"Big East",111.9,98.6,13.3,80,39,56,4.7
"3915","McNeese",2024,"Southland",114.9,101.6,13.3,41,85,56,11.7
"3916","Providence",2024,"Big East",109,95.8,13.2,118,18,58,4
"3917","San Francisco",2024,"WCC",112.3,99.3,13,76,47,59,7.4
"3918","James Madison",2024,"Sun Belt",113.4,100.6,12.8,59,68,60,10.8
"3919","Xavier",2024,"Big East",112.1,99.3,12.8,78,47,60,3.9
"3920","Bradley",2024,"MVC",112.4,99.7,12.7,75,51,62,7.7
"3921","Washington",2024,"Pac-12",114.8,102.3,12.5,42,98,63,4.4
"3922","UCF",2024,"Big 12",107.2,94.8,12.4,155,14,64,4.8
"3923","Princeton",2024,"Ivy",117.8,105.5,12.3,22,158,65,8.9
"3924","South Carolina",2024,"SEC",114.1,101.9,12.2,52,90,66,5.1
"3925","SMU",2024,"American",111.8,99.7,12.1,81,51,67,7.5
"3926","Butler",2024,"Big East",112.6,100.7,11.8,68,70,68,3.5
"3927","Virginia",2024,"ACC",105.3,93.5,11.8,192,6,68,4.7
"3928","VCU",2024,"A-10",109,98,11,118,30,70,5.9
"3929","Kansas State",2024,"Big 12",108.9,97.9,11,122,29,70,3.1
"3930","UC Irvine",2024,"Big West",110.7,99.8,10.9,94,54,72,8.1
"3931","Maryland",2024,"Big Ten",106.8,96.1,10.7,163,21,73,4.3
"3932","Boston College",2024,"ACC",113.1,102.9,10.3,62,110,74,4.3
"3933","App State",2024,"Sun Belt",108.5,98.3,10.2,133,34,75,8.3
"3934","Memphis",2024,"American",112.7,102.6,10.2,66,106,75,5.6
"3935","North Texas",2024,"American",109.7,99.8,9.9,106,54,77,5.1
"3936","Samford",2024,"SoCon",113.8,104.1,9.7,56,129,78,8.9
"3937","UNLV",2024,"Mountain West",112.6,102.9,9.7,68,110,78,4.4
"3938","Richmond",2024,"A-10",107.7,98.2,9.5,146,32,80,5.1
"3939","George Mason",2024,"A-10",111.1,101.6,9.4,91,85,81,5
"3940","Massachusetts",2024,"A-10",112.5,103.2,9.4,71,115,81,6.3
"3941","Yale",2024,"Ivy",111.3,101.9,9.4,86,90,81,7
"3942","Minnesota",2024,"Big Ten",112.5,103.2,9.3,71,115,84,3.4
"3943","USC",2024,"Pac-12",110.9,101.8,9.2,93,88,85,1.5
"3944","Penn State",2024,"Big Ten",110.5,101.3,9.2,97,80,85,3.4
"3945","Florida State",2024,"ACC",110.7,101.5,9.1,94,82,87,2.5
"3946","South Florida",2024,"American",111.2,102.1,9.1,88,95,87,6.1
"3947","St. Bonaventure",2024,"A-10",113.1,104,9.1,62,126,87,5
"3948","Loyola Chicago",2024,"A-10",105.5,96.6,8.8,188,24,90,4.5
"3949","Duquesne",2024,"A-10",107.6,98.7,8.8,148,40,90,4.7
"3950","Saint Joseph's",2024,"A-10",111.2,102.6,8.6,88,106,92,4.8
"3951","Miami",2024,"ACC",111,102.5,8.5,92,103,93,1.3
"3952","Louisiana Tech",2024,"CUSA",108.4,99.9,8.5,136,57,93,7.1
"3953","Syracuse",2024,"ACC",110,101.7,8.4,102,87,95,1.8
"3954","Georgia",2024,"SEC",109.3,101,8.3,113,75,96,2.1
"3955","Ole Miss",2024,"SEC",112.6,104.7,7.9,68,137,97,2.6
"3956","LSU",2024,"SEC",110,102.3,7.7,102,98,98,2.2
"3957","Charleston",2024,"CAA",113.1,106,7.1,62,165,99,6.1
"3958","Cornell",2024,"Ivy",113.5,106.5,6.9,58,174,100,6
"3959","Indiana",2024,"Big Ten",109.8,102.9,6.9,105,110,100,0.5
"3960","Vermont",2024,"Am. East",107.1,100.4,6.7,158,65,102,6.5
"3961","Seattle U",2024,"WAC",106.5,99.9,6.7,172,57,102,5.2
"3962","UCLA",2024,"Pac-12",107.1,100.8,6.3,158,71,104,0.9
"3963","Santa Clara",2024,"WCC",110.2,104,6.2,100,126,105,3
"3964","Rutgers",2024,"Big Ten",99.7,93.5,6.2,292,6,105,0.7
"3965","High Point",2024,"Big South",116.3,110.3,6,30,267,107,5.6
"3966","Hofstra",2024,"CAA",109,103.1,5.9,118,113,108,4.4
"3967","Stanford",2024,"Pac-12",109.7,104,5.6,106,126,109,0.1
"3968","UAB",2024,"American",112.3,106.8,5.5,76,185,110,2.6
"3969","Western Carolina",2024,"SoCon",108.7,103.3,5.4,128,117,111,5
"3970","Southern Illinois",2024,"MVC",109.7,104.4,5.3,106,135,112,2.4
"3971","Akron",2024,"MAC",107.2,101.9,5.3,155,90,112,5.3
"3972","Morehead State",2024,"OVC",108.7,103.6,5.1,128,121,114,6.2
"3973","Northern Iowa",2024,"MVC",108.7,103.7,5,128,122,115,2.4
"3974","Drexel",2024,"CAA",107.8,103.1,4.7,143,113,116,4.1
"3975","UNC Wilmington",2024,"CAA",113,108.3,4.6,65,217,117,4.2
"3976","Oakland",2024,"Horizon",110.3,105.8,4.5,99,163,118,4.2
"3977","Oklahoma State",2024,"Big 12",108.5,104.1,4.4,133,129,119,-0.2
"3978","Arkansas",2024,"SEC",109.5,105.1,4.4,109,148,119,0.8
"3979","Belmont",2024,"MVC",109,104.8,4.3,118,140,121,2.6
"3980","UC San Diego",2024,"Big West",111.4,107.1,4.3,85,195,121,3.3
"3981","Youngstown State",2024,"Horizon",109.1,105,4.2,115,146,123,4.9
"3982","Charlotte",2024,"American",108.8,104.8,4,126,140,124,3.2
"3983","California",2024,"Pac-12",108.7,104.8,3.9,128,140,125,-2.3
"3984","Davidson",2024,"A-10",105.4,101.5,3.9,191,82,125,1.9
"3985","UT Arlington",2024,"WAC",108.9,105.2,3.7,122,149,127,3.4
"3986","Toledo",2024,"MAC",112.7,109,3.7,66,239,127,3.6
"3987","Notre Dame",2024,"ACC",102.8,99.1,3.7,242,46,127,-1.3
"3988","Liberty",2024,"CUSA",110.1,106.6,3.4,101,176,130,3.6
"3989","Colgate",2024,"Patriot",105.5,102.2,3.3,188,97,131,5.6
"3990","Ohio",2024,"MAC",109.5,106.3,3.2,109,171,132,3.4
"3991","Troy",2024,"Sun Belt",106.8,103.7,3.1,163,122,133,3.8
"3992","Georgia Tech",2024,"ACC",108.5,105.4,3.1,133,155,133,-1.3
"3993","South Dakota State",2024,"Summit",108.2,105.2,3,138,149,135,3.6
"3994","Michigan",2024,"Big Ten",110,107,3,102,192,135,-2.5
"3995","Tulane",2024,"American",111.2,108.3,2.9,88,217,137,0.7
"3996","Western Kentucky",2024,"CUSA",104.8,102,2.8,202,94,138,3.9
"3997","Arkansas State",2024,"Sun Belt",112.5,109.9,2.7,71,253,139,2
"3998","Chattanooga",2024,"SoCon",110.7,108.3,2.5,94,217,140,2.4
"3999","St. Thomas-Minnesota",2024,"Summit",107.8,105.4,2.4,143,155,141,3.4
"4000","UNC Greensboro",2024,"SoCon",109.1,106.9,2.2,115,188,142,2.1
"4001","UMass Lowell",2024,"Am. East",107.1,104.9,2.2,158,144,142,3.7
"4002","Furman",2024,"SoCon",109.5,107.4,2.1,109,202,144,1.7
"4003","Arizona State",2024,"Pac-12",103.2,101.2,2,235,78,145,-2.7
"4004","Tarleton State",2024,"WAC",109.1,107.1,2,115,195,145,3.1
"4005","Weber State",2024,"Big Sky",108.8,107,1.8,126,192,147,3.9
"4006","Louisiana",2024,"Sun Belt",105.9,104.3,1.6,179,132,148,2.8
"4007","Eastern Washington",2024,"Big Sky",112.1,110.4,1.6,78,270,148,2.4
"4008","Montana",2024,"Big Sky",111.3,109.7,1.6,86,250,148,2.3
"4009","Missouri",2024,"SEC",108.2,106.7,1.5,138,180,151,-2
"4010","Wright State",2024,"Horizon",115.7,114.2,1.5,33,340,151,3.3
"4011","Towson",2024,"CAA",103.7,102.3,1.4,226,98,153,1.6
"4012","Wichita State",2024,"American",104.9,104.1,0.8,199,129,154,-0.2
"4013","Sam Houston",2024,"CUSA",104.7,103.9,0.8,205,124,154,1.7
"4014","Purdue Fort Wayne",2024,"Horizon",105.1,104.3,0.7,194,132,156,3.8
"4015","West Virginia",2024,"Big 12",107.6,107,0.6,148,192,157,-3.5
"4016","Delaware",2024,"CAA",105.7,105.2,0.5,186,149,158,1.8
"4017","Quinnipiac",2024,"MAAC",106.8,106.4,0.4,163,172,159,2.9
"4018","Missouri State",2024,"MVC",104.6,104.3,0.3,207,132,160,-0.2
"4019","Murray State",2024,"MVC",107.3,106.9,0.3,152,188,160,-0.5
"4020","Fairfield",2024,"MAAC",108.9,108.7,0.2,122,230,162,2.8
"4021","Winthrop",2024,"Big South",107.1,106.9,0.2,158,188,162,0.9
"4022","Long Beach State",2024,"Big West",107,106.7,0.2,162,180,162,0.1
"4023","Lipscomb",2024,"ASUN",111.7,111.6,0.1,83,293,165,1.8
"4024","Kent State",2024,"MAC",107.8,107.7,0.1,143,209,165,1
"4025","Hawai'i",2024,"Big West",105.8,106,-0.1,182,165,167,0.4
"4026","Bryant",2024,"Am. East",101.9,102.1,-0.2,258,95,168,1
"4027","UC Davis",2024,"Big West",103.1,103.4,-0.3,237,118,169,0.6
"4028","Utah Valley",2024,"WAC",100.5,100.8,-0.3,280,71,169,0
"4029","Oregon State",2024,"Pac-12",106.3,106.6,-0.3,174,176,169,-5.2
"4030","Longwood",2024,"Big South",104.9,105.2,-0.3,199,149,169,2.4
"4031","Wyoming",2024,"Mountain West",107.9,108.3,-0.4,141,217,173,-2.4
"4032","UNC Asheville",2024,"Big South",107.3,107.8,-0.5,152,211,174,1.8
"4033","Stephen F. Austin",2024,"WAC",101.5,102.3,-0.8,263,98,175,0.7
"4034","Stony Brook",2024,"CAA",106.1,107.2,-1.1,176,198,176,0.1
"4035","Little Rock",2024,"OVC",107.3,108.9,-1.5,152,236,177,1.9
"4036","East Tennessee State",2024,"SoCon",103.2,104.7,-1.5,235,137,177,-0.1
"4037","Fordham",2024,"A-10",101.9,103.4,-1.5,258,118,177,-1.9
"4038","Northern Kentucky",2024,"Horizon",103.5,105.6,-2,231,161,180,0.5
"4039","Texas A&M-Corpus Christi",2024,"Southland",100.4,102.5,-2.1,282,103,181,2.2
"4040","Loyola Marymount",2024,"WCC",107.9,110,-2.1,141,254,181,-1.4
"4041","Saint Peter's",2024,"MAAC",99.6,101.8,-2.2,293,88,183,0.9
"4042","Brown",2024,"Ivy",104,106.2,-2.2,220,170,183,-1.5
"4043","Cleveland State",2024,"Horizon",106.6,108.9,-2.3,169,236,185,0.7
"4044","Marist",2024,"MAAC",98.2,100.6,-2.4,310,68,186,0.8
"4045","UTEP",2024,"CUSA",98.4,100.8,-2.4,307,71,186,-0.7
"4046","Monmouth",2024,"CAA",105.8,108.3,-2.5,182,217,188,-0.6
"4047","Illinois State",2024,"MVC",102.2,104.7,-2.5,253,137,188,-1.7
"4048","La Salle",2024,"A-10",106.1,108.7,-2.6,176,230,190,-2.4
"4049","UIC",2024,"MVC",101.2,103.9,-2.7,267,124,191,-2.6
"4050","Norfolk State",2024,"MEAC",104.4,107.1,-2.7,211,195,191,0.9
"4051","Tulsa",2024,"American",102.4,105.2,-2.8,249,149,193,-1.9
"4052","Northern Colorado",2024,"Big Sky",107.6,110.4,-2.8,148,270,193,-0.8
"4053","Wofford",2024,"SoCon",108.2,111,-2.8,138,282,193,-1.2
"4054","California Baptist",2024,"WAC",103.7,106.4,-2.8,226,172,193,-1.2
"4055","East Carolina",2024,"American",104.2,106.9,-2.8,216,188,193,-2.7
"4056","Gardner-Webb",2024,"Big South",102.6,105.4,-2.9,246,155,198,-1
"4057","Temple",2024,"American",102.6,105.5,-3,246,158,199,-2.6
"4058","UC Santa Barbara",2024,"Big West",106.8,109.8,-3,163,252,199,-1.1
"4059","Iona",2024,"MAAC",104.5,107.5,-3,210,206,199,-0.1
"4060","Merrimack",2024,"NEC",97.1,100.1,-3.1,324,61,202,2.5
"4061","Texas State",2024,"Sun Belt",99.6,102.7,-3.1,293,109,202,-1.3
"4062","George Washington",2024,"A-10",106.5,109.7,-3.2,172,250,204,-2.3
"4063","Jacksonville State",2024,"CUSA",101.1,104.4,-3.3,268,135,205,-0.9
"4064","Georgetown",2024,"Big East",109.3,112.6,-3.4,113,317,206,-6.7
"4065","Louisville",2024,"ACC",105.1,108.5,-3.4,194,225,206,-6.4
"4066","UT Martin",2024,"OVC",106.8,110.2,-3.5,163,262,208,0.9
"4067","Vanderbilt",2024,"SEC",104.2,107.8,-3.5,216,211,208,-6.2
"4068","Saint Louis",2024,"A-10",110.4,114,-3.5,98,337,208,-3.9
"4069","Lamar",2024,"Southland",105,108.6,-3.6,197,229,211,1.3
"4070","Pennsylvania",2024,"Ivy",107.6,111.3,-3.7,148,290,212,-2.1
"4071","Georgia State",2024,"Sun Belt",105.8,109.6,-3.8,182,249,213,-1.7
"4072","Green Bay",2024,"Horizon",104.3,108.1,-3.8,214,215,213,-1.4
"4073","Eastern Kentucky",2024,"ASUN",106.2,110.2,-4,175,262,215,-1
"4074","Rider",2024,"MAAC",103.7,107.7,-4,226,209,215,-1.4
"4075","Rhode Island",2024,"A-10",106.6,110.7,-4.1,169,275,217,-3.5
"4076","Montana State",2024,"Big Sky",104.3,108.5,-4.2,214,225,218,-1.6
"4077","Pepperdine",2024,"WCC",105.8,110,-4.3,182,254,219,-4
"4078","New Hampshire",2024,"Am. East",100.5,104.8,-4.3,280,140,219,-2.3
"4079","Milwaukee",2024,"Horizon",108.9,113.3,-4.4,122,328,221,-1.4
"4080","Harvard",2024,"Ivy",103,107.4,-4.4,240,202,221,-2.7
"4081","Florida Gulf Coast",2024,"ASUN",103.3,107.8,-4.5,234,211,223,-2.7
"4082","Evansville",2024,"MVC",101.6,106.1,-4.5,261,168,223,-3
"4083","Mount St. Mary's",2024,"MAAC",102.8,107.3,-4.5,242,200,223,-0.6
"4084","Mercer",2024,"SoCon",103.8,108.4,-4.5,222,223,223,-2.2
"4085","Columbia",2024,"Ivy",106.6,111.2,-4.6,169,286,227,-3.1
"4086","UC Riverside",2024,"Big West",103.9,108.5,-4.6,221,225,227,-2.7
"4087","North Florida",2024,"ASUN",108.6,113.3,-4.7,132,328,229,-3.3
"4088","Maine",2024,"Am. East",97.6,102.3,-4.8,316,98,230,-1.5
"4089","Cal State Northridge",2024,"Big West",100.8,105.5,-4.8,277,158,230,-2.5
"4090","Kansas City",2024,"Summit",102,106.7,-4.8,256,180,230,-1
"4091","Stetson",2024,"ASUN",109.5,114.4,-4.9,109,342,233,-1.3
"4092","Bowling Green",2024,"MAC",102.3,107.2,-4.9,251,198,233,-1.2
"4093","Austin Peay",2024,"ASUN",107.7,112.7,-5,146,322,235,-1.7
"4094","UAlbany",2024,"Am. East",105.5,110.5,-5,188,272,235,-2.2
"4095","Central Connecticut",2024,"NEC",102.1,107.4,-5.3,255,202,237,0.2
"4096","Omaha",2024,"Summit",104.8,110.1,-5.3,202,259,237,-3
"4097","Radford",2024,"Big South",107.2,112.6,-5.4,155,317,239,-2
"4098","Cal State Bakersfield",2024,"Big West",102,107.4,-5.4,256,202,239,-3.3
"4099","Cal State Fullerton",2024,"Big West",99.8,105.2,-5.4,290,149,239,-3.5
"4100","Marshall",2024,"Sun Belt",101.4,106.8,-5.4,264,185,239,-3.7
"4101","Abilene Christian",2024,"WAC",101.1,106.6,-5.5,268,176,243,-3
"4102","Nicholls",2024,"Southland",103.8,109.3,-5.5,222,247,243,-0.8
"4103","Rice",2024,"American",105.1,110.6,-5.5,194,274,243,-3.9
"4104","North Dakota",2024,"Summit",105.7,111.2,-5.5,186,286,243,-1.8
"4105","Southern Miss",2024,"Sun Belt",100.9,106.5,-5.6,273,174,247,-3
"4106","South Alabama",2024,"Sun Belt",103.8,109.5,-5.6,222,248,247,-2.4
"4107","Lehigh",2024,"Patriot",100.9,106.7,-5.7,273,180,249,-0.6
"4108","Portland State",2024,"Big Sky",99.6,105.7,-6.1,293,162,250,-3.1
"4109","North Alabama",2024,"ASUN",105.9,112,-6.2,179,300,251,-2.5
"4110","Fresno State",2024,"Mountain West",102.9,109.1,-6.2,241,243,251,-5.8
"4111","Southern Utah",2024,"WAC",105.3,111.7,-6.4,192,299,253,-4.6
"4112","The Citadel",2024,"SoCon",102.5,109,-6.5,248,239,254,-3.6
"4113","Miami (OH)",2024,"MAC",101,107.6,-6.6,271,208,255,-2.9
"4114","Northeastern",2024,"CAA",104.6,111.2,-6.7,207,286,256,-3.1
"4115","Idaho State",2024,"Big Sky",104.1,110.8,-6.7,219,278,256,-3.1
"4116","North Carolina Central",2024,"MEAC",104.9,111.6,-6.8,199,293,258,-0.1
"4117","Denver",2024,"Summit",108.3,115.2,-6.9,137,347,259,-2.8
"4118","Niagara",2024,"MAAC",104.6,111.6,-7.1,207,293,260,-2.2
"4119","Ball State",2024,"MAC",103.1,110.3,-7.2,237,267,261,-2.9
"4120","UTSA",2024,"American",106.8,114.1,-7.2,163,338,261,-4.9
"4121","Kennesaw State",2024,"ASUN",105,112.3,-7.3,197,310,263,-3.8
"4122","Canisius",2024,"MAAC",101.3,108.7,-7.4,266,230,264,-2.6
"4123","Southern",2024,"SWAC",97.6,105,-7.4,316,146,264,-2.4
"4124","San Diego",2024,"WCC",100.8,108.4,-7.5,277,223,266,-6.1
"4125","Howard",2024,"MEAC",105.9,113.5,-7.5,179,332,266,-1.5
"4126","North Dakota State",2024,"Summit",104.4,112,-7.6,211,300,268,-3.9
"4127","Presbyterian",2024,"Big South",102.7,110.3,-7.7,245,267,269,-4.3
"4128","Bucknell",2024,"Patriot",100.9,108.5,-7.7,273,225,269,-1.7
"4129","Sacred Heart",2024,"NEC",103.1,110.9,-7.8,237,281,271,-2.6
"4130","San José State",2024,"Mountain West",104.2,112,-7.8,216,300,271,-6.4
"4131","UMBC",2024,"Am. East",104.8,112.6,-7.9,202,317,273,-4.2
"4132","Western Illinois",2024,"OVC",97.8,105.9,-8.1,313,164,274,-2.3
"4133","Queens University",2024,"ASUN",103.5,111.6,-8.1,231,293,274,-4.3
"4134","Binghamton",2024,"Am. East",102.4,110.7,-8.3,249,275,276,-4.2
"4135","American University",2024,"Patriot",104.7,113.2,-8.4,205,327,277,-2.6
"4136","SIU Edwardsville",2024,"OVC",101.6,110,-8.4,261,254,277,-2.4
"4137","Texas Southern",2024,"SWAC",99.5,108,-8.5,296,214,279,-2.1
"4138","Georgia Southern",2024,"Sun Belt",103.6,112.2,-8.6,230,307,280,-6.2
"4139","Oral Roberts",2024,"Summit",103.7,112.3,-8.6,226,310,280,-4
"4140","Air Force",2024,"Mountain West",104.4,113.1,-8.7,211,326,282,-6.9
"4141","Chicago State",2024,"Indep.",99.5,108.3,-8.9,296,217,283,-6.6
"4142","Boston University",2024,"Patriot",98.5,107.5,-8.9,306,206,283,-2.7
"4143","Central Michigan",2024,"MAC",97.1,106.1,-9.1,324,168,285,-4.7
"4144","Utah Tech",2024,"WAC",99.4,108.7,-9.2,298,230,286,-6.6
"4145","Wagner",2024,"NEC",97.5,106.6,-9.2,319,176,286,-2.8
"4146","Jacksonville",2024,"ASUN",102.2,111.6,-9.4,253,293,288,-4.3
"4147","Old Dominion",2024,"Sun Belt",99.4,108.9,-9.6,298,236,289,-6.8
"4148","Grambling",2024,"SWAC",99.2,108.8,-9.6,301,234,289,-3.5
"4149","Le Moyne",2024,"NEC",100.7,110.5,-9.7,279,272,291,-3.3
"4150","South Carolina Upstate",2024,"Big South",100.2,110.2,-10,285,262,292,-5.9
"4151","Florida International",2024,"CUSA",100.4,110.8,-10.4,282,278,293,-6.1
"4152","Tennessee State",2024,"OVC",98.6,109,-10.4,305,239,293,-2.8
"4153","Robert Morris",2024,"Horizon",102.3,112.8,-10.5,251,324,295,-5.8
"4154","Middle Tennessee",2024,"CUSA",96.8,107.3,-10.5,327,200,295,-6.4
"4155","Delaware State",2024,"MEAC",96.2,106.8,-10.7,330,185,297,-3.7
"4156","Bethune-Cookman",2024,"SWAC",98.3,109.1,-10.9,309,243,298,-4.6
"4157","Valparaiso",2024,"MVC",99.2,110.1,-10.9,301,259,298,-9
"4158","Jackson State",2024,"SWAC",101.1,112.2,-11.2,268,307,300,-4.7
"4159","Western Michigan",2024,"MAC",99.9,111,-11.2,289,282,300,-6
"4160","New Mexico State",2024,"CUSA",99.8,111.1,-11.3,290,284,302,-7.3
"4161","UL Monroe",2024,"Sun Belt",100.2,111.6,-11.4,285,293,303,-6.3
"4162","SE Louisiana",2024,"Southland",98.7,110.1,-11.4,304,259,303,-3.9
"4163","Northern Illinois",2024,"MAC",101.8,113.4,-11.6,260,330,305,-7
"4164","Portland",2024,"WCC",103.5,115.2,-11.7,231,347,306,-9.1
"4165","Campbell",2024,"CAA",100.4,112.1,-11.8,282,304,307,-6.5
"4166","William & Mary",2024,"CAA",101.4,113.7,-12.3,264,334,308,-7.1
"4167","Lafayette",2024,"Patriot",94.4,106.7,-12.3,344,180,308,-5.6
"4168","Alcorn State",2024,"SWAC",106.1,118.5,-12.4,176,357,310,-4.7
"4169","Navy",2024,"Patriot",97.6,110,-12.4,316,254,310,-4.4
"4170","Eastern Illinois",2024,"OVC",95.8,108.2,-12.4,336,216,310,-6.1
"4171","DePaul",2024,"Big East",101,113.8,-12.8,271,335,313,-14.2
"4172","Coastal Carolina",2024,"Sun Belt",99.3,112.2,-12.8,300,307,313,-8.6
"4173","Sacramento State",2024,"Big Sky",97.9,110.8,-12.9,312,278,315,-6.8
"4174","South Carolina State",2024,"MEAC",97.2,110.2,-13.1,322,262,316,-5.5
"4175","Alabama State",2024,"SWAC",92.7,106,-13.3,351,165,317,-5
"4176","Bellarmine",2024,"ASUN",100.1,113.5,-13.4,287,332,318,-8.1
"4177","Northern Arizona",2024,"Big Sky",98.2,112,-13.7,310,300,319,-7.1
"4178","Prairie View A&M",2024,"SWAC",95.4,109.1,-13.8,338,243,320,-8.1
"4179","Elon",2024,"CAA",100.9,114.7,-13.8,273,343,320,-7.1
"4180","Fairleigh Dickinson",2024,"NEC",98.4,112.3,-13.9,307,310,322,-6.9
"4181","Alabama A&M",2024,"SWAC",94.9,108.8,-13.9,340,234,322,-7.5
"4182","Idaho",2024,"Big Sky",99.1,112.9,-13.9,303,325,322,-7.7
"4183","Southern Indiana",2024,"OVC",96,110.2,-14.2,334,262,325,-7.5
"4184","South Dakota",2024,"Summit",102.8,117,-14.2,242,354,325,-8.2
"4185","Charleston Southern",2024,"Big South",95.7,110,-14.4,337,254,327,-8.8
"4186","Eastern Michigan",2024,"MAC",97.3,112.1,-14.8,321,304,328,-8.7
"4187","Arkansas-Pine Bluff",2024,"SWAC",103.8,119.5,-15.7,222,362,329,-8.3
"4188","Dartmouth",2024,"Ivy",93.1,109.1,-16,350,243,330,-11.1
"4189","Northwestern State",2024,"Southland",97.8,113.8,-16.1,313,335,331,-8.1
"4190","Manhattan",2024,"MAAC",96,112.3,-16.2,334,310,332,-9
"4191","UT Rio Grande Valley",2024,"WAC",94.9,111.2,-16.3,340,286,333,-11.6
"4192","Tennessee Tech",2024,"OVC",96.1,112.6,-16.5,332,317,334,-8.5
"4193","NJIT",2024,"Am. East",97.5,114.1,-16.6,319,338,335,-10
"4194","Army",2024,"Patriot",92,109,-17,355,239,336,-7.4
"4195","Hampton",2024,"CAA",95.2,112.5,-17.3,339,315,337,-10.6
"4196","East Texas A&M",2024,"Southland",94.2,111.4,-17.3,347,291,337,-8.3
"4197","Cal Poly",2024,"Big West",94.4,112.1,-17.7,344,304,339,-11.5
"4198","Morgan State",2024,"MEAC",96.2,114.2,-17.9,330,340,340,-8.4
"4199","Central Arkansas",2024,"ASUN",97.7,115.7,-18,315,352,341,-11.8
"4200","Loyola Maryland",2024,"Patriot",94.3,112.3,-18.1,346,310,342,-9.3
"4201","Incarnate Word",2024,"Southland",97.1,115.3,-18.3,324,349,343,-9.9
"4202","North Carolina A&T",2024,"CAA",96.6,115,-18.4,328,346,344,-11.1
"4203","Florida A&M",2024,"SWAC",94.1,112.6,-18.5,348,317,345,-10.2
"4204","Buffalo",2024,"MAC",96.1,114.7,-18.6,332,343,346,-12.1
"4205","New Orleans",2024,"Southland",97.2,115.8,-18.6,322,353,346,-10.7
"4206","Long Island University",2024,"NEC",92.7,111.5,-18.8,351,292,348,-10.2
"4207","Holy Cross",2024,"Patriot",100.1,119.4,-19.3,287,361,349,-9.9
"4208","Maryland Eastern Shore",2024,"MEAC",90.7,110.7,-20,358,275,350,-10.9
"4209","Southeast Missouri State",2024,"OVC",91.8,112.5,-20.7,356,315,351,-12.1
"4210","St. Francis (PA)",2024,"NEC",94.6,115.4,-20.8,343,350,352,-11.1
"4211","Detroit Mercy",2024,"Horizon",96.5,118.3,-21.8,329,356,353,-12.7
"4212","Stonehill",2024,"NEC",92.7,114.9,-22.2,351,345,354,-12.2
"4213","Houston Christian",2024,"Southland",94.9,117.5,-22.6,340,355,355,-13.1
"4214","Siena",2024,"MAAC",90.3,113.4,-23.1,359,330,356,-13.3
"4215","VMI",2024,"SoCon",89.3,112.7,-23.5,360,322,357,-15.8
"4216","Lindenwood",2024,"OVC",91.8,115.5,-23.7,356,351,358,-12.1
"4217","Pacific",2024,"WCC",93.6,118.7,-25.1,349,358,359,-15.7
"4218","Coppin State",2024,"MEAC",85.2,111.1,-25.8,361,284,360,-14.9
"4219","IU Indianapolis",2024,"Horizon",92.6,119.2,-26.6,354,360,361,-16
"4220","Mississippi Valley State",2024,"SWAC",85,118.8,-33.8,362,359,362,-18.2
"4221","Duke",2025,"ACC",130.3,90.5,39.8,1,4,1,22.2
"4222","Houston",2025,"Big 12",123.3,86.9,36.4,11,1,2,18.4
"4223","Auburn",2025,"SEC",128.4,93.4,35.1,2,8,3,18.9
"4224","Florida",2025,"SEC",126.5,91.9,34.6,4,5,4,18.5
"4225","Gonzaga",2025,"WCC",127.6,97,30.6,3,29,5,15.8
"4226","Tennessee",2025,"SEC",120.8,90.3,30.5,17,3,6,14.7
"4227","Alabama",2025,"SEC",126.4,96.7,29.7,5,25,7,16.2
"4228","Maryland",2025,"Big Ten",120.2,92,28.2,19,6,8,15.1
"4229","Texas Tech",2025,"Big 12",125.1,97.7,27.4,6,32,9,13.7
"4230","Arizona",2025,"Big 12",123.6,96.9,26.7,10,27,10,11.3
"4231","Michigan State",2025,"Big Ten",119.3,92.9,26.4,24,7,11,15.1
"4232","Iowa State",2025,"Big 12",119.4,93.5,25.9,22,9,12,14.1
"4233","St. John's",2025,"Big East",115,89.5,25.5,61,2,13,13.3
"4234","Illinois",2025,"Big Ten",122.1,97.8,24.3,15,33,14,12
"4235","Purdue",2025,"Big Ten",124.6,100.2,24.3,7,51,14,13.3
"4236","Kentucky",2025,"SEC",123.8,99.4,24.3,9,46,14,12.3
"4237","Wisconsin",2025,"Big Ten",122.5,98.3,24.2,13,36,17,12.7
"4238","Saint Mary's",2025,"WCC",117.2,93.8,23.5,41,10,18,11.5
"4239","UCLA",2025,"Big Ten",118,94.8,23.2,30,13,19,12.3
"4240","Missouri",2025,"SEC",124.3,101.4,22.9,8,69,20,10.9
"4241","Texas A&M",2025,"SEC",117,94.7,22.4,44,12,21,11.5
"4242","Kansas",2025,"Big 12",117.8,95.5,22.3,33,15,22,10.3
"4243","Clemson",2025,"ACC",117.7,95.5,22.1,37,15,23,12.7
"4244","UConn",2025,"Big East",122.7,100.9,21.8,12,59,24,9
"4245","Marquette",2025,"Big East",117.3,95.9,21.3,38,20,25,9.7
"4246","Louisville",2025,"ACC",118,96.8,21.2,30,26,26,11.1
"4247","Michigan",2025,"Big Ten",116,94.8,21.2,57,13,26,10.8
"4248","Ole Miss",2025,"SEC",118.1,96.9,21.2,29,27,26,10.8
"4249","BYU",2025,"Big 12",122.5,101.4,21,13,69,29,9.7
"4250","Baylor",2025,"Big 12",121.3,100.5,20.8,16,55,30,8.8
"4251","Oregon",2025,"Big Ten",117.1,96.4,20.8,42,23,30,10.6
"4252","VCU",2025,"A-10",116.5,95.8,20.7,47,17,32,12.2
"4253","North Carolina",2025,"ACC",119.9,99.6,20.3,20,47,33,9.6
"4254","Ohio State",2025,"Big Ten",119.4,99.6,19.8,22,47,34,9.5
"4255","Creighton",2025,"Big East",117.3,97.8,19.5,38,33,35,7.6
"4256","Mississippi State",2025,"SEC",118.3,99.2,19.1,27,42,36,10
"4257","UC San Diego",2025,"Big West",115.1,96.3,18.8,60,22,37,12.4
"4258","Georgia",2025,"SEC",116.5,97.9,18.6,47,35,38,8.1
"4259","Arkansas",2025,"SEC",114.4,95.8,18.5,67,17,39,8.6
"4260","Xavier",2025,"Big East",117.8,99.7,18.1,33,49,40,6.9
"4261","Boise State",2025,"Mountain West",119,101.3,17.7,26,65,41,8.8
"4262","Texas",2025,"SEC",118.2,101,17.2,28,61,42,6.4
"4263","Colorado State",2025,"Mountain West",116.1,98.9,17.1,55,39,43,8.4
"4264","New Mexico",2025,"Mountain West",113,96,17,81,21,44,9.9
"4265","Santa Clara",2025,"WCC",117,100.6,16.4,44,57,45,7.8
"4266","Oklahoma",2025,"SEC",117.8,101.5,16.2,33,72,46,6.7
"4267","Villanova",2025,"Big East",119.9,103.8,16.1,20,100,47,5.5
"4268","Utah State",2025,"Mountain West",120.6,104.7,15.9,18,112,48,7.3
"4269","SMU",2025,"ACC",117.1,101.3,15.9,42,65,48,8.7
"4270","Vanderbilt",2025,"SEC",117.8,102.2,15.6,33,77,50,6.6
"4271","Northwestern",2025,"Big Ten",114.3,98.8,15.5,68,38,51,6.4
"4272","McNeese",2025,"Southland",115.5,100.2,15.3,59,51,52,10.8
"4273","Indiana",2025,"Big Ten",113.7,98.6,15.1,74,37,53,7.2
"4274","Cincinnati",2025,"Big 12",111.4,96.5,14.9,96,24,54,6.2
"4275","West Virginia",2025,"Big 12",109.2,94.4,14.8,138,11,55,6
"4276","Drake",2025,"MVC",114.1,99.3,14.8,72,44,55,8.2
"4277","San Diego State",2025,"Mountain West",111.6,97,14.5,93,29,57,6.5
"4278","Nebraska",2025,"Big Ten",113.5,99.1,14.4,75,41,58,7.2
"4279","Memphis",2025,"American",113.9,100,13.9,73,50,59,9.2
"4280","Penn State",2025,"Big Ten",114.5,101.3,13.1,65,65,60,7.6
"4281","Pittsburgh",2025,"ACC",116.1,103.1,13,55,88,61,6.7
"4282","USC",2025,"Big Ten",116.2,103.5,12.7,52,91,62,6.1
"4283","Iowa",2025,"Big Ten",119.3,106.8,12.5,24,164,63,4.8
"4284","San Francisco",2025,"WCC",113.5,101.1,12.4,75,64,64,5.6
"4285","UC Irvine",2025,"Big West",108.2,95.8,12.4,158,17,64,8.6
"4286","Yale",2025,"Ivy",115.8,103.6,12.2,58,95,66,9.7
"4287","Liberty",2025,"CUSA",112.3,100.5,11.9,88,55,67,7.4
"4288","North Texas",2025,"American",111,99.2,11.8,101,42,68,6.8
"4289","Utah",2025,"Big 12",114.8,103.5,11.4,62,91,69,3.5
"4290","Wake Forest",2025,"ACC",109.9,98.9,11.1,126,39,70,3.6
"4291","Butler",2025,"Big East",117.3,106.2,11,38,144,71,1.5
"4292","South Carolina",2025,"SEC",111.2,100.4,10.8,99,54,72,2.6
"4293","George Mason",2025,"A-10",107.9,97.3,10.6,166,31,73,6
"4294","Kansas State",2025,"Big 12",110.1,100.2,10,118,51,74,3.2
"4295","Nevada",2025,"Mountain West",113.4,103.5,9.9,77,91,75,4.2
"4296","Oregon State",2025,"WCC",116.2,106.3,9.9,52,148,75,5.1
"4297","Rutgers",2025,"Big Ten",114.6,104.7,9.9,64,112,75,3.6
"4298","Dayton",2025,"A-10",116.5,106.6,9.8,47,156,78,5.2
"4299","UCF",2025,"Big 12",114.7,104.9,9.8,63,118,78,2.9
"4300","Arkansas State",2025,"Sun Belt",114.3,104.5,9.7,68,109,80,8
"4301","High Point",2025,"Big South",118,108.2,9.7,30,189,80,8.4
"4302","Saint Joseph's",2025,"A-10",110.1,100.8,9.2,118,58,82,5.9
"4303","Arizona State",2025,"Big 12",111.5,102.4,9.1,94,80,83,2.1
"4304","Bradley",2025,"MVC",112.2,103.1,9.1,89,88,83,5.1
"4305","TCU",2025,"Big 12",108.3,99.3,9,154,44,85,2.1
"4306","LSU",2025,"SEC",110.2,101.3,9,115,65,85,1.6
"4307","Stanford",2025,"ACC",113.2,104.2,9,79,105,85,3.9
"4308","Lipscomb",2025,"ASUN",112.5,103.9,8.6,86,102,88,7.6
"4309","Colorado",2025,"Big 12",108.7,100.9,7.8,149,59,89,0.1
"4310","Georgetown",2025,"Big East",108.8,101,7.8,146,61,89,1.7
"4311","Northern Iowa",2025,"MVC",111.1,103.6,7.5,100,95,91,4.1
"4312","Florida State",2025,"ACC",109.9,102.5,7.4,126,83,92,3.3
"4313","Providence",2025,"Big East",112,105.3,6.7,90,123,93,-0.1
"4314","UAB",2025,"American",116.5,109.8,6.7,47,224,93,4.2
"4315","Minnesota",2025,"Big Ten",109.7,103,6.6,130,87,95,1.9
"4316","Akron",2025,"MAC",114.5,108,6.6,65,186,95,6.7
"4317","Troy",2025,"Sun Belt",107.5,101,6.5,176,61,97,5.5
"4318","Grand Canyon",2025,"WAC",108.4,101.8,6.5,152,73,97,5.5
"4319","UNLV",2025,"Mountain West",109,102.6,6.3,143,84,99,1.6
"4320","Chattanooga",2025,"SoCon",116.9,110.7,6.2,46,246,100,5.5
"4321","Notre Dame",2025,"ACC",111.9,105.7,6.2,92,136,100,2
"4322","UNC Wilmington",2025,"CAA",112.8,106.7,6.1,82,163,102,5
"4323","Loyola Chicago",2025,"A-10",109.4,103.7,5.6,134,98,103,2.3
"4324","Utah Valley",2025,"WAC",107.4,102.1,5.2,179,76,104,5
"4325","Oklahoma State",2025,"Big 12",107.4,102.2,5.2,179,77,104,-0.7
"4326","Kent State",2025,"MAC",107.1,102.2,5,187,77,106,4.1
"4327","St. Bonaventure",2025,"A-10",106.4,101.4,5,200,69,106,2.7
"4328","Cornell",2025,"Ivy",116.3,111.5,4.8,51,263,108,4.2
"4329","Georgia Tech",2025,"ACC",107.5,102.7,4.8,176,85,108,0.6
"4330","Cal State Northridge",2025,"Big West",108.8,104.1,4.7,146,104,110,3.9
"4331","Robert Morris",2025,"Horizon",108.4,103.7,4.7,152,98,110,3.2
"4332","Saint Louis",2025,"A-10",109.4,104.8,4.6,134,114,112,1.9
"4333","North Alabama",2025,"ASUN",111.5,107.1,4.5,94,169,113,4.8
"4334","DePaul",2025,"Big East",110,105.5,4.5,125,128,113,-2.3
"4335","Illinois State",2025,"MVC",114.3,109.9,4.4,68,226,115,2.1
"4336","Jacksonville State",2025,"CUSA",109.7,105.5,4.2,130,128,116,2.3
"4337","Samford",2025,"SoCon",112.6,108.5,4.1,85,194,117,5
"4338","Northern Colorado",2025,"Big Sky",112.8,108.7,4.1,82,199,117,4.5
"4339","Middle Tennessee",2025,"CUSA",110.2,106.1,4,115,140,119,2.2
"4340","Virginia",2025,"ACC",110.1,106.1,4,118,140,119,0.6
"4341","Washington",2025,"Big Ten",109.8,105.8,4,129,137,119,-0.4
"4342","St. Thomas-Minnesota",2025,"Summit",114.2,110.4,3.8,71,240,122,4.6
"4343","California",2025,"ACC",110.6,106.9,3.7,107,165,123,0.3
"4344","Belmont",2025,"MVC",112.8,109.2,3.7,82,213,123,1.4
"4345","South Alabama",2025,"Sun Belt",107.2,103.6,3.6,185,95,125,3.8
"4346","Milwaukee",2025,"Horizon",110.4,106.9,3.5,111,165,126,3.9
"4347","Florida Atlantic",2025,"American",112.4,109.1,3.3,87,212,127,2.5
"4348","NC State",2025,"ACC",108.1,104.9,3.2,161,118,128,0.4
"4349","George Washington",2025,"A-10",107.3,104.3,3,183,108,129,2.2
"4350","Washington State",2025,"WCC",113.3,110.3,3,78,238,129,1
"4351","Wofford",2025,"SoCon",113.1,110.1,2.9,80,230,131,3.9
"4352","North Dakota State",2025,"Summit",116.2,113.3,2.9,52,292,131,3.9
"4353","Syracuse",2025,"ACC",109.9,107.1,2.8,126,169,133,-0.3
"4354","East Tennessee State",2025,"SoCon",108.3,105.6,2.7,154,132,134,2.8
"4355","South Dakota State",2025,"Summit",110.2,107.5,2.7,115,176,134,3.9
"4356","Furman",2025,"SoCon",110.1,107.5,2.6,118,176,136,2.8
"4357","UNC Greensboro",2025,"SoCon",107.7,105.3,2.4,171,123,137,2.7
"4358","Kennesaw State",2025,"CUSA",107.6,105.2,2.4,175,122,137,0.2
"4359","Louisiana Tech",2025,"CUSA",108.5,106.2,2.3,151,144,139,1.8
"4360","Bryant",2025,"Am. East",107.7,105.6,2.1,171,132,140,5
"4361","Murray State",2025,"MVC",107.4,105.3,2.1,179,123,140,0.9
"4362","UC Santa Barbara",2025,"Big West",110.1,108,2,118,186,142,0.5
"4363","Norfolk State",2025,"MEAC",109.3,107.5,1.9,136,176,143,3.9
"4364","Duquesne",2025,"A-10",106.5,104.6,1.9,198,111,143,0.6
"4365","Wichita State",2025,"American",106.8,105,1.8,194,120,145,0.7
"4366","Seattle U",2025,"WAC",104.8,103.1,1.7,224,88,146,1.8
"4367","Rhode Island",2025,"A-10",108.6,107.1,1.6,150,169,147,1
"4368","New Mexico State",2025,"CUSA",105.2,103.8,1.4,218,100,148,0.5
"4369","Purdue Fort Wayne",2025,"Horizon",111,109.8,1.3,101,224,149,2.6
"4370","Cleveland State",2025,"Horizon",105.4,104.2,1.2,214,105,150,1.7
"4371","Texas A&M-Corpus Christi",2025,"Southland",107.5,106.5,1.1,176,153,151,2.1
"4372","Tulane",2025,"American",108.2,107.1,1.1,158,169,151,0.6
"4373","Davidson",2025,"A-10",110.4,109.5,1,111,220,153,0.2
"4374","Towson",2025,"CAA",107.4,106.4,1,179,150,153,1.8
"4375","Miami (OH)",2025,"MAC",109.1,108.5,0.6,142,194,155,2.9
"4376","Radford",2025,"Big South",110.1,109.5,0.6,118,220,155,0.9
"4377","Charleston",2025,"CAA",106.7,106.3,0.3,197,148,157,1.8
"4378","UTEP",2025,"CUSA",105.6,105.4,0.2,210,126,158,-0.7
"4379","Lamar",2025,"Southland",102.9,102.8,0.1,257,86,159,0.5
"4380","Western Kentucky",2025,"CUSA",104.1,104,0.1,233,103,159,-0.1
"4381","Montana",2025,"Big Sky",111.3,111.4,0,98,259,161,1
"4382","James Madison",2025,"Sun Belt",110.3,110.4,0,114,240,161,1.3
"4383","UC Riverside",2025,"Big West",110.1,110.2,-0.1,118,234,163,-0.4
"4384","Central Connecticut",2025,"NEC",101.9,102,-0.1,272,75,163,4.3
"4385","UIC",2025,"MVC",108,108.2,-0.2,164,189,165,-0.6
"4386","Loyola Marymount",2025,"WCC",106.3,106.6,-0.2,202,156,165,-1.7
"4387","Temple",2025,"American",110.7,111,-0.3,103,251,167,-0.6
"4388","California Baptist",2025,"WAC",105.9,106.2,-0.3,207,144,167,0.4
"4389","Omaha",2025,"Summit",110.4,110.9,-0.5,111,250,169,0.9
"4390","Marshall",2025,"Sun Belt",108.3,108.9,-0.6,154,204,170,1.3
"4391","Ohio",2025,"MAC",107.8,108.4,-0.6,167,193,170,0.4
"4392","Winthrop",2025,"Big South",108.1,108.8,-0.6,161,202,170,1.3
"4393","Nicholls",2025,"Southland",106.3,107.1,-0.8,202,169,173,0.9
"4394","Virginia Tech",2025,"ACC",106.8,107.8,-1,194,184,174,-2.2
"4395","App State",2025,"Sun Belt",101.4,102.4,-1.1,285,80,175,1.1
"4396","Youngstown State",2025,"Horizon",104.3,105.6,-1.3,229,132,176,-0.5
"4397","Oakland",2025,"Horizon",107.7,109,-1.3,171,207,176,-0.2
"4398","Montana State",2025,"Big Sky",107,108.3,-1.3,190,192,176,-0.2
"4399","Drexel",2025,"CAA",104.8,106.2,-1.4,224,144,179,0.2
"4400","Indiana State",2025,"MVC",110.6,112.1,-1.5,107,268,180,-2.1
"4401","Merrimack",2025,"MAAC",100.8,102.4,-1.6,295,80,181,1.6
"4402","East Carolina",2025,"American",107.8,109.4,-1.6,167,219,181,-1.2
"4403","South Carolina State",2025,"MEAC",103.8,105.5,-1.7,239,128,183,3.3
"4404","Florida Gulf Coast",2025,"ASUN",107.3,109,-1.7,183,207,183,1
"4405","San José State",2025,"Mountain West",107,108.8,-1.8,190,202,185,-3.6
"4406","Elon",2025,"CAA",108.8,110.7,-1.9,146,246,186,-0.2
"4407","Cal Poly",2025,"Big West",109,111.1,-2,143,253,187,-1.8
"4408","SE Louisiana",2025,"Southland",105.3,107.4,-2.2,216,175,188,-0.2
"4409","Sam Houston",2025,"CUSA",110.5,112.8,-2.2,109,286,188,-2.5
"4410","Southeast Missouri State",2025,"OVC",103.9,106.1,-2.2,236,140,188,2.2
"4411","Hampton",2025,"CAA",105.9,108.1,-2.2,207,188,188,-1.5
"4412","Eastern Kentucky",2025,"ASUN",109.2,111.4,-2.3,138,259,192,0.5
"4413","Hofstra",2025,"CAA",99.3,101.8,-2.4,318,73,193,-1.1
"4414","Idaho State",2025,"Big Sky",107.1,109.5,-2.4,187,220,193,-0.9
"4415","Northeastern",2025,"CAA",105,107.5,-2.5,222,176,195,-0.9
"4416","Dartmouth",2025,"Ivy",102.3,104.8,-2.5,264,114,195,-0.8
"4417","Quinnipiac",2025,"MAAC",103.9,106.5,-2.6,236,153,197,1.1
"4418","UTSA",2025,"American",107.8,110.4,-2.6,167,240,197,-2
"4419","Wright State",2025,"Horizon",110.7,113.5,-2.8,103,295,199,-1.4
"4420","Rice",2025,"American",105.6,108.5,-2.9,210,194,200,-1.6
"4421","Brown",2025,"Ivy",104.1,107,-2.9,233,168,200,-1.7
"4422","Princeton",2025,"Ivy",105.3,108.2,-2.9,216,189,200,-0.4
"4423","Southern Illinois",2025,"MVC",106,108.9,-2.9,205,204,200,-2.8
"4424","Jacksonville",2025,"ASUN",103.4,106.4,-3,246,150,204,0
"4425","Central Michigan",2025,"MAC",106.2,109.3,-3.1,204,216,205,-0.7
"4426","Wyoming",2025,"Mountain West",103.5,106.6,-3.1,243,156,205,-4.4
"4427","Valparaiso",2025,"MVC",107,110.2,-3.2,190,234,207,-3.4
"4428","Bucknell",2025,"Patriot",104.2,107.5,-3.3,230,176,208,0.2
"4429","South Florida",2025,"American",103.2,106.6,-3.4,250,156,209,-3
"4430","Boston College",2025,"ACC",105.5,109,-3.4,213,207,209,-4.4
"4431","Texas State",2025,"Sun Belt",110.7,114.1,-3.5,103,308,211,-0.6
"4432","Portland State",2025,"Big Sky",101.5,105,-3.5,282,120,211,-0.5
"4433","Queens University",2025,"ASUN",109.7,113.2,-3.5,130,291,211,-1.4
"4434","UNC Asheville",2025,"Big South",109.2,112.9,-3.6,138,287,214,0.2
"4435","Seton Hall",2025,"Big East",99.9,103.5,-3.6,311,91,214,-7.8
"4436","Longwood",2025,"Big South",106.8,110.6,-3.8,194,244,216,-0.5
"4437","Campbell",2025,"CAA",103.2,107.1,-3.9,250,169,217,-1.7
"4438","Maine",2025,"Am. East",101.4,105.4,-4,285,126,218,0.8
"4439","Northern Kentucky",2025,"Horizon",104.2,108.5,-4.3,230,194,219,-1.6
"4440","Massachusetts",2025,"A-10",103.3,107.7,-4.4,248,183,220,-3.3
"4441","Delaware",2025,"CAA",110.5,114.9,-4.4,109,322,220,-2.2
"4442","SIU Edwardsville",2025,"OVC",102,106.4,-4.4,268,150,220,0.6
"4443","Incarnate Word",2025,"Southland",106.5,111.2,-4.7,198,255,223,-1.3
"4444","La Salle",2025,"A-10",104.2,109,-4.8,230,207,224,-4.1
"4445","Manhattan",2025,"MAAC",109.6,114.5,-5,133,315,225,-1.2
"4446","Miami",2025,"ACC",112,117,-5,90,341,225,-4
"4447","William & Mary",2025,"CAA",107.8,112.7,-5,167,284,225,-2.3
"4448","Presbyterian",2025,"Big South",104.8,110,-5.1,224,229,228,-2.8
"4449","Little Rock",2025,"OVC",99.1,104.2,-5.1,322,105,228,0.4
"4450","Southern",2025,"SWAC",100.2,105.5,-5.2,307,128,230,0
"4451","Northwestern State",2025,"Southland",103.1,108.5,-5.4,253,194,231,-3.3
"4452","UT Rio Grande Valley",2025,"Southland",105.7,111.1,-5.4,209,253,231,-3.2
"4453","Hawai'i",2025,"Big West",103.8,109.3,-5.5,239,216,233,-3.8
"4454","Tennessee State",2025,"OVC",103.8,109.2,-5.5,239,213,233,-0.5
"4455","Colgate",2025,"Patriot",105.6,111.2,-5.6,210,255,235,-1.6
"4456","UMass Lowell",2025,"Am. East",109.3,114.9,-5.6,136,322,235,-0.4
"4457","Kansas City",2025,"Summit",102,107.9,-5.9,268,185,237,-2.6
"4458","Toledo",2025,"MAC",111.4,117.4,-6,96,344,238,-2.4
"4459","Fordham",2025,"A-10",106,112.1,-6,205,268,238,-4.7
"4460","Siena",2025,"MAAC",104.1,110.3,-6.2,233,238,240,-0.9
"4461","Mount St. Mary's",2025,"MAAC",101.3,107.6,-6.3,289,181,241,-1.1
"4462","Vermont",2025,"Am. East",99.5,105.8,-6.3,316,137,241,-0.6
"4463","Abilene Christian",2025,"WAC",98.3,104.8,-6.4,327,114,243,-3.5
"4464","UT Arlington",2025,"WAC",108.2,114.6,-6.4,158,319,243,-3.1
"4465","Georgia State",2025,"Sun Belt",108.3,114.6,-6.4,154,319,243,-4.8
"4466","South Dakota",2025,"Summit",109.2,115.8,-6.5,138,332,246,-3.4
"4467","American University",2025,"Patriot",103.5,110.1,-6.6,243,230,247,-1.1
"4468","Cal State Bakersfield",2025,"Big West",107,113.9,-6.8,190,304,248,-4.9
"4469","Iona",2025,"MAAC",99.7,106.5,-6.8,314,153,248,-2.2
"4470","Missouri State",2025,"MVC",101.9,108.7,-6.8,272,199,248,-4.6
"4471","Northern Arizona",2025,"Big Sky",105.2,112.2,-7,218,271,251,-2.7
"4472","Pepperdine",2025,"WCC",107.1,114,-7,187,306,251,-5.5
"4473","Sacred Heart",2025,"MAAC",105.1,112.2,-7.1,220,271,253,-1.8
"4474","Florida International",2025,"CUSA",99.2,106.6,-7.4,319,156,254,-6.2
"4475","UC Davis",2025,"Big West",97.4,104.8,-7.4,337,114,254,-4.5
"4476","Marist",2025,"MAAC",99.2,106.6,-7.4,319,156,254,-1.8
"4477","Richmond",2025,"A-10",103.2,110.7,-7.5,250,246,257,-5.5
"4478","Georgia Southern",2025,"Sun Belt",102.3,109.9,-7.6,264,226,258,-3.3
"4479","Evansville",2025,"MVC",98.3,106.1,-7.8,327,140,259,-5.4
"4480","UAlbany",2025,"Am. East",104.9,112.9,-7.9,223,287,260,-3
"4481","Jackson State",2025,"SWAC",100.8,108.7,-8,295,199,261,-0.7
"4482","Charlotte",2025,"American",104.7,112.7,-8,227,284,261,-5.5
"4483","Stephen F. Austin",2025,"Southland",96.4,104.5,-8.1,345,109,263,-5
"4484","Mercer",2025,"SoCon",100.8,108.9,-8.1,295,204,263,-4.2
"4485","Harvard",2025,"Ivy",101.2,109.3,-8.2,292,216,265,-4.1
"4486","Ball State",2025,"MAC",105.4,113.7,-8.3,214,299,266,-4.1
"4487","Navy",2025,"Patriot",102.9,111.3,-8.4,257,257,267,-2.8
"4488","Alabama State",2025,"SWAC",102.3,110.7,-8.4,264,246,267,-1.7
"4489","Columbia",2025,"Ivy",106.4,114.9,-8.5,200,322,269,-5.7
"4490","North Dakota",2025,"Summit",108,116.5,-8.5,164,335,269,-5.7
"4491","Monmouth",2025,"CAA",105.1,113.7,-8.6,220,299,271,-4.8
"4492","Gardner-Webb",2025,"Big South",103.9,112.5,-8.6,236,280,271,-3.9
"4493","Long Island University",2025,"NEC",96.6,105.6,-9,342,132,273,-2.9
"4494","Lehigh",2025,"Patriot",102.2,111.5,-9.2,267,263,274,-3.2
"4495","Eastern Michigan",2025,"MAC",104.6,114,-9.4,228,306,275,-5.3
"4496","North Florida",2025,"ASUN",108.9,118.3,-9.4,145,352,275,-3.6
"4497","Tulsa",2025,"American",101.9,111.4,-9.5,272,259,277,-6.6
"4498","Lafayette",2025,"Patriot",100.5,110.1,-9.6,303,230,278,-3.5
"4499","Saint Peter's",2025,"MAAC",97.1,106.6,-9.6,339,156,278,-3.5
"4500","Fresno State",2025,"Mountain West",101.4,111,-9.6,285,251,278,-10
"4501","Fairleigh Dickinson",2025,"NEC",100.6,110.2,-9.7,300,234,281,-5
"4502","Houston Christian",2025,"Southland",100.9,110.6,-9.7,293,244,281,-5.3
"4503","Portland",2025,"WCC",107.2,117,-9.7,185,341,281,-7.9
"4504","Bowling Green",2025,"MAC",100.2,110.1,-9.9,307,230,284,-5.5
"4505","Texas Southern",2025,"SWAC",96.9,106.9,-9.9,341,165,284,-3
"4506","Idaho",2025,"Big Sky",108.1,118,-9.9,161,350,284,-5.1
"4507","Western Michigan",2025,"MAC",103,113.1,-10.1,255,290,287,-6.2
"4508","St. Francis (PA)",2025,"NEC",101.8,112.3,-10.5,276,275,288,-4.3
"4509","UMBC",2025,"Am. East",107.7,118.3,-10.6,171,352,289,-4.7
"4510","Eastern Washington",2025,"Big Sky",103.5,114.1,-10.6,243,308,289,-6.6
"4511","Bethune-Cookman",2025,"SWAC",98,109,-10.9,332,207,291,-4
"4512","Austin Peay",2025,"ASUN",101.5,112.4,-11,282,277,292,-5.5
"4513","UT Martin",2025,"OVC",102.7,113.7,-11,261,299,292,-3.1
"4514","Tennessee Tech",2025,"OVC",101.3,112.4,-11.1,289,277,294,-4.2
"4515","Boston University",2025,"Patriot",100,111.4,-11.4,310,259,295,-4.2
"4516","Southern Miss",2025,"Sun Belt",97.7,109.2,-11.5,336,213,296,-6.8
"4517","Binghamton",2025,"Am. East",100.3,111.8,-11.5,305,265,296,-5.4
"4518","Pacific",2025,"WCC",100.3,111.9,-11.6,305,266,298,-8.6
"4519","Delaware State",2025,"MEAC",103,114.5,-11.6,255,315,298,-4.9
"4520","Old Dominion",2025,"Sun Belt",102,113.6,-11.6,268,298,298,-6.1
"4521","IU Indianapolis",2025,"Horizon",110.7,122.4,-11.7,103,361,301,-6.9
"4522","Weber State",2025,"Big Sky",101.6,113.4,-11.7,281,293,301,-6.4
"4523","Pennsylvania",2025,"Ivy",103.1,114.9,-11.8,253,322,303,-7.3
"4524","VMI",2025,"SoCon",99.9,112,-12.1,311,267,304,-6.2
"4525","Denver",2025,"Summit",100.6,112.6,-12.1,300,281,304,-8
"4526","Army",2025,"Patriot",101.4,113.5,-12.1,285,295,304,-5.4
"4527","Utah Tech",2025,"WAC",101.3,113.4,-12.2,289,293,307,-8.4
"4528","Eastern Illinois",2025,"OVC",95.4,107.6,-12.2,350,181,307,-6.5
"4529","Loyola Maryland",2025,"Patriot",100.6,112.9,-12.3,300,287,309,-5.2
"4530","Charleston Southern",2025,"Big South",100.2,112.6,-12.4,307,281,310,-7.7
"4531","Niagara",2025,"MAAC",102.8,115.5,-12.7,259,331,311,-5.6
"4532","Rider",2025,"MAAC",101.8,114.5,-12.7,276,315,311,-5.8
"4533","Stonehill",2025,"NEC",101.5,114.2,-12.7,282,310,311,-5.6
"4534","Holy Cross",2025,"Patriot",102.4,115.3,-12.9,263,329,314,-5.4
"4535","Grambling",2025,"SWAC",97.3,110.2,-13,338,234,315,-5.4
"4536","Tarleton State",2025,"WAC",92.9,106,-13.2,360,139,316,-7.9
"4537","North Carolina Central",2025,"MEAC",103.8,116.9,-13.2,239,339,316,-5.6
"4538","Southern Utah",2025,"WAC",97,110.4,-13.4,340,240,318,-8.1
"4539","Lindenwood",2025,"OVC",96.5,109.9,-13.5,343,226,319,-6.3
"4540","San Diego",2025,"WCC",100.7,114.3,-13.6,299,311,320,-9.8
"4541","Air Force",2025,"Mountain West",98.4,112.2,-13.8,325,271,321,-11.1
"4542","Long Beach State",2025,"Big West",100.8,114.7,-13.9,295,321,322,-9.6
"4543","Morehead State",2025,"OVC",98.4,112.4,-14,325,277,323,-5.8
"4544","Coastal Carolina",2025,"Sun Belt",100.9,115.2,-14.3,293,328,324,-8.1
"4545","Louisiana",2025,"Sun Belt",97.9,112.3,-14.4,334,275,325,-8.2
"4546","Howard",2025,"MEAC",101.7,116.3,-14.6,278,334,326,-5.6
"4547","Florida A&M",2025,"SWAC",101.9,116.5,-14.6,272,335,326,-6.4
"4548","North Carolina A&T",2025,"CAA",98,112.6,-14.7,332,281,328,-9.8
"4549","Southern Indiana",2025,"OVC",99.1,113.9,-14.8,322,304,329,-6.9
"4550","Stony Brook",2025,"CAA",103.3,118.4,-15.1,248,354,330,-9.3
"4551","Oral Roberts",2025,"Summit",103.4,118.5,-15.1,246,355,330,-10
"4552","Morgan State",2025,"MEAC",102.7,117.8,-15.1,261,349,330,-7.4
"4553","East Texas A&M",2025,"Southland",96.2,111.3,-15.1,347,257,330,-10
"4554","Fairfield",2025,"MAAC",99.6,114.9,-15.3,315,322,334,-8
"4555","Alcorn State",2025,"SWAC",98.2,113.7,-15.5,329,299,335,-6.3
"4556","Green Bay",2025,"Horizon",101.7,117.4,-15.7,278,344,336,-10.2
"4557","Detroit Mercy",2025,"Horizon",96.3,112.1,-15.8,346,268,337,-10.2
"4558","Wagner",2025,"NEC",93.2,109.6,-16.4,359,223,338,-7.6
"4559","Mercyhurst",2025,"NEC",100.4,116.9,-16.5,304,339,339,-7.8
"4560","Western Illinois",2025,"OVC",99.2,117,-17.8,319,341,340,-8.5
"4561","Western Carolina",2025,"SoCon",94.3,112.2,-17.9,356,271,341,-12.2
"4562","Buffalo",2025,"MAC",96.2,114.3,-18.1,347,311,342,-10.8
"4563","New Orleans",2025,"Southland",99.9,118.1,-18.2,311,351,343,-12.5
"4564","Central Arkansas",2025,"ASUN",98.2,116.6,-18.4,329,337,344,-11.2
"4565","South Carolina Upstate",2025,"Big South",98.2,116.6,-18.4,329,337,344,-12.6
"4566","Sacramento State",2025,"Big Sky",95.4,113.8,-18.5,350,303,346,-11
"4567","Le Moyne",2025,"NEC",102,121,-18.9,268,358,347,-10
"4568","Northern Illinois",2025,"MAC",94.5,113.5,-19,353,295,348,-12
"4569","West Georgia",2025,"ASUN",97.9,117.4,-19.4,334,344,349,-11
"4570","UL Monroe",2025,"Sun Belt",95.6,115,-19.4,349,327,349,-12.2
"4571","Bellarmine",2025,"ASUN",102.8,122.3,-19.6,259,360,351,-11.3
"4572","NJIT",2025,"Am. East",94.4,114.3,-20,355,311,352,-11.4
"4573","Stetson",2025,"ASUN",101.7,122.6,-20.9,278,362,353,-12.1
"4574","Cal State Fullerton",2025,"Big West",93.6,114.5,-21,358,315,354,-14.7
"4575","Prairie View A&M",2025,"SWAC",98.8,120.1,-21.3,324,357,355,-11.7
"4576","New Hampshire",2025,"Am. East",94.5,115.8,-21.3,353,332,355,-12.8
"4577","Canisius",2025,"MAAC",99.4,121.8,-22.5,317,359,357,-12.2
"4578","The Citadel",2025,"SoCon",94.2,117.6,-23.4,357,347,358,-14.2
"4579","Maryland Eastern Shore",2025,"MEAC",95.2,119.1,-23.9,352,356,359,-11.8
"4580","Chicago State",2025,"NEC",91.5,115.4,-23.9,362,330,359,-13
"4581","Coppin State",2025,"MEAC",88.7,114.3,-25.6,363,311,361,-14.5
"4582","Alabama A&M",2025,"SWAC",91.9,117.6,-25.7,361,347,362,-11.2
"4583","Arkansas-Pine Bluff",2025,"SWAC",96.5,123.5,-27,343,363,363,-14.6
"4584","Mississippi Valley State",2025,"SWAC",81.3,126.8,-45.5,364,364,364,-22.9
"4585","Air Force",2011,"MWC",106.44,101.45,4.98999999999999,86,147,120,2.71
"4586","Akron",2011,"MAC (East)",101.24,96.9,4.33999999999999,160,222,124,2.15
"4587","Alabama",2011,"SEC (West)",104.28,86.24,18.04,108,306,51,11.7
"4588","Alabama A&M",2011,"SWAC",83.27,102.89,-19.62,316,122,314,-15.19
"4589","Alabama State",2011,"SWAC",87.47,104.82,-17.35,306,94,305,-13.37
"4590","UAlbany",2011,"AmEast",96.92,106.23,-9.31,221,77,250,-7.05
"4591","Alcorn State",2011,"SWAC",81.92,110,-28.08,319,27,333,-23.02
"4592","American University",2011,"Patriot",100.43,103.58,-3.14999999999999,169,112,195,-3.13
"4593","App State",2011,"Southern (North)",101.5,107.29,-5.79000000000001,153,62,220,-4.81
"4594","Arizona",2011,"Pac-10",117.75,92.45,25.3,9,265,18,16.54
"4595","Arizona State",2011,"Pac-10",103.55,96.95,6.59999999999999,120,220,107,4.3
"4596","Arkansas",2011,"SEC (West)",104.6,95.15,9.44999999999999,101,239,92,6.28
"4597","Arkansas State",2011,"Sun Belt (West)",98.14,101.74,-3.59999999999999,199,142,203,-3.38
"4598","Arkansas-Pine Bluff",2011,"SWAC",84.24,110.41,-26.17,309,22,330,-20
"4599","Army",2011,"Patriot",95.08,109.15,-14.07,246,37,285,-10.71
"4600","Auburn",2011,"SEC (West)",95.92,98.52,-2.59999999999999,233,195,192,-2.47
"4601","Austin Peay",2011,"OVC",100.45,99.44,1.01000000000001,167,184,155,-0.15
"4602","Ball State",2011,"MAC (West)",101.49,101.39,0.0999999999999943,154,149,166,-0.7
"4603","Baylor",2011,"Big 12",107.77,92.39,15.38,74,267,62,10
"4604","Belmont",2011,"A-Sun",111.47,91.73,19.74,43,272,39,13.07
"4605","Bethune-Cookman",2011,"MEAC",95.68,111.33,-15.65,236,16,294,-11.11
"4606","Binghamton",2011,"AmEast",92.5,112.77,-20.27,267,10,315,-13.81
"4607","Boise State",2011,"WAC",106.57,96.93,9.63999999999999,85,221,91,5.48
"4608","Boston College",2011,"ACC",117.05,101.5,15.55,11,146,61,9.78
"4609","Boston University",2011,"AmEast",99.61,101.54,-1.93000000000001,180,145,184,-2.48
"4610","Bowling Green",2011,"MAC (East)",94.52,102.1,-7.58,254,133,235,-5.94
"4611","Bradley",2011,"MVC",100.08,101.16,-1.08,173,154,175,-1.52
"4612","BYU",2011,"MWC",116.2,89.26,26.94,13,292,16,18.65
"4613","Brown",2011,"Ivy",99.4,108.66,-9.25999999999999,184,46,247,-7.27
"4614","Bryant",2011,"NEC",95.74,113.5,-17.76,234,7,306,-12.98
"4615","Bucknell",2011,"Patriot",101.7,97,4.7,150,218,123,2.39
"4616","Buffalo",2011,"MAC (East)",102.79,97.49,5.30000000000001,130,210,117,2.93
"4617","Butler",2011,"Horizon",111.6,93.16,18.44,40,256,46,11.53
"4618","Cal Poly",2011,"Big West",94.76,95.98,-1.22,251,232,176,-1.84
"4619","Cal State Bakersfield",2011,"Ind",94.49,109.3,-14.81,255,34,288,-11.44
"4620","Cal State Fullerton",2011,"Big West",101.38,110.82,-9.44,155,19,252,-7.68
"4621","Cal State Northridge",2011,"Big West",97.35,103.22,-5.87,216,116,221,-5.35
"4622","California",2011,"Pac-10",109.5,94.65,14.85,61,241,64,9.45
"4623","Campbell",2011,"A-Sun",95.6,104.18,-8.58000000000001,239,103,243,-6.67
"4624","Canisius",2011,"MAAC",99.51,102.05,-2.53999999999999,182,134,190,-2.92
"4625","Central Arkansas",2011,"Southland (East)",87.83,112.34,-24.51,302,13,328,-19.16
"4626","Central Connecticut",2011,"NEC",97.48,99.38,-1.89999999999999,213,185,183,-1.94
"4627","Central Michigan",2011,"MAC (West)",89.16,99.95,-10.79,295,175,260,-8.01
"4628","Charleston Southern",2011,"Big South",99.19,105.21,-6.02,188,91,222,-4.86
"4629","Charlotte",2011,"A-10",99.63,102.18,-2.55000000000001,178,132,191,-2.54
"4630","Chattanooga",2011,"Southern (North)",95.16,106.81,-11.65,244,67,268,-9.44
"4631","Chicago State",2011,"GWC",83.7,118.41,-34.71,313,1,336,-27.71
"4632","Cincinnati",2011,"Big East",111.41,87.63,23.78,44,301,21,15.41
"4633","Clemson",2011,"ACC",108.91,87.23,21.68,66,304,30,13.76
"4634","Cleveland State",2011,"Horizon",107.09,94.54,12.55,78,242,77,7.59
"4635","Coastal Carolina",2011,"Big South",103.35,99.22,4.13,122,188,127,2.35
"4636","Colgate",2011,"Patriot",90.96,112.36,-21.4,279,12,320,-15.8
"4637","Charleston",2011,"Southern (South)",111.37,100.94,10.43,45,157,85,6.17
"4638","Colorado",2011,"Big 12",117.74,100.1,17.64,10,170,54,11.45
"4639","Colorado State",2011,"MWC",107.83,95.67,12.16,73,235,78,7.49
"4640","Columbia",2011,"Ivy",97.7,104.22,-6.52,209,102,224,-5.22
"4641","Uconn",2011,"Big East",115.08,87.63,27.45,20,301,14,17.95
"4642","Coppin State",2011,"MEAC",95.71,107.59,-11.88,235,53,271,-8.7
"4643","Cornell",2011,"Ivy",101.1,105.24,-4.14,163,90,207,-3.6
"4644","Creighton",2011,"MVC",109.1,100.15,8.94999999999999,63,169,94,4.87
"4645","Dartmouth",2011,"Ivy",87.37,107.95,-20.58,307,51,317,-14.86
"4646","Davidson",2011,"Southern (South)",101.95,100.73,1.22,148,160,153,-0.39
"4647","Dayton",2011,"A-10",103.55,95.22,8.33,120,237,96,4.87
"4648","Delaware",2011,"CAA",97.75,101.61,-3.86,208,144,204,-3.79
"4649","Delaware State",2011,"MEAC",95.61,112.96,-17.35,238,9,305,-12.18
"4650","Denver",2011,"Sun Belt (West)",98.12,102.4,-4.28,200,128,209,-4.04
"4651","DePaul",2011,"Big East",102.49,103.19,-0.700000000000003,135,118,170,-1.31
"4652","Detroit Mercy",2011,"Horizon",104.42,100.94,3.48,107,157,132,1.88
"4653","Drake",2011,"MVC",99.55,101.91,-2.36,181,137,186,-2.56
"4654","Drexel",2011,"CAA",98.16,90.15,8.00999999999999,197,286,99,4.02
"4655","Duke",2011,"ACC",120.54,85.03,35.51,5,311,2,24.51
"4656","Duquesne",2011,"A-10",107.4,92.06,15.34,77,271,63,10.33
"4657","East Carolina",2011,"CUSA",103.69,100.03,3.66,118,173,129,1.67
"4658","East Tennessee State",2011,"A-Sun",101.67,97.34,4.33,151,213,125,2.08
"4659","Eastern Illinois",2011,"OVC",89.8,105.71,-15.91,292,83,297,-11.41
"4660","Eastern Kentucky",2011,"OVC",99.26,108.34,-9.08,187,49,244,-7.34
"4661","Eastern Michigan",2011,"MAC (West)",87.57,99.02,-11.45,305,189,266,-9.11
"4662","Eastern Washington",2011,"Big Sky",95.32,106.19,-10.87,242,78,261,-8.5
"4663","Elon",2011,"Southern (North)",101.25,109.15,-7.90000000000001,159,37,237,-6.54
"4664","Evansville",2011,"MVC",101.14,100.25,0.890000000000001,161,166,157,-0.3
"4665","Fairfield",2011,"MAAC",96.5,90.83,5.67,226,277,116,2.94
"4666","Fairleigh Dickinson",2011,"NEC",89.94,108.49,-18.55,289,47,310,-13.34
"4667","Florida",2011,"SEC (East)",115.22,90.16,25.06,18,285,19,16.27
"4668","Florida A&M",2011,"MEAC",84.21,106.78,-22.57,310,68,324,-16.82
"4669","Florida Atlantic",2011,"Sun Belt (East)",99.48,101.95,-2.47,183,136,189,-2.41
"4670","Florida Gulf Coast",2011,"A-Sun",91.15,104.28,-13.13,276,101,281,-10.27
"4671","Florida International",2011,"Sun Belt (East)",97.89,109.74,-11.85,205,29,270,-9.33
"4672","Florida State",2011,"ACC",103.3,83.53,19.77,123,314,38,13.48
"4673","Fordham",2011,"A-10",95.61,106.95,-11.34,238,65,265,-8.77
"4674","Fresno State",2011,"WAC",99.95,99.57,0.38000000000001,174,180,161,-0.25
"4675","Furman",2011,"Southern (South)",102.67,101.9,0.769999999999996,133,138,158,-0.36
"4676","Gardner-Webb",2011,"Big South",91.12,103.63,-12.51,277,110,276,-9.22
"4677","George Mason",2011,"CAA",111.59,92.62,18.97,41,262,43,11.66
"4678","George Washington",2011,"A-10",99.82,99.26,0.559999999999988,177,187,160,-0.1
"4679","Georgetown",2011,"Big East",114.21,92.09,22.12,24,270,27,14.61
"4680","Georgia",2011,"SEC (East)",107.97,91.34,16.63,72,275,58,10.43
"4681","Georgia Southern",2011,"Southern (South)",88.33,109.27,-20.94,299,35,318,-15.88
"4682","Georgia State",2011,"CAA",92.86,98.06,-5.2,264,201,218,-4.15
"4683","Georgia Tech",2011,"ACC",101.49,91.54,9.94999999999999,154,273,89,6.42
"4684","Gonzaga",2011,"WCC",111.51,90.52,20.99,42,282,34,13.86
"4685","Grambling",2011,"SWAC",82.33,105.51,-23.18,318,87,326,-18.45
"4686","Green Bay",2011,"Horizon",102.27,101.36,0.909999999999997,142,151,156,-0.21
"4687","Hampton",2011,"MEAC",90.69,97.24,-6.55,281,216,225,-5.2
"4688","Harvard",2011,"Ivy",108.97,99.82,9.15000000000001,65,179,93,4.88
"4689","Hawai'i",2011,"WAC",99.62,97.57,2.05000000000001,179,208,146,0.51
"4690","High Point",2011,"Big South",90.95,108.74,-17.79,280,45,307,-12.82
"4691","Hofstra",2011,"CAA",105.39,104.06,1.33,93,105,152,-0.03
"4692","Holy Cross",2011,"Patriot",97.5,105.7,-8.2,212,84,238,-6.38
"4693","Houston",2011,"CUSA",100.13,103.01,-2.88000000000001,170,121,193,-2.71
"4694","Houston Christian",2011,"GWC",87.6,111.26,-23.66,304,17,327,-18.41
"4695","Howard",2011,"MEAC",84.01,110.52,-26.51,312,21,331,-18.8
"4696","Idaho",2011,"WAC",103.09,100.86,2.23,125,158,144,0.2
"4697","Idaho State",2011,"Big Sky",93.81,108.97,-15.16,259,42,290,-10.76
"4698","Illinois",2011,"Big Ten",113.89,88.43,25.46,26,297,17,16.72
"4699","Illinois State",2011,"MVC",95.62,99.56,-3.94,237,181,205,-3.37
"4700","Incarnate Word",2011,"Horizon",94.29,102.53,-8.23999999999999,256,127,240,-6.32
"4701","Indiana",2011,"Big Ten",110.42,96.64,13.78,52,227,71,9.03
"4702","Indiana State",2011,"MVC",101.36,94.27,7.09,156,245,103,3.41
"4703","Iona",2011,"MAAC",111.37,100.18,11.19,45,168,81,7.01
"4704","Iowa",2011,"Big Ten",105.02,92.29,12.73,97,268,74,7.95
"4705","Iowa State",2011,"Big 12",107.99,93.7,14.29,71,248,67,8.86
"4706","IU Indianapolis",2011,"Summit",108.32,106.35,1.97,68,75,149,0.39
"4707","Jackson State",2011,"SWAC",91.63,105.09,-13.46,271,92,284,-10.43
"4708","Jacksonville",2011,"A-Sun",95.47,96.46,-0.989999999999995,240,230,174,-1.42
"4709","Jacksonville State",2011,"OVC",91.24,106.69,-15.45,275,73,292,-11.16
"4710","James Madison",2011,"CAA",106.17,100.48,5.69,88,163,115,2.94
"4711","Kansas",2011,"Big 12",121,85.67,35.33,4,308,3,24.1
"4712","Kansas City",2011,"Summit",97.99,109.07,-11.08,202,39,263,-8.91
"4713","Kansas State",2011,"Big 12",110.43,88.65,21.78,51,296,29,14.59
"4714","Kennesaw State",2011,"A-Sun",94.25,113.7,-19.45,257,5,312,-14.06
"4715","Kent State",2011,"MAC (East)",102.98,96.62,6.36,127,228,109,3.65
"4716","Kentucky",2011,"SEC (East)",118.41,87.58,30.83,8,302,7,20.3
"4717","La Salle",2011,"A-10",104.51,103.38,1.13000000000001,104,114,154,-0.08
"4718","Lafayette",2011,"Patriot",98.5,107.61,-9.11,191,52,245,-7.26
"4719","Lamar",2011,"Southland (East)",97.65,105.87,-8.22,210,80,239,-6.69
"4720","Lehigh",2011,"Patriot",98.04,103.12,-5.08,201,120,217,-4.07
"4721","Liberty",2011,"Big South",94.14,101.5,-7.36,258,146,232,-5.62
"4722","Lipscomb",2011,"A-Sun",103.94,104.1,-0.159999999999997,114,104,168,-0.96
"4723","Little Rock",2011,"Sun Belt (West)",98.15,102.85,-4.69999999999999,198,124,214,-4.32
"4724","Long Beach State",2011,"Big West",104.59,97.75,6.84,102,205,106,3.78
"4725","Long Island University",2011,"NEC",105.15,101.96,3.19000000000001,95,135,135,2.23
"4726","Longwood",2011,"Ind",98.04,118.4,-20.36,201,2,316,-16.02
"4727","Louisiana",2011,"Sun Belt (West)",95.74,102.3,-6.56,234,131,226,-5.45
"4728","LSU",2011,"SEC (West)",94.63,96.4,-1.77000000000001,252,231,180,-2.09
"4729","Louisiana Tech",2011,"WAC",92.27,99.46,-7.19,269,183,231,-5.99
"4730","UL Monroe",2011,"Sun Belt (West)",91.06,111.64,-20.58,278,15,317,-14.27
"4731","Louisville",2011,"Big East",113.18,85.59,27.59,31,309,13,18.6
"4732","Loyola Chicago",2011,"Horizon",104.24,100.02,4.22,110,174,126,1.73
"4733","Loyola Maryland",2011,"MAAC",100.44,103.66,-3.22,168,109,196,-3.28
"4734","Loyola Marymount",2011,"WCC",99.34,101.73,-2.39,185,143,187,-2.79
"4735","Maine",2011,"AmEast",101.14,106.71,-5.56999999999999,161,72,219,-4.87
"4736","Manhattan",2011,"MAAC",92.46,108.78,-16.32,268,43,300,-11.66
"4737","Marist",2011,"MAAC",90.68,109.92,-19.24,282,28,311,-13.7
"4738","Marquette",2011,"Big East",115.58,93.2,22.38,16,255,26,14.89
"4739","Marshall",2011,"CUSA",106.95,96.88,10.07,82,223,88,6.32
"4740","Maryland",2011,"ACC",109.92,88.13,21.79,57,299,28,15
"4741","Maryland Eastern Shore",2011,"MEAC",87.64,114.4,-26.76,303,4,332,-19.35
"4742","Massachusetts",2011,"A-10",96.43,95.73,0.700000000000003,227,234,159,-0.76
"4743","McNeese",2011,"Southland (East)",101.96,106.59,-4.63000000000001,147,74,213,-4.7
"4744","Memphis",2011,"CUSA",104.5,93.51,10.99,105,252,83,6.91
"4745","Mercer",2011,"A-Sun",97.97,102.31,-4.34,203,130,210,-4.08
"4746","Miami",2011,"ACC",112.77,96.5,16.27,35,229,59,10.47
"4747","Miami (OH)",2011,"MAC (East)",102.18,104.01,-1.83,143,106,181,-1.58
"4748","Michigan",2011,"Big Ten",113.11,90.66,22.45,32,280,25,14.21
"4749","Michigan State",2011,"Big Ten",110.12,89.66,20.46,54,290,36,13.7
"4750","Middle Tennessee",2011,"Sun Belt (East)",96.28,98.71,-2.42999999999999,229,193,188,-2.74
"4751","Milwaukee",2011,"Horizon",102.82,99.88,2.94,129,177,139,1.48
"4752","Minnesota",2011,"Big Ten",110.52,92.41,18.11,49,266,50,11.75
"4753","Ole Miss",2011,"SEC (West)",112.07,98.01,14.06,38,202,68,8.71
"4754","Mississippi State",2011,"SEC (West)",106.24,100.04,6.19999999999999,87,172,110,3.38
"4755","Mississippi Valley State",2011,"SWAC",89.85,107.04,-17.19,290,63,304,-13.95
"4756","Missouri",2011,"Big 12",113.62,92.55,21.07,27,263,32,14.77
"4757","Missouri State",2011,"MVC",112.83,98.86,13.97,34,191,70,8.07
"4758","Monmouth",2011,"NEC",90.69,103.6,-12.91,281,111,280,-9.67
"4759","Montana",2011,"Big Sky",100.12,95.19,4.93000000000001,171,238,121,2.17
"4760","Montana State",2011,"Big Sky",96.92,106.26,-9.34,221,76,251,-7.01
"4761","Morehead State",2011,"OVC",102.47,97.35,5.12,137,212,119,2.81
"4762","Morgan State",2011,"MEAC",91.59,101.41,-9.81999999999999,273,148,253,-8.04
"4763","Mount St. Mary's",2011,"NEC",90.31,102.36,-12.05,285,129,274,-9.22
"4764","Murray State",2011,"OVC",102.09,100.07,2.02000000000001,144,171,147,0.45
"4765","Navy",2011,"Patriot",88.22,101.37,-13.15,300,150,282,-10.66
"4766","NC State",2011,"ACC",109.08,97.9,11.18,64,203,82,7.02
"4767","Nebraska",2011,"Big 12",105.04,88.14,16.9,96,298,56,10.54
"4768","Nevada",2011,"WAC",101.98,100.47,1.51000000000001,146,164,151,0.34
"4769","UNLV",2011,"MWC",110.26,87.65,22.61,53,300,24,14.67
"4770","New Hampshire",2011,"AmEast",87.13,101.29,-14.16,308,152,286,-10.07
"4771","New Mexico",2011,"MWC",111.14,92.91,18.23,46,258,49,11.72
"4772","New Mexico State",2011,"WAC",103.9,99.83,4.07000000000001,115,178,128,2.11
"4773","Niagara",2011,"MAAC",88.84,104.57,-15.73,297,96,296,-11.89
"4774","Nicholls",2011,"Southland (East)",95.42,102.1,-6.67999999999999,241,133,228,-5.72
"4775","NJIT",2011,"GWC",89.82,106.97,-17.15,291,64,303,-13.18
"4776","Norfolk State",2011,"MEAC",93.4,109.46,-16.06,262,32,298,-12.2
"4777","North Carolina",2011,"ACC",112.02,84.92,27.1,39,312,15,18.87
"4778","North Carolina A&T",2011,"MEAC",95.06,110.74,-15.68,247,20,295,-12.06
"4779","North Carolina Central",2011,"Ind",92.06,110.12,-18.06,270,26,309,-13.03
"4780","North Dakota",2011,"GWC",89.98,105.32,-15.34,288,89,291,-11.83
"4781","North Dakota State",2011,"Summit",102.31,102.8,-0.489999999999995,141,125,169,-1.54
"4782","North Florida",2011,"A-Sun",96.35,103.75,-7.40000000000001,228,107,234,-6.25
"4783","North Texas",2011,"Sun Belt (West)",106.04,106.75,-0.709999999999994,89,69,171,-1.49
"4784","Northeastern",2011,"CAA",106.01,109.24,-3.22999999999999,90,36,197,-2.67
"4785","Northern Arizona",2011,"Big Sky",102.7,100.21,2.49000000000001,132,167,143,0.62
"4786","Northern Colorado",2011,"Big Sky",102.99,99.44,3.55,126,184,131,1.39
"4787","Northern Illinois",2011,"MAC (West)",96.74,107.04,-10.3,224,63,255,-8.05
"4788","Northern Iowa",2011,"MVC",106.99,98.51,8.47999999999999,80,196,95,4.53
"4789","Northwestern",2011,"Big Ten",116.19,98.18,18.01,14,199,52,11.66
"4790","Northwestern State",2011,"Southland (East)",97.52,108.24,-10.72,211,50,259,-8.88
"4791","Notre Dame",2011,"Big East",120.53,92.75,27.78,6,259,12,18.17
"4792","Oakland",2011,"Summit",115.31,102.72,12.59,17,126,76,8.28
"4793","Ohio",2011,"MAC (East)",104.19,102.18,2.00999999999999,111,132,148,0.59
"4794","Ohio State",2011,"Big Ten",124.63,85.12,39.51,1,310,1,25.84
"4795","Oklahoma",2011,"Big 12",104.95,98.81,6.14,98,192,111,3.71
"4796","Oklahoma State",2011,"Big 12",106.44,92.75,13.69,86,259,72,8.53
"4797","Old Dominion",2011,"CAA",108.14,92.25,15.89,70,269,60,9.03
"4798","Oral Roberts",2011,"Summit",106.97,104.36,2.61,81,100,141,0.86
"4799","Oregon",2011,"Pac-10",105.83,94.51,11.32,91,243,80,6.92
"4800","Oregon State",2011,"Pac-10",102.44,99,3.44,139,190,133,1.51
"4801","Pacific",2011,"Big West",102.9,100.4,2.5,128,165,142,0.75
"4802","Penn State",2011,"Big Ten",113.05,93.66,19.39,33,250,41,11.98
"4803","Pennsylvania",2011,"Ivy",99.83,103.15,-3.32000000000001,176,119,201,-2.99
"4804","Pepperdine",2011,"WCC",101.67,106.02,-4.34999999999999,151,79,211,-3.91
"4805","Pittsburgh",2011,"Big East",121.39,88.86,32.53,3,294,4,20.82
"4806","Portland",2011,"WCC",110.05,101.87,8.17999999999999,55,139,97,4.7
"4807","Portland State",2011,"Big Sky",100.5,110.87,-10.37,166,18,256,-7.74
"4808","Prairie View A&M",2011,"SWAC",83.38,109.1,-25.72,314,38,329,-19.63
"4809","Presbyterian",2011,"Big South",97.9,108.38,-10.48,204,48,257,-7.72
"4810","Princeton",2011,"Ivy",104.56,97.44,7.12,103,211,102,3.71
"4811","Providence",2011,"Big East",109.31,97.85,11.46,62,204,79,6.91
"4812","Purdue",2011,"Big Ten",115.04,85.67,29.37,21,308,8,19.36
"4813","Purdue Fort Wayne",2011,"Summit",102.72,104.56,-1.84,131,97,182,-2.17
"4814","Quinnipiac",2011,"NEC",100.63,102.31,-1.68000000000001,164,130,179,-2.08
"4815","Radford",2011,"Big South",83.12,105.76,-22.64,317,82,325,-16.76
"4816","Rhode Island",2011,"A-10",102.59,96.66,5.93000000000001,134,226,113,3.34
"4817","Rice",2011,"CUSA",104.26,100.64,3.62,109,161,130,1.67
"4818","Richmond",2011,"A-10",112.2,93.68,18.52,37,249,45,11.23
"4819","Rider",2011,"MAAC",104.24,101.08,3.16,110,155,136,1.62
"4820","Robert Morris",2011,"NEC",98.96,98.64,0.319999999999993,189,194,162,-0.8
"4821","Rutgers",2011,"Big East",106.93,94.29,12.64,83,244,75,7.88
"4822","Sacramento State",2011,"Big Sky",89.43,109.05,-19.62,294,40,313,-14.01
"4823","Sacred Heart",2011,"NEC",94.83,107.35,-12.52,249,58,277,-9.4
"4824","St. Francis (PA)",2011,"NEC",95.1,110.16,-15.06,245,25,289,-11.5
"4825","Saint Joseph's",2011,"A-10",103.54,104.89,-1.34999999999999,121,93,177,-1.75
"4826","Saint Louis",2011,"A-10",97.86,92.68,5.17999999999999,206,260,118,2.83
"4827","Saint Mary's",2011,"WCC",116.99,96.81,20.18,12,224,37,13.04
"4828","Saint Peter's",2011,"MAAC",91.6,91.36,0.239999999999995,272,274,165,-0.28
"4829","Sam Houston",2011,"Southland (West)",101.3,102.89,-1.59,158,122,178,-2.38
"4830","Samford",2011,"Southern (North)",92.52,108.76,-16.24,266,44,299,-11.39
"4831","San Diego",2011,"WCC",91.44,103.15,-11.71,274,119,269,-8.6
"4832","San Diego State",2011,"MWC",113.93,85.85,28.08,25,307,11,17.96
"4833","San Francisco",2011,"WCC",101.11,97.73,3.38,162,206,134,1.78
"4834","San José State",2011,"WAC",102.34,103.2,-0.859999999999999,140,117,173,-1.54
"4835","Santa Clara",2011,"WCC",106.57,100.86,5.70999999999999,85,158,114,3.06
"4836","Seattle U",2011,"Ind",90.24,100.82,-10.58,286,159,258,-9.26
"4837","Seton Hall",2011,"Big East",103.99,87.3,16.69,113,303,57,11.03
"4838","Siena",2011,"MAAC",96.93,101.2,-4.27,220,153,208,-3.83
"4839","SIU Edwardsville",2011,"Ind",83.3,113.3,-30,315,8,334,-22.39
"4840","South Alabama",2011,"Sun Belt (East)",96.97,109.73,-12.76,219,30,278,-9.8
"4841","South Carolina",2011,"SEC (East)",100.51,93.5,7.01000000000001,165,253,104,4.17
"4842","South Carolina State",2011,"MEAC",87.88,110.29,-22.41,301,24,323,-16.71
"4843","South Carolina Upstate",2011,"A-Sun",88.72,106.73,-18.01,298,71,308,-12.44
"4844","South Dakota",2011,"GWC",97.18,109.6,-12.42,217,31,275,-9.72
"4845","South Dakota State",2011,"Summit",113.29,107.32,5.97000000000001,30,60,112,3.1
"4846","South Florida",2011,"Big East",102.48,95.5,6.98,136,236,105,4.28
"4847","Southeast Missouri State",2011,"OVC",93.47,109.03,-15.56,261,41,293,-12.27
"4848","SE Louisiana",2011,"Southland (East)",95.27,106.74,-11.47,243,70,267,-8.93
"4849","Southern",2011,"SWAC",79.05,113.55,-34.5,320,6,335,-25.62
"4850","USC",2011,"Pac-10",107.42,89.57,17.85,76,291,53,11.52
"4851","Southern Illinois",2011,"MVC",96.09,98.24,-2.14999999999999,230,197,185,-2.46
"4852","SMU",2011,"CUSA",103.68,100.6,3.08000000000001,119,162,137,1.04
"4853","Southern Miss",2011,"CUSA",110.76,97.3,13.46,47,214,73,8.41
"4854","Southern Utah",2011,"Summit",97.17,107.33,-10.16,218,59,254,-7.8
"4855","St. Bonaventure",2011,"A-10",104.11,101.08,3.03,112,155,138,1.31
"4856","Stanford",2011,"Pac-10",103.79,93.62,10.17,117,251,87,6.4
"4857","Stephen F. Austin",2011,"Southland (West)",94.59,97.72,-3.13,253,207,194,-3.29
"4858","Stetson",2011,"A-Sun",93.1,107.57,-14.47,263,54,287,-10.73
"4859","Stony Brook",2011,"AmEast",89.71,98.2,-8.49000000000001,293,198,242,-6.85
"4860","Syracuse",2011,"Big East",115.21,86.57,28.64,19,305,9,18.85
"4861","Temple",2011,"A-10",109.68,90.01,19.67,60,287,40,12.35
"4862","Tennessee",2011,"SEC (East)",108.27,91.25,17.02,69,276,55,11.08
"4863","Tennessee State",2011,"OVC",98.19,107.38,-9.19,196,57,246,-7.12
"4864","Tennessee Tech",2011,"OVC",96.8,103.45,-6.65000000000001,223,113,227,-5.64
"4865","UT Martin",2011,"OVC",93.75,110.12,-16.37,260,26,301,-12.77
"4866","Texas",2011,"Big 12",114.63,83.77,30.86,22,313,6,20.82
"4867","Texas A&M",2011,"Big 12",109.74,90.71,19.03,59,279,42,12.62
"4868","Texas A&M-Corpus Christi",2011,"Southland (West)",90.33,107.44,-17.11,284,56,302,-12.31
"4869","TCU",2011,"MWC",102.09,99.93,2.16,144,176,145,0.96
"4870","Texas Southern",2011,"SWAC",90.02,102.87,-12.85,287,123,279,-10.14
"4871","Texas State",2011,"Southland (West)",97.39,106.69,-9.3,215,73,249,-7.65
"4872","Texas Tech",2011,"Big 12",107.01,99.83,7.18000000000001,79,178,101,4.02
"4873","UT Rio Grande Valley",2011,"GWC",90.62,112.44,-21.82,283,11,322,-16.55
"4874","The Citadel",2011,"Southern (South)",96.73,109.92,-13.19,225,28,283,-9.84
"4875","Toledo",2011,"MAC (West)",89.03,110.35,-21.32,296,23,319,-14.75
"4876","Towson",2011,"CAA",103.27,114.55,-11.28,124,3,264,-8.06
"4877","Troy",2011,"Sun Belt (East)",94.94,106.91,-11.97,248,66,272,-9.48
"4878","Tulane",2011,"CUSA",101.33,101.04,0.289999999999992,157,156,164,-0.28
"4879","Tulsa",2011,"CUSA",105.76,95.96,9.80000000000001,92,233,90,6.06
"4880","UAB",2011,"CUSA",107.74,93.07,14.67,75,257,65,8.55
"4881","UC Davis",2011,"Big West",99.92,107.31,-7.39,175,61,233,-5.69
"4882","UC Irvine",2011,"Big West",100.1,104.68,-4.58000000000001,172,95,212,-3.78
"4883","UC Riverside",2011,"Big West",94.77,105.66,-10.89,250,85,262,-8.26
"4884","UC Santa Barbara",2011,"Big West",101.63,98.71,2.92,152,193,140,1.22
"4885","UCF",2011,"CUSA",104.71,94.22,10.49,100,246,84,6.25
"4886","UCLA",2011,"Pac-10",108.87,90.49,18.38,67,283,48,11.7
"4887","UNC Asheville",2011,"Big South",98.38,98.07,0.310000000000002,192,200,163,-0.69
"4888","UNC Greensboro",2011,"Southern (North)",97.41,109.43,-12.02,214,33,273,-9.95
"4889","UNC Wilmington",2011,"CAA",100.13,103.69,-3.56,170,108,202,-3.41
"4890","Utah",2011,"MWC",102,97.13,4.87,145,217,122,2.46
"4891","Utah State",2011,"WAC",110.45,88.83,21.62,50,295,31,13.23
"4892","Utah Valley",2011,"GWC",98.21,107.48,-9.27000000000001,195,55,248,-7.78
"4893","UTEP",2011,"CUSA",105.28,90.78,14.5,94,278,66,8.83
"4894","UTSA",2011,"Southland (West)",98.31,105.36,-7.05,193,88,230,-5.8
"4895","Valparaiso",2011,"Horizon",104.43,96.96,7.47000000000001,106,219,100,4.24
"4896","Vanderbilt",2011,"SEC (East)",116.18,93.45,22.73,15,254,23,15.1
"4897","Vermont",2011,"AmEast",99.27,97.5,1.77,186,209,150,0.14
"4898","Villanova",2011,"Big East",113.58,90.53,23.05,28,281,22,15.05
"4899","Virginia",2011,"ACC",104.87,94.67,10.2,99,240,86,6.01
"4900","VCU",2011,"CAA",110.73,96.75,13.98,48,225,69,8.56
"4901","Virginia Tech",2011,"ACC",109.93,88.92,21.01,56,293,33,13.84
"4902","VMI",2011,"Big South",106.82,111.81,-4.99000000000001,84,14,216,-4.23
"4903","Wagner",2011,"NEC",95.97,104.45,-8.48,232,98,241,-6.54
"4904","Wake Forest",2011,"ACC",99.62,104.39,-4.77,179,99,215,-4.43
"4905","Washington",2011,"Pac-10",118.85,90.37,28.48,7,284,10,20.12
"4906","Washington State",2011,"Pac-10",108.27,89.86,18.41,69,288,47,12.27
"4907","Weber State",2011,"Big Sky",102.46,103.27,-0.810000000000002,138,115,172,-1.64
"4908","West Virginia",2011,"Big East",114.43,89.85,24.58,23,289,20,16.15
"4909","Western Carolina",2011,"Southern (North)",96,99.3,-3.3,231,186,200,-3.54
"4910","Western Illinois",2011,"Summit",84.17,105.79,-21.62,311,81,321,-15.14
"4911","Western Kentucky",2011,"Sun Belt (East)",98.83,102.85,-4.02,190,124,206,-3.8
"4912","Western Michigan",2011,"MAC (West)",101.89,101.8,0.0900000000000034,149,140,167,-0.7
"4913","Wichita State",2011,"MVC",113.38,92.64,20.74,29,261,35,12.57
"4914","William & Mary",2011,"CAA",100.12,106.26,-6.14,171,76,223,-4.38
"4915","Winthrop",2011,"Big South",92.83,99.53,-6.7,265,182,229,-5.38
"4916","Wisconsin",2011,"Big Ten",123.46,92.49,30.97,2,264,5,18.77
"4917","Wofford",2011,"Southern (South)",109.84,101.77,8.07000000000001,58,141,98,4.35
"4918","Wright State",2011,"Horizon",103.84,97.26,6.58,116,215,108,3.22
"4919","Wyoming",2011,"MWC",98.25,101.5,-3.25,194,146,198,-3.16
"4920","Xavier",2011,"A-10",112.43,93.78,18.65,36,247,44,11.88
"4921","Yale",2011,"Ivy",96.83,100.1,-3.27,222,170,199,-2.91
"4922","Youngstown State",2011,"Horizon",97.83,105.62,-7.79000000000001,207,86,236,-6.4
"4923","Kentucky",2012,"SEC",121.13,84.59,36.54,2,318,1,24.73
"4924","Ohio State",2012,"Big Ten",116.89,81.75,35.14,8,323,2,23.95
"4925","Kansas",2012,"Big 12",114.92,83.11,31.81,10,320,3,21.72
"4926","North Carolina",2012,"ACC",114.54,85.44,29.1,12,314,8,21.34
"4927","Michigan State",2012,"Big Ten",114.39,82.72,31.67,15,321,4,21.32
"4928","Syracuse",2012,"Big East",117.57,86.64,30.93,7,311,5,21.12
"4929","Missouri",2012,"Big 12",124.44,95.02,29.42,1,243,7,19.77
"4930","Wisconsin",2012,"Big Ten",113.6,83.18,30.42,17,319,6,19.04
"4931","Indiana",2012,"Big Ten",119.86,92.62,27.24,4,275,9,18.63
"4932","Florida",2012,"SEC",120,93.43,26.57,3,261,10,18.25
"4933","Wichita State",2012,"MVC",114.53,88.95,25.58,13,304,11,17.42
"4934","Duke",2012,"ACC",117.6,93.07,24.53,6,268,14,17.05
"4935","Marquette",2012,"Big East",111.68,87.54,24.14,27,309,16,16.92
"4936","Memphis",2012,"CUSA",112.77,87.91,24.86,22,307,13,16.86
"4937","Georgetown",2012,"Big East",110.96,85.48,25.48,31,313,12,16.81
"4938","Baylor",2012,"Big 12",114.5,90.31,24.19,14,298,15,16.54
"4939","Louisville",2012,"Big East",105.66,81.9,23.76,84,322,18,16.19
"4940","Vanderbilt",2012,"SEC",114.33,90.89,23.44,16,292,19,15.71
"4941","New Mexico",2012,"MWC",109.67,87.01,22.66,44,310,20,15.6
"4942","Saint Louis",2012,"A-10",110.16,86.36,23.8,40,312,17,15.15
"4943","Florida State",2012,"ACC",106.03,85.38,20.65,77,315,23,14.53
"4944","Kansas State",2012,"Big 12",108.96,87.94,21.02,48,306,21,14.47
"4945","Texas",2012,"Big 12",111.86,91.46,20.4,26,289,27,14
"4946","Purdue",2012,"Big Ten",114.8,94.02,20.78,11,254,22,13.88
"4947","Gonzaga",2012,"WCC",111.35,90.79,20.56,30,293,25,13.86
"4948","California",2012,"Pac-12",110.08,89.59,20.49,42,303,26,13.79
"4949","Alabama",2012,"SEC",105.78,85.22,20.56,82,316,24,13.76
"4950","UNLV",2012,"MWC",109.3,90.69,18.61,46,295,33,13.55
"4951","Iowa State",2012,"Big 12",113.51,93.88,19.63,18,255,29,13.32
"4952","Michigan",2012,"Big Ten",113.3,93.04,20.26,20,269,28,13.19
"4953","Cincinnati",2012,"Big East",108.71,89.74,18.97,50,302,31,12.93
"4954","Creighton",2012,"MVC",118.57,99.92,18.65,5,172,32,12.92
"4955","Stanford",2012,"Pac-12",106.16,87.82,18.34,76,308,34,12.64
"4956","Virginia",2012,"ACC",104.35,84.87,19.48,102,317,30,12.51
"4957","Uconn",2012,"Big East",110.36,92.14,18.22,38,281,35,12.27
"4958","West Virginia",2012,"Big East",110.17,93.29,16.88,39,265,39,12.13
"4959","NC State",2012,"ACC",111.44,93.63,17.81,29,257,36,12.1
"4960","Belmont",2012,"A-Sun",115.02,97.51,17.51,9,213,37,11.81
"4961","Saint Mary's",2012,"WCC",112.22,95.44,16.78,24,237,40,11.26
"4962","BYU",2012,"WCC",105.25,89.87,15.38,88,301,46,11.25
"4963","Notre Dame",2012,"Big East",109.77,92.75,17.02,43,274,38,11.18
"4964","Arizona",2012,"Pac-12",106.71,90.94,15.77,70,291,43,10.91
"4965","Washington",2012,"Pac-12",108.46,93.47,14.99,54,260,47,10.79
"4966","Miami",2012,"ACC",110.45,94.2,16.25,37,249,41,10.75
"4967","Minnesota",2012,"Big Ten",107.83,91.65,16.18,60,288,42,10.7
"4968","UCLA",2012,"Pac-12",108.53,92.86,15.67,52,271,45,10.53
"4969","Temple",2012,"A-10",111.52,96.14,15.38,28,231,46,10.44
"4970","Seton Hall",2012,"Big East",106.4,90.71,15.69,72,294,44,10.23
"4971","Oregon",2012,"Pac-12",111.95,97.26,14.69,25,220,48,10.19
"4972","Xavier",2012,"A-10",106.31,92.18,14.13,73,280,52,9.59
"4973","Long Beach State",2012,"Big West",108.66,94.17,14.49,51,250,49,9.52
"4974","Tennessee",2012,"SEC",105.93,91.88,14.05,80,286,53,9.49
"4975","Pittsburgh",2012,"Big East",113.12,98.89,14.23,21,192,50,9.43
"4976","Illinois",2012,"Big Ten",104.17,90.16,14.01,104,300,54,9.33
"4977","South Florida",2012,"Big East",103.15,88.93,14.22,116,305,51,9.2
"4978","Mississippi State",2012,"SEC",110.82,97.73,13.09,33,207,60,9.13
"4979","San Diego State",2012,"MWC",105.43,91.94,13.49,86,284,55,9.04
"4980","Virginia Tech",2012,"ACC",106.56,93.57,12.99,71,258,61,8.93
"4981","Northwestern",2012,"Big Ten",113.35,99.95,13.4,19,171,58,8.87
"4982","Oregon State",2012,"Pac-12",109.47,97.62,11.85,45,210,70,8.84
"4983","VCU",2012,"CAA",104.77,91.31,13.46,95,290,56,8.79
"4984","Murray State",2012,"OVC",105.5,92.05,13.45,85,282,57,8.74
"4985","New Mexico State",2012,"WAC",107.14,95.13,12.01,64,242,68,8.73
"4986","Middle Tennessee",2012,"Sun Belt (East)",105.9,93.14,12.76,81,266,65,8.69
"4987","La Salle",2012,"A-10",106,93.13,12.87,78,267,63,8.56
"4988","Dayton",2012,"A-10",110.9,98,12.9,32,205,62,8.48
"4989","Iona",2012,"MAAC",112.63,100.95,11.68,23,160,71,8.36
"4990","Saint Joseph's",2012,"A-10",108.38,96.2,12.18,55,229,67,8.25
"4991","St. Bonaventure",2012,"A-10",108.3,95.85,12.45,57,235,66,8.25
"4992","Colorado",2012,"Pac-12",103.89,92.44,11.45,106,277,73,7.91
"4993","Villanova",2012,"Big East",107.13,95.64,11.49,65,236,72,7.89
"4994","Harvard",2012,"Ivy",105.99,92.84,13.15,79,272,59,7.84
"4995","Southern Miss",2012,"CUSA",109.29,97.37,11.92,47,217,69,7.79
"4996","Massachusetts",2012,"A-10",103.75,93.41,10.34,109,262,83,7.49
"4997","Drexel",2012,"CAA",106.19,93.39,12.8,74,263,64,7.37
"4998","South Dakota State",2012,"Summit",110.63,99.43,11.2,35,179,74,7.34
"4999","Clemson",2012,"ACC",103.88,92.78,11.1,107,273,75,7.31
"5000","Oklahoma",2012,"Big 12",105.03,95,10.03,90,244,85,7.28
"5001","Davidson",2012,"Southern (South)",108.51,97.86,10.65,53,206,78,7.26
"5002","Ohio",2012,"MAC (East)",103.32,92.92,10.4,114,270,81,7.17
"5003","Iowa",2012,"Big Ten",110.53,100.18,10.35,36,170,82,7.04
"5004","Oklahoma State",2012,"Big 12",105.68,95,10.68,83,244,77,7.02
"5005","Marshall",2012,"CUSA",106.74,96.44,10.3,69,226,84,7
"5006","Northern Iowa",2012,"MVC",104.93,94.14,10.79,92,251,76,6.99
"5007","Wyoming",2012,"MWC",101.06,90.54,10.52,140,297,79,6.79
"5008","LSU",2012,"SEC",100.29,90.55,9.74000000000001,155,296,87,6.66
"5009","Colorado State",2012,"MWC",110.69,101.16,9.53,34,152,90,6.58
"5010","Ole Miss",2012,"SEC",101.61,91.92,9.69,129,285,88,6.53
"5011","Akron",2012,"MAC (East)",104.41,95.37,9.03999999999999,101,239,92,6.33
"5012","Illinois State",2012,"MVC",107.09,97.29,9.8,66,218,86,6.33
"5013","Washington State",2012,"Pac-12",108.26,99.27,8.99000000000001,58,184,93,6.17
"5014","Missouri State",2012,"MVC",103.68,94.08,9.60000000000001,110,253,89,6.15
"5015","Denver",2012,"Sun Belt (West)",109.29,98.79,10.5,47,194,80,6.14
"5016","Georgia",2012,"SEC",103.08,94.82,8.26000000000001,117,246,95,5.92
"5017","Tulsa",2012,"CUSA",103.89,94.74,9.15000000000001,106,247,91,5.82
"5018","Arkansas",2012,"SEC",105.06,97.61,7.45,89,211,100,5.76
"5019","Georgia State",2012,"CAA",98.75,90.2,8.55,175,299,94,5.69
"5020","Texas A&M",2012,"Big 12",99.94,91.98,7.95999999999999,159,283,99,5.57
"5021","Rutgers",2012,"Big East",100.62,92.49,8.13000000000001,148,276,97,5.42
"5022","Cleveland State",2012,"Horizon",102,93.85,8.15000000000001,124,256,96,5.27
"5023","Oral Roberts",2012,"Summit",108.87,100.84,8.03,49,163,98,5.24
"5024","Richmond",2012,"A-10",107.46,100.22,7.23999999999999,63,169,102,4.71
"5025","Montana",2012,"Big Sky",100.65,94.1,6.55000000000001,147,252,104,4.55
"5026","Nevada",2012,"WAC",103.06,96.22,6.84,118,228,103,4.54
"5027","UCF",2012,"CUSA",103.75,96.45,7.3,109,225,101,4.33
"5028","Lehigh",2012,"Patriot",103.96,97.67,6.28999999999999,105,209,106,4.27
"5029","Providence",2012,"Big East",106.85,100.97,5.88,67,159,110,4.16
"5030","Buffalo",2012,"MAC (East)",103.27,97.38,5.89,115,216,109,4.15
"5031","Duquesne",2012,"A-10",104.72,100.18,4.53999999999999,97,170,119,4.09
"5032","Old Dominion",2012,"CAA",98.68,92.24,6.44000000000001,177,279,105,4.08
"5033","UC Santa Barbara",2012,"Big West",107.8,101.66,6.14,61,140,107,4
"5034","Maryland",2012,"ACC",105.31,99.42,5.89,87,180,109,3.95
"5035","George Mason",2012,"CAA",100.76,95.16,5.60000000000001,145,241,114,3.81
"5036","Mercer",2012,"A-Sun",101.47,95.43,6.03999999999999,132,238,108,3.75
"5037","Penn State",2012,"Big Ten",101.03,95.24,5.79000000000001,141,240,113,3.72
"5038","Wagner",2012,"NEC",101.23,96.17,5.06,137,230,116,3.6
"5039","Bucknell",2012,"Patriot",104.35,98.51,5.83999999999999,102,198,111,3.57
"5040","Boise State",2012,"MWC",104.51,100.24,4.27000000000001,99,168,123,3.52
"5041","Nebraska",2012,"Big Ten",101.63,97.27,4.36,128,219,122,3.52
"5042","Utah State",2012,"WAC",105.99,100.92,5.06999999999999,79,161,115,3.49
"5043","Evansville",2012,"MVC",108.31,102.48,5.83,56,126,112,3.46
"5044","UNC Asheville",2012,"Big South",107.91,103.44,4.47,59,113,121,3.06
"5045","Fairfield",2012,"MAAC",97.91,93.34,4.56999999999999,187,264,117,2.94
"5046","UTEP",2012,"CUSA",101.31,97.09,4.22,135,221,124,2.92
"5047","Butler",2012,"Horizon",96.75,92.25,4.5,208,278,120,2.86
"5048","Kent State",2012,"MAC (East)",102.18,98.23,3.95,123,203,127,2.77
"5049","South Carolina",2012,"SEC",102.82,99.03,3.78999999999999,120,188,128,2.65
"5050","UAB",2012,"CUSA",98.29,94.64,3.65000000000001,182,248,131,2.61
"5051","Princeton",2012,"Ivy",103.56,99,4.56,111,189,118,2.57
"5052","Auburn",2012,"SEC",96.88,93.49,3.39,207,259,134,2.52
"5053","Drake",2012,"MVC",99.47,96.04,3.42999999999999,162,233,133,2.44
"5054","East Carolina",2012,"CUSA",102.37,98.34,4.03,122,201,125,2.42
"5055","Lamar",2012,"Southland (East)",103.44,99.46,3.98,113,178,126,2.41
"5056","Detroit Mercy",2012,"Horizon",104.81,101.05,3.76000000000001,94,157,129,2.4
"5057","Loyola Marymount",2012,"WCC",100.09,96.85,3.24000000000001,157,223,135,2.2
"5058","Indiana State",2012,"MVC",99.4,95.91,3.49000000000001,164,234,132,2.08
"5059","DePaul",2012,"Big East",106.18,102.44,3.74000000000001,75,127,130,1.99
"5060","San Francisco",2012,"WCC",106.77,104.12,2.64999999999999,68,102,136,1.9
"5061","Georgia Tech",2012,"ACC",97.21,95.16,2.05,201,241,144,1.74
"5062","TCU",2012,"MWC",104.74,102.2,2.53999999999999,96,131,138,1.72
"5063","Weber State",2012,"Big Sky",107.53,104.89,2.64,62,91,137,1.51
"5064","Manhattan",2012,"MAAC",99.26,96.96,2.30000000000001,165,222,139,1.46
"5065","Rice",2012,"CUSA",98.82,96.64,2.17999999999999,173,224,141,1.42
"5066","Bowling Green",2012,"MAC (East)",100.43,98.25,2.18000000000001,151,202,140,1.23
"5067","Pennsylvania",2012,"Ivy",101.07,98.9,2.16999999999999,139,191,142,1.12
"5068","Charlotte",2012,"A-10",97.46,96.06,1.39999999999999,197,232,145,0.99
"5069","Vermont",2012,"AmEast",101.41,99.31,2.09999999999999,134,182,143,0.98
"5070","Idaho",2012,"WAC",104.71,103.72,0.989999999999995,98,108,148,0.77
"5071","Robert Morris",2012,"NEC",100.77,99.37,1.39999999999999,144,181,145,0.67
"5072","Valparaiso",2012,"Horizon",102.52,101.46,1.06,121,148,147,0.61
"5073","Milwaukee",2012,"Horizon",97.36,96.37,0.989999999999995,200,227,148,0.53
"5074","Loyola Maryland",2012,"MAAC",100,98.67,1.33,158,197,146,0.37
"5075","Oakland",2012,"Summit",110.1,109.63,0.469999999999999,41,34,150,0.29
"5076","Houston",2012,"CUSA",103.55,103.91,-0.359999999999999,112,105,155,0.04
"5077","North Dakota State",2012,"Summit",102.84,103.46,-0.61999999999999,119,112,157,0.01
"5078","Tulane",2012,"CUSA",96.63,97.47,-0.840000000000003,211,214,158,-0.12
"5079","Charleston",2012,"Southern (South)",99.04,99.06,-0.019999999999996,171,187,152,-0.16
"5080","South Carolina Upstate",2012,"A-Sun",99.13,98.68,0.449999999999989,168,196,151,-0.16
"5081","North Texas",2012,"Sun Belt (West)",98.23,98.72,-0.489999999999995,183,195,156,-0.39
"5082","East Tennessee State",2012,"A-Sun",97.73,98.07,-0.339999999999989,191,204,154,-0.41
"5083","Air Force",2012,"MWC",98.57,99.42,-0.850000000000009,179,180,159,-0.45
"5084","Stony Brook",2012,"AmEast",100.44,99.71,0.730000000000004,150,177,149,-0.45
"5085","USC",2012,"Pac-12",90.3,91.74,-1.44,285,287,164,-0.51
"5086","Cal Poly",2012,"Big West",101.56,101.61,-0.0499999999999972,131,143,153,-0.58
"5087","George Washington",2012,"A-10",98.9,99.89,-0.989999999999995,172,174,161,-0.63
"5088","Wake Forest",2012,"ACC",100.35,102.04,-1.69000000000001,152,133,165,-0.75
"5089","Fresno State",2012,"WAC",99.11,100.41,-1.3,169,167,162,-0.91
"5090","Arizona State",2012,"Pac-12",99.15,102,-2.84999999999999,167,135,175,-1.01
"5091","Cal State Fullerton",2012,"Big West",104.97,106.32,-1.34999999999999,91,73,163,-1.18
"5092","SMU",2012,"CUSA",96.39,98.83,-2.44,215,193,172,-1.26
"5093","Long Island University",2012,"NEC",104.34,106.63,-2.28999999999999,103,66,170,-1.34
"5094","Yale",2012,"Ivy",97.03,98.96,-1.92999999999999,203,190,166,-1.37
"5095","Stephen F. Austin",2012,"Southland (West)",93.98,94.85,-0.86999999999999,245,245,160,-1.46
"5096","Delaware",2012,"CAA",99.53,101.6,-2.06999999999999,161,144,167,-1.61
"5097","Youngstown State",2012,"Horizon",101.82,104.03,-2.21000000000001,127,104,169,-1.78
"5098","Western Michigan",2012,"MAC (West)",101.57,103.7,-2.13000000000001,130,109,168,-1.8
"5099","UTSA",2012,"Southland (West)",100.66,103.32,-2.66,146,116,174,-1.83
"5100","Little Rock",2012,"Sun Belt (West)",95.09,97.39,-2.3,231,215,171,-1.94
"5101","Quinnipiac",2012,"NEC",98.55,101.07,-2.52,180,155,173,-2.01
"5102","Miami (OH)",2012,"MAC (East)",99.44,103.2,-3.76000000000001,163,119,182,-2.07
"5103","Charleston Southern",2012,"Big South",100.85,103.89,-3.04000000000001,143,106,176,-2.19
"5104","Green Bay",2012,"Horizon",96.61,99.9,-3.29000000000001,212,173,177,-2.32
"5105","Florida Gulf Coast",2012,"A-Sun",101.09,104.82,-3.72999999999999,138,94,181,-2.41
"5106","Florida Atlantic",2012,"Sun Belt (East)",97.65,101.04,-3.39,194,158,178,-2.58
"5107","Texas Tech",2012,"Big 12",93.71,98.36,-4.65000000000001,251,200,191,-2.61
"5108","Coastal Carolina",2012,"Big South",99.44,103.36,-3.92,163,114,184,-2.64
"5109","Louisiana Tech",2012,"WAC",97.86,101.79,-3.93000000000001,188,137,185,-2.65
"5110","Western Kentucky",2012,"Sun Belt (East)",94.88,98.41,-3.53,233,199,179,-2.66
"5111","Hawai'i",2012,"WAC",100.98,104.7,-3.72,142,96,180,-2.79
"5112","South Alabama",2012,"Sun Belt (East)",97.38,101.95,-4.57000000000001,199,136,189,-2.81
"5113","Western Illinois",2012,"Summit",93.54,97.57,-4.02999999999999,255,212,186,-2.84
"5114","Columbia",2012,"Ivy",97.7,101.54,-3.84,193,146,183,-2.9
"5115","Ball State",2012,"MAC (West)",97.44,102.03,-4.59,198,134,190,-2.93
"5116","Hofstra",2012,"CAA",96.16,101.06,-4.90000000000001,218,156,196,-2.98
"5117","Tennessee State",2012,"OVC",96.94,101.14,-4.2,205,154,187,-3.06
"5118","American University",2012,"Patriot",97.47,101.4,-3.93000000000001,196,149,185,-3.12
"5119","Arkansas State",2012,"Sun Belt (West)",98.06,102.78,-4.72,185,124,192,-3.18
"5120","Louisiana",2012,"Sun Belt (West)",91.34,95.91,-4.56999999999999,276,234,188,-3.25
"5121","Northeastern",2012,"CAA",96.95,101.15,-4.2,204,153,187,-3.27
"5122","Toledo",2012,"MAC (West)",100.32,105.18,-4.86000000000001,154,88,195,-3.35
"5123","North Florida",2012,"A-Sun",98.48,103.31,-4.83,181,117,194,-3.44
"5124","Southern Illinois",2012,"MVC",96.14,101.24,-5.09999999999999,219,150,198,-3.51
"5125","Wofford",2012,"Southern (South)",97.8,103.09,-5.29000000000001,190,120,201,-3.62
"5126","Norfolk State",2012,"MEAC",95.75,100.91,-5.16,227,162,199,-3.68
"5127","Boston University",2012,"AmEast",95.96,100.78,-4.82000000000001,222,165,193,-3.74
"5128","San Diego",2012,"WCC",99.09,104.06,-4.97,170,103,197,-3.76
"5129","Rhode Island",2012,"A-10",100.5,106.05,-5.55,149,78,204,-3.78
"5130","Tennessee Tech",2012,"OVC",99.21,104.47,-5.26000000000001,166,99,200,-3.81
"5131","IU Indianapolis",2012,"Summit",103.83,109.36,-5.53,108,36,203,-3.85
"5132","Eastern Washington",2012,"Big Sky",97.47,103.03,-5.56,196,123,205,-3.87
"5133","UAlbany",2012,"AmEast",104.85,110.32,-5.47,93,26,202,-3.92
"5134","Portland State",2012,"Big Sky",104.45,110.22,-5.77,100,28,206,-4.04
"5135","Cornell",2012,"Ivy",93.88,99.87,-5.99000000000001,249,175,207,-4.05
"5136","Wright State",2012,"Horizon",91.5,97.68,-6.18000000000001,274,208,209,-4.07
"5137","Seattle U",2012,"Ind",95.36,101.5,-6.14,230,147,208,-4.18
"5138","Boston College",2012,"ACC",94.25,100.82,-6.56999999999999,240,164,212,-4.54
"5139","Lipscomb",2012,"A-Sun",96.92,103.58,-6.66,206,111,213,-4.7
"5140","Austin Peay",2012,"OVC",98.07,104.49,-6.42,184,98,210,-4.86
"5141","Jacksonville State",2012,"OVC",93.26,99.82,-6.55999999999999,259,176,211,-4.86
"5142","Morehead State",2012,"OVC",96.74,103.68,-6.94000000000001,209,110,214,-4.99
"5143","Florida International",2012,"Sun Belt (East)",95.87,103.08,-7.20999999999999,224,121,215,-5.07
"5144","Central Connecticut",2012,"NEC",95.82,103.04,-7.22000000000001,226,122,216,-5.36
"5145","Rider",2012,"MAAC",100.19,108.02,-7.83,156,56,217,-5.4
"5146","UNC Wilmington",2012,"CAA",97.71,105.54,-7.83000000000001,192,84,218,-5.5
"5147","Siena",2012,"MAAC",93.69,101.73,-8.04000000000001,253,139,219,-5.71
"5148","Bradley",2012,"MVC",92.48,100.76,-8.28,269,166,223,-5.79
"5149","James Madison",2012,"CAA",97.63,105.85,-8.22,195,80,221,-5.86
"5150","High Point",2012,"Big South",101.3,109.67,-8.37,136,33,225,-5.92
"5151","Holy Cross",2012,"Patriot",94.2,102.39,-8.19,241,129,220,-6.02
"5152","St. Francis (PA)",2012,"NEC",92.7,101.19,-8.48999999999999,264,151,226,-6.02
"5153","Furman",2012,"Southern (South)",94.17,103.22,-9.05,243,118,232,-6.04
"5154","Campbell",2012,"Big South",99.7,107.96,-8.25999999999999,160,57,222,-6.06
"5155","UC Irvine",2012,"Big West",93.7,102.7,-9,252,125,231,-6.07
"5156","North Carolina Central",2012,"MEAC",93.3,101.62,-8.32000000000001,258,142,224,-6.12
"5157","Southeast Missouri State",2012,"OVC",100.34,108.86,-8.52,153,44,227,-6.12
"5158","Southern Utah",2012,"Summit",94.64,103.72,-9.08,236,108,233,-6.22
"5159","Northern Colorado",2012,"Big Sky",101.89,110.77,-8.88,126,24,230,-6.23
"5160","McNeese",2012,"Southland (East)",96.51,105.28,-8.77,214,86,228,-6.26
"5161","Northwestern State",2012,"Southland (East)",92.67,101.46,-8.78999999999999,265,148,229,-6.29
"5162","Utah Valley",2012,"GWC",94.71,104.25,-9.54000000000001,234,101,234,-6.53
"5163","Western Carolina",2012,"Southern (North)",96.55,106.2,-9.65000000000001,213,77,237,-6.57
"5164","Niagara",2012,"MAAC",98.68,108.26,-9.58,177,53,236,-6.67
"5165","Georgia Southern",2012,"Southern (South)",95.03,105.02,-9.98999999999999,232,90,242,-6.7
"5166","Central Michigan",2012,"MAC (West)",94.18,104.84,-10.66,242,93,249,-6.74
"5167","Presbyterian",2012,"Big South",98.71,108.51,-9.80000000000001,176,47,239,-6.76
"5168","Santa Clara",2012,"WCC",101.44,111,-9.56,133,21,235,-6.79
"5169","Sacred Heart",2012,"NEC",98.62,108.32,-9.69999999999999,178,51,238,-6.87
"5170","App State",2012,"Southern (North)",95.99,106.44,-10.45,221,71,247,-6.93
"5171","Chattanooga",2012,"Southern (North)",93.93,103.75,-9.81999999999999,246,107,240,-6.99
"5172","Cal State Bakersfield",2012,"Ind",98.01,107.95,-9.94,186,58,241,-7.15
"5173","Lafayette",2012,"Patriot",101.09,111.6,-10.51,138,16,248,-7.2
"5174","Jacksonville",2012,"A-Sun",95.59,105.67,-10.08,229,83,243,-7.3
"5175","Pepperdine",2012,"WCC",91.04,102.42,-11.38,280,128,254,-7.4
"5176","Elon",2012,"Southern (North)",93.73,103.91,-10.18,250,105,244,-7.41
"5177","Stetson",2012,"A-Sun",96.2,106.49,-10.29,217,68,245,-7.48
"5178","Troy",2012,"Sun Belt (East)",101.03,111.43,-10.4,141,17,246,-7.48
"5179","Fordham",2012,"A-10",91.43,102.38,-10.95,275,130,251,-7.63
"5180","Winthrop",2012,"Big South",90.48,102.1,-11.62,284,132,257,-7.64
"5181","San José State",2012,"WAC",95.94,107.71,-11.77,223,61,258,-7.86
"5182","Portland",2012,"WCC",96.11,107.01,-10.9,220,65,250,-7.88
"5183","Eastern Michigan",2012,"MAC (West)",86.57,99.29,-12.72,305,183,269,-7.9
"5184","Gardner-Webb",2012,"Big South",90.67,102.48,-11.81,281,126,259,-7.99
"5185","UC Riverside",2012,"Big West",86.73,99,-12.27,303,189,263,-8.01
"5186","Mississippi Valley State",2012,"SWAC",93.41,104.86,-11.45,256,92,255,-8.03
"5187","Pacific",2012,"Big West",94.61,107.28,-12.67,237,63,268,-8.04
"5188","Delaware State",2012,"MEAC",97.15,108.51,-11.36,202,47,253,-8.07
"5189","Marist",2012,"MAAC",94.57,105.68,-11.11,239,82,252,-8.2
"5190","Morgan State",2012,"MEAC",93.92,105.41,-11.49,247,85,256,-8.41
"5191","Loyola Chicago",2012,"Horizon",91.09,104.62,-13.53,279,97,275,-8.43
"5192","Eastern Kentucky",2012,"OVC",96.66,109.02,-12.36,210,40,265,-8.47
"5193","Maine",2012,"AmEast",93.89,105.76,-11.87,248,81,260,-8.57
"5194","Texas State",2012,"Southland (West)",96.16,108.34,-12.18,218,50,262,-8.66
"5195","Samford",2012,"Southern (North)",97.82,110.78,-12.96,189,23,270,-8.68
"5196","North Dakota",2012,"GWC",92.34,104.44,-12.1,270,100,261,-8.76
"5197","Purdue Fort Wayne",2012,"Summit",94.12,106.52,-12.4,244,67,266,-8.79
"5198","Kansas City",2012,"Summit",95.85,108.2,-12.35,225,54,264,-8.82
"5199","Coppin State",2012,"MEAC",101.91,114.96,-13.05,125,6,271,-9.07
"5200","Sam Houston",2012,"Southland (West)",85.13,99.22,-14.09,312,186,278,-9.09
"5201","Bethune-Cookman",2012,"MEAC",95.71,108.92,-13.21,228,43,273,-9.11
"5202","Incarnate Word",2012,"Horizon",92.83,106.47,-13.64,263,69,276,-9.16
"5203","Utah",2012,"Pac-12",91.22,106.33,-15.11,278,72,284,-9.31
"5204","VMI",2012,"Big South",98.81,111.29,-12.48,174,20,267,-9.43
"5205","South Dakota",2012,"Summit",94.6,107.79,-13.19,238,59,272,-9.56
"5206","Liberty",2012,"Big South",96.32,110.09,-13.77,216,29,277,-9.67
"5207","Sacramento State",2012,"Big Sky",94.68,108.85,-14.17,235,45,279,-9.67
"5208","UNC Greensboro",2012,"Southern (North)",93.68,107.08,-13.4,254,64,274,-9.67
"5209","Dartmouth",2012,"Ivy",88.07,103.2,-15.13,297,119,285,-10.07
"5210","Hampton",2012,"MEAC",87.15,101.56,-14.41,301,145,280,-10.08
"5211","New Hampshire",2012,"AmEast",87.19,101.77,-14.58,300,138,281,-10.09
"5212","Texas Southern",2012,"SWAC",86.86,101.63,-14.77,302,141,282,-10.26
"5213","Montana State",2012,"Big Sky",92.89,107.78,-14.89,262,60,283,-10.29
"5214","William & Mary",2012,"CAA",93.32,109.74,-16.42,257,31,287,-10.79
"5215","Idaho State",2012,"Big Sky",92.59,109.06,-16.47,267,39,288,-11.05
"5216","Army",2012,"Patriot",89.8,105.91,-16.11,287,79,286,-11.26
"5217","Eastern Illinois",2012,"OVC",93.16,110.53,-17.37,260,25,292,-11.48
"5218","Mount St. Mary's",2012,"NEC",89.04,106.21,-17.17,292,76,291,-11.72
"5219","Monmouth",2012,"NEC",91.56,108.28,-16.72,273,52,289,-11.93
"5220","SE Louisiana",2012,"Southland (East)",81.83,99.26,-17.43,324,185,293,-11.94
"5221","NJIT",2012,"GWC",91.92,108.93,-17.01,272,42,290,-12.09
"5222","Texas A&M-Corpus Christi",2012,"Southland (West)",85.8,103.34,-17.54,309,115,296,-12.21
"5223","North Carolina A&T",2012,"MEAC",88.78,106.24,-17.46,295,75,294,-12.34
"5224","Brown",2012,"Ivy",90.56,109.34,-18.78,283,37,298,-12.52
"5225","UL Monroe",2012,"Sun Belt (West)",92.63,111.36,-18.73,266,19,297,-12.56
"5226","Cal State Northridge",2012,"Big West",93.32,110.8,-17.48,257,22,295,-12.65
"5227","Radford",2012,"Big South",85.97,104.8,-18.83,308,95,299,-13.14
"5228","SIU Edwardsville",2012,"OVC",90.61,109.62,-19.01,282,35,300,-13.3
"5229","Saint Peter's",2012,"MAAC",85.47,105.13,-19.66,311,89,302,-13.37
"5230","UT Rio Grande Valley",2012,"GWC",87.99,108.08,-20.09,299,55,303,-13.66
"5231","The Citadel",2012,"Southern (South)",89.19,110.23,-21.04,291,27,306,-14.49
"5232","Howard",2012,"MEAC",85.65,106.29,-20.64,310,74,304,-14.59
"5233","Navy",2012,"Patriot",86.56,108.97,-22.41,306,41,310,-14.6
"5234","Canisius",2012,"MAAC",91.26,112.23,-20.97,277,13,305,-14.73
"5235","Colgate",2012,"Patriot",92.5,114.58,-22.08,268,8,309,-14.91
"5236","Kennesaw State",2012,"A-Sun",92.9,115.8,-22.9,261,4,311,-15.02
"5237","Florida A&M",2012,"MEAC",88.13,109.73,-21.6,296,32,308,-15.58
"5238","UC Davis",2012,"Big West",89.76,112.85,-23.09,288,10,314,-15.6
"5239","Northern Illinois",2012,"MAC (West)",84.86,108.48,-23.62,314,48,316,-15.62
"5240","Alabama State",2012,"SWAC",82.26,105.24,-22.98,323,87,312,-15.79
"5241","Houston Christian",2012,"GWC",88.8,109.93,-21.13,294,30,307,-16.07
"5242","Southern",2012,"SWAC",84.54,107.58,-23.04,316,62,313,-16.17
"5243","Towson",2012,"CAA",82.85,108.43,-25.58,319,49,324,-16.71
"5244","Northern Arizona",2012,"Big Sky",86.72,111.42,-24.7,304,18,321,-16.72
"5245","Arkansas-Pine Bluff",2012,"SWAC",88.06,112.15,-24.09,298,14,319,-16.77
"5246","Maryland Eastern Shore",2012,"MEAC",82.47,106.45,-23.98,322,70,318,-16.79
"5247","Prairie View A&M",2012,"SWAC",80.57,104.25,-23.68,325,101,317,-16.87
"5248","Fairleigh Dickinson",2012,"NEC",84.35,108.76,-24.41,317,46,320,-16.99
"5249","UT Martin",2012,"OVC",88.91,113.71,-24.8,293,9,322,-17.09
"5250","Central Arkansas",2012,"Southland (East)",89.22,112.51,-23.29,290,12,315,-17.26
"5251","Jackson State",2012,"SWAC",83.99,109.63,-25.64,318,34,325,-17.5
"5252","Bryant",2012,"NEC",89.71,116.02,-26.31,289,3,327,-17.9
"5253","Nicholls",2012,"Southland (East)",92.22,117.64,-25.42,271,2,323,-18.55
"5254","Chicago State",2012,"GWC",82.77,108.86,-26.09,320,44,326,-19.3
"5255","Alabama A&M",2012,"SWAC",85,112.51,-27.51,313,12,329,-19.33
"5256","Alcorn State",2012,"SWAC",84.83,112.06,-27.23,315,15,328,-19.57
"5257","Binghamton",2012,"AmEast",82.76,112.59,-29.83,321,11,332,-20.14
"5258","Longwood",2012,"Ind",93.7,122.02,-28.32,252,1,330,-20.47
"5259","South Carolina State",2012,"MEAC",86.5,115.39,-28.89,307,5,331,-20.8
"5260","Grambling",2012,"SWAC",76.44,114.82,-38.38,326,7,333,-26.82
"5261","Indiana",2013,"Big Ten",121.44,84.75,36.69,2,316,3,24.92
"5262","Louisville",2013,"Big East",117.29,79.77,37.52,8,323,2,24.82
"5263","Florida",2013,"SEC",118.49,80.82,37.67,5,322,1,23.88
"5264","Duke",2013,"ACC",119.24,86.74,32.5,3,308,5,21.46
"5265","Michigan",2013,"Big Ten",122.5,89.39,33.11,1,290,4,21.29
"5266","Kansas",2013,"Big 12",113.8,82.99,30.81,18,318,8,20.79
"5267","Gonzaga",2013,"WCC",118.57,87.31,31.26,4,303,6,20.44
"5268","Syracuse",2013,"Big East",112.54,82.69,29.85,23,319,10,20.3
"5269","Ohio State",2013,"Big Ten",115.52,84.8,30.72,13,315,9,20.19
"5270","Pittsburgh",2013,"Big East",117.35,86.43,30.92,7,309,7,18.84
"5271","Wisconsin",2013,"Big Ten",110.03,80.85,29.18,37,321,11,18.76
"5272","Michigan State",2013,"Big Ten",112.13,83.52,28.61,25,317,12,18.63
"5273","Arizona",2013,"Pac-12",114.47,88.3,26.17,15,294,14,17.31
"5274","Miami",2013,"ACC",113.26,87.04,26.22,20,306,13,16.98
"5275","VCU",2013,"A-10",113.69,89.09,24.6,19,292,18,16.97
"5276","Minnesota",2013,"Big Ten",112.97,87.42,25.55,21,300,15,16.84
"5277","Creighton",2013,"MVC",117.88,92.42,25.46,6,261,16,16.43
"5278","Georgetown",2013,"Big East",107.33,82.47,24.86,63,320,17,15.86
"5279","Oklahoma State",2013,"Big 12",108.65,85.2,23.45,50,312,19,15.57
"5280","Missouri",2013,"SEC",114.37,91.07,23.3,16,278,20,15.42
"5281","Baylor",2013,"Big 12",113.97,91.51,22.46,17,272,24,15.07
"5282","Wichita State",2013,"MVC",109.88,87.22,22.66,38,304,22,14.68
"5283","North Carolina",2013,"ACC",111.01,90.05,20.96,30,286,31,14.57
"5284","Iowa State",2013,"Big 12",116.63,95,21.63,9,233,28,14.5
"5285","Cincinnati",2013,"Big East",105.36,84.81,20.55,93,314,37,14.47
"5286","Saint Mary's",2013,"WCC",116.41,93.89,22.52,11,247,23,14.46
"5287","Ole Miss",2013,"SEC",110.18,89.58,20.6,35,288,36,14.44
"5288","Saint Louis",2013,"A-10",107.91,85.05,22.86,58,313,21,14.35
"5289","NC State",2013,"ACC",116.57,95.23,21.34,10,229,30,14.34
"5290","Iowa",2013,"Big Ten",109,87.14,21.86,46,305,25,14.22
"5291","Marquette",2013,"Big East",112.62,90.85,21.77,22,280,26,14.05
"5292","Kentucky",2013,"SEC",110.92,91.21,19.71,32,275,40,13.96
"5293","Oregon",2013,"Pac-12",106.75,85.86,20.89,70,311,32,13.78
"5294","Notre Dame",2013,"Big East",115.09,93.56,21.53,14,250,29,13.76
"5295","Colorado State",2013,"MWC",116.27,94.62,21.65,12,239,27,13.6
"5296","Kansas State",2013,"Big 12",112.34,91.47,20.87,24,273,33,13.54
"5297","New Mexico",2013,"MWC",108.25,87.41,20.84,56,301,34,13.24
"5298","Illinois",2013,"Big Ten",110.61,90.42,20.19,33,283,38,13.18
"5299","San Diego State",2013,"MWC",107.56,87.39,20.17,61,302,39,12.95
"5300","Virginia",2013,"ACC",107.72,86.92,20.8,59,307,35,12.91
"5301","UCLA",2013,"Pac-12",111.29,92.19,19.1,28,266,42,12.82
"5302","UNLV",2013,"MWC",105,85.89,19.11,98,310,41,12.81
"5303","Memphis",2013,"CUSA",106.15,87.84,18.31,81,298,44,12.28
"5304","Colorado",2013,"Pac-12",106.2,88.23,17.97,78,295,45,11.91
"5305","Uconn",2013,"Big East",109.64,91.19,18.45,40,276,43,11.89
"5306","Oklahoma",2013,"Big 12",109.25,92.24,17.01,43,265,50,11.4
"5307","Maryland",2013,"ACC",106.68,89.2,17.48,72,291,48,11.39
"5308","Stanford",2013,"Pac-12",108.33,90.84,17.49,53,281,47,11.36
"5309","Middle Tennessee",2013,"Sun Belt (East)",106.88,89.45,17.43,69,289,49,11.18
"5310","Butler",2013,"A-10",109.06,91.54,17.52,45,271,46,11.01
"5311","Villanova",2013,"Big East",105.42,88.73,16.69,91,293,51,10.75
"5312","BYU",2013,"WCC",108.28,92.57,15.71,55,258,56,10.63
"5313","California",2013,"Pac-12",106.66,90.1,16.56,73,285,52,10.59
"5314","Belmont",2013,"OVC (East)",109.86,93.8,16.06,39,248,54,10.41
"5315","La Salle",2013,"A-10",110.53,94.77,15.76,34,238,55,10.15
"5316","Arkansas",2013,"SEC",107.28,93.04,14.24,65,255,65,9.83
"5317","Alabama",2013,"SEC",103.42,87.72,15.7,115,299,57,9.82
"5318","Illinois State",2013,"MVC",109.06,94.38,14.68,45,241,62,9.61
"5319","Temple",2013,"A-10",109.62,94.81,14.81,41,236,61,9.54
"5320","Boise State",2013,"MWC",111.25,96.3,14.95,29,216,58,9.38
"5321","Dayton",2013,"A-10",110.94,96.04,14.9,31,221,60,9.37
"5322","Providence",2013,"Big East",107.17,92.27,14.9,67,264,59,9.3
"5323","Denver",2013,"WAC",108.82,92.46,16.36,48,260,53,9.18
"5324","Purdue",2013,"Big Ten",104.69,90.17,14.52,103,284,63,9.04
"5325","Tennessee",2013,"SEC",107.91,93.65,14.26,58,249,64,9.04
"5326","Southern Miss",2013,"CUSA",108.57,94.31,14.26,52,242,64,8.95
"5327","Arizona State",2013,"Pac-12",106.43,93.06,13.37,76,254,67,8.82
"5328","Northern Iowa",2013,"MVC",105.79,92.06,13.73,84,267,66,8.58
"5329","Akron",2013,"MAC (East)",104.85,92.31,12.54,99,263,68,8.12
"5330","Washington",2013,"Pac-12",106.17,93.65,12.52,80,249,69,7.88
"5331","Xavier",2013,"A-10",105.63,93.25,12.38,88,251,70,7.71
"5332","Saint Joseph's",2013,"A-10",107.3,95.49,11.81,64,226,74,7.33
"5333","Davidson",2013,"Southern (South)",108.92,97.04,11.88,47,207,72,7.3
"5334","Valparaiso",2013,"Horizon",107.63,95.72,11.91,60,223,71,7.15
"5335","Bucknell",2013,"Patriot",104.35,92.48,11.87,105,259,73,6.96
"5336","Ohio",2013,"MAC (East)",105.03,94.31,10.72,97,242,78,6.95
"5337","Richmond",2013,"A-10",109.15,98.28,10.87,44,187,75,6.92
"5338","Texas",2013,"Big 12",100.57,90.01,10.56,153,287,80,6.84
"5339","Detroit Mercy",2013,"Horizon",111.32,101.14,10.18,27,148,86,6.72
"5340","Washington State",2013,"Pac-12",105.24,94.38,10.86,94,241,76,6.65
"5341","Georgia Tech",2013,"ACC",98.68,87.89,10.79,180,297,77,6.62
"5342","Santa Clara",2013,"WCC",108.79,98.17,10.62,49,190,79,6.54
"5343","Texas A&M",2013,"SEC",104.74,94.2,10.54,101,244,81,6.51
"5344","USC",2013,"Pac-12",102.68,92.4,10.28,124,262,84,6.26
"5345","Vanderbilt",2013,"SEC",102.22,91.84,10.38,129,269,83,6.26
"5346","Boston College",2013,"ACC",109.27,99.89,9.38,42,167,91,6.11
"5347","Oregon State",2013,"Pac-12",107.38,98.03,9.34999999999999,62,191,92,6.01
"5348","Rutgers",2013,"Big East",106.26,96.63,9.63000000000001,77,212,89,5.98
"5349","Clemson",2013,"ACC",100.81,91.17,9.64,149,277,88,5.85
"5350","Massachusetts",2013,"A-10",105.64,96.05,9.59,87,220,90,5.84
"5351","LSU",2013,"SEC",104.13,94.95,9.17999999999999,107,234,93,5.82
"5352","Weber State",2013,"Big Sky",106.53,96.29,10.24,74,217,85,5.78
"5353","Florida State",2013,"ACC",105.65,97.12,8.53,86,204,99,5.71
"5354","Stony Brook",2013,"AmEast",102.59,92.82,9.77000000000001,125,256,87,5.61
"5355","Seton Hall",2013,"Big East",103.96,95.26,8.69999999999999,111,228,96,5.55
"5356","Louisiana Tech",2013,"WAC",98.7,90.56,8.14,179,282,101,5.47
"5357","Georgia",2013,"SEC",100.45,91.93,8.52,154,268,100,5.39
"5358","Northwestern",2013,"Big Ten",103.66,95.59,8.06999999999999,114,224,102,5.36
"5359","Wyoming",2013,"MWC",102.25,93.56,8.69,128,250,97,5.32
"5360","Evansville",2013,"MVC",104.33,95.5,8.83,106,225,94,5.26
"5361","North Dakota State",2013,"Summit",103.09,92.7,10.39,118,257,82,5.21
"5362","New Mexico State",2013,"WAC",102.96,94.24,8.72,121,243,95,5.09
"5363","Indiana State",2013,"MVC",101.84,93.15,8.69,135,253,97,5.08
"5364","Utah",2013,"Pac-12",102.81,94.84,7.97,122,235,103,4.7
"5365","UTEP",2013,"CUSA",102.21,94.8,7.41,130,237,105,4.62
"5366","West Virginia",2013,"Big 12",104.04,96.6,7.44000000000001,110,213,104,4.61
"5367","Nebraska",2013,"Big Ten",101.01,94.46,6.55000000000001,146,240,112,4.4
"5368","South Florida",2013,"Big East",101.69,95.22,6.47,139,230,114,4.31
"5369","George Washington",2013,"A-10",98.05,90.97,7.08,194,279,108,4.24
"5370","Stephen F. Austin",2013,"Southland",96.55,87.94,8.61,211,296,98,4.23
"5371","Air Force",2013,"MWC",110.09,102.85,7.24000000000001,36,115,106,4.06
"5372","Iona",2013,"MAAC",111.37,104.51,6.86,26,86,110,4.06
"5373","Harvard",2013,"Ivy",106.14,99.26,6.88,82,177,109,3.96
"5374","Lehigh",2013,"Patriot",105.41,98.88,6.53,92,182,113,3.96
"5375","Utah State",2013,"WAC",108.59,101.44,7.15000000000001,51,143,107,3.75
"5376","UCF",2013,"CUSA",105.41,99.46,5.95,92,173,118,3.46
"5377","St. Bonaventure",2013,"A-10",107.07,100.96,6.11,68,151,116,3.45
"5378","Wake Forest",2013,"ACC",101.27,95.11,6.16,143,231,115,3.44
"5379","Drake",2013,"MVC",105.92,99.87,6.05,83,169,117,3.42
"5380","Fresno State",2013,"MWC",97.18,91.35,5.83000000000001,204,274,119,3.19
"5381","Princeton",2013,"Ivy",106.18,99.39,6.79000000000001,79,176,111,3.17
"5382","Florida Gulf Coast",2013,"A-Sun",101.38,96.25,5.13,140,218,122,3.01
"5383","Penn State",2013,"Big Ten",100.85,96.33,4.52,147,215,126,2.86
"5384","Charlotte",2013,"A-10",99.38,94.1,5.28,169,246,121,2.72
"5385","East Carolina",2013,"CUSA",106.73,102.09,4.64,71,129,123,2.57
"5386","San Francisco",2013,"WCC",105.1,100.59,4.50999999999999,96,158,127,2.44
"5387","Canisius",2013,"MAAC",108.21,103.88,4.33,57,93,128,2.38
"5388","Kent State",2013,"MAC (East)",104.77,100.16,4.61,100,164,124,2.38
"5389","South Dakota State",2013,"Summit",108.79,103.37,5.42,49,103,120,2.35
"5390","Wright State",2013,"Horizon",96.17,91.57,4.60000000000001,215,270,125,2.25
"5391","George Mason",2013,"CAA",100.84,96.9,3.94,148,208,131,2.03
"5392","Tulane",2013,"CUSA",105.2,101.51,3.69,95,140,133,1.87
"5393","Virginia Tech",2013,"ACC",105.45,102.74,2.71000000000001,90,118,137,1.8
"5394","DePaul",2013,"Big East",103.93,100.67,3.26000000000001,112,155,135,1.71
"5395","Eastern Kentucky",2013,"OVC (East)",108.32,104.07,4.25,54,91,129,1.7
"5396","Pacific",2013,"Big West",104.71,100.66,4.05,102,156,130,1.67
"5397","Green Bay",2013,"Horizon",101.2,97.5,3.7,144,198,132,1.66
"5398","Loyola Maryland",2013,"MAAC",101.27,97.98,3.28999999999999,143,193,134,1.35
"5399","Bradley",2013,"MVC",102.12,100.02,2.10000000000001,132,165,140,1.25
"5400","Murray State",2013,"OVC (West)",102.99,99.88,3.11,120,168,136,1.25
"5401","Mercer",2013,"A-Sun",100.18,97.59,2.59,157,196,138,0.94
"5402","Arkansas State",2013,"Sun Belt (West)",97.34,95.01,2.33,203,232,139,0.79
"5403","Niagara",2013,"MAAC",104.09,102.23,1.86,109,126,141,0.59
"5404","Western Michigan",2013,"MAC (West)",99.29,97.65,1.64,171,195,143,0.42
"5405","Northwestern State",2013,"Southland",102.57,101.52,1.05,126,139,149,0.39
"5406","Nevada",2013,"MWC",102.44,101.32,1.12,127,145,147,0.35
"5407","UAB",2013,"CUSA",98.9,97.41,1.49000000000001,176,200,144,0.27
"5408","Robert Morris",2013,"NEC",102,100.33,1.67,133,163,142,0.25
"5409","Auburn",2013,"SEC",98.43,97.29,1.14,187,202,146,0.23
"5410","Charleston",2013,"Southern (South)",99.42,98.34,1.08,167,186,148,0.2
"5411","Vermont",2013,"AmEast",99.68,98.24,1.44000000000001,164,188,145,-0.12
"5412","UC Irvine",2013,"Big West",98.13,97.27,0.859999999999999,193,203,150,-0.15
"5413","Oral Roberts",2013,"Southland",103.26,102.51,0.75,116,122,151,-0.27
"5414","Houston",2013,"CUSA",105.7,105.42,0.280000000000001,85,79,153,-0.3
"5415","Fairfield",2013,"MAAC",94.48,94.18,0.299999999999997,240,245,152,-0.53
"5416","Boston University",2013,"AmEast",101.05,100.9,0.149999999999991,145,152,154,-0.58
"5417","Rhode Island",2013,"A-10",98.31,98.56,-0.25,190,185,162,-0.58
"5418","SMU",2013,"CUSA",98.5,98.72,-0.219999999999999,184,184,161,-0.59
"5419","San Diego",2013,"WCC",100.27,100.36,-0.0900000000000034,155,162,157,-0.6
"5420","Western Kentucky",2013,"Sun Belt (East)",99.41,99.4,0.00999999999999091,168,175,155,-0.63
"5421","South Carolina",2013,"SEC",100.24,101.29,-1.05000000000001,156,146,170,-0.68
"5422","Delaware",2013,"CAA",101.3,101.6,-0.299999999999997,142,136,165,-0.76
"5423","Cal Poly",2013,"Big West",103.9,104.07,-0.169999999999987,113,91,158,-0.77
"5424","Southern Illinois",2013,"MVC",99.8,101.02,-1.22,161,150,172,-0.84
"5425","UAlbany",2013,"AmEast",99.28,99.54,-0.260000000000005,172,172,164,-0.86
"5426","Loyola Chicago",2013,"Horizon",99.65,99.91,-0.259999999999991,165,166,163,-1.02
"5427","Drexel",2013,"CAA",99.26,99.44,-0.179999999999993,173,174,159,-1.06
"5428","Tulsa",2013,"CUSA",96.76,97.07,-0.309999999999988,207,205,166,-1.06
"5429","Montana",2013,"Big Sky",101.74,101.74,0,138,133,156,-1.19
"5430","Rider",2013,"MAAC",95.74,96.68,-0.940000000000012,222,211,169,-1.19
"5431","Northeastern",2013,"CAA",104.11,105.01,-0.900000000000006,108,82,168,-1.34
"5432","Army",2013,"Patriot",101.33,103.04,-1.71000000000001,141,109,175,-1.48
"5433","Long Beach State",2013,"Big West",102.8,103.01,-0.210000000000008,123,111,160,-1.48
"5434","James Madison",2013,"CAA",97.67,98.97,-1.3,198,180,173,-1.67
"5435","Incarnate Word",2013,"Horizon",95.2,96.88,-1.67999999999999,230,209,174,-1.79
"5436","Western Illinois",2013,"Summit",94.43,95.3,-0.86999999999999,242,227,167,-1.87
"5437","Towson",2013,"CAA",98.46,100.73,-2.27000000000001,186,153,183,-1.89
"5438","Charleston Southern",2013,"Big South (South)",99.37,101.53,-2.16,170,138,181,-1.92
"5439","Buffalo",2013,"MAC (East)",99.93,102.09,-2.16,160,129,181,-1.94
"5440","Manhattan",2013,"MAAC",91.48,93.24,-1.75999999999999,278,252,176,-1.96
"5441","Georgia State",2013,"CAA",102.22,104.12,-1.90000000000001,129,90,179,-2.01
"5442","Florida International",2013,"Sun Belt (East)",98.36,100.62,-2.26000000000001,189,157,182,-2.05
"5443","Bryant",2013,"NEC",105.54,107.62,-2.08,89,53,180,-2.07
"5444","Texas Southern",2013,"SWAC",101.81,102.98,-1.17,136,113,171,-2.12
"5445","Youngstown State",2013,"Horizon",100.04,102.2,-2.16,159,127,181,-2.13
"5446","Tennessee State",2013,"OVC (East)",99.72,101.61,-1.89,162,135,178,-2.14
"5447","North Carolina Central",2013,"MEAC",95.57,97.37,-1.80000000000001,224,201,177,-2.22
"5448","Idaho",2013,"WAC",107.27,109.83,-2.56,66,26,186,-2.23
"5449","Toledo",2013,"MAC (West)",100.18,102.75,-2.56999999999999,157,117,187,-2.42
"5450","Southern",2013,"SWAC",94.33,96.74,-2.41,244,210,184,-2.62
"5451","Missouri State",2013,"MVC",98.55,102.49,-3.94,183,123,195,-2.8
"5452","South Alabama",2013,"Sun Belt (East)",96.25,99.25,-3,214,178,189,-2.88
"5453","Lafayette",2013,"Patriot",101.77,104.52,-2.75,137,85,188,-2.99
"5454","Loyola Marymount",2013,"WCC",95.84,99.81,-3.97,220,170,196,-3.1
"5455","Texas Tech",2013,"Big 12",98.88,103.39,-4.51000000000001,177,102,200,-3.1
"5456","Gardner-Webb",2013,"Big South (South)",94.65,97.8,-3.14999999999999,238,194,190,-3.17
"5457","Long Island University",2013,"NEC",106.5,110.28,-3.78,75,23,193,-3.19
"5458","Wagner",2013,"NEC",92.68,96.13,-3.44999999999999,265,219,191,-3.22
"5459","Columbia",2013,"Ivy",98.31,102.4,-4.09,190,124,198,-3.24
"5460","Cal State Fullerton",2013,"Big West",104.41,108.25,-3.84,104,41,194,-3.27
"5461","Bowling Green",2013,"MAC (East)",94.23,98,-3.77,249,192,192,-3.32
"5462","South Carolina Upstate",2013,"A-Sun",99.55,104.03,-4.48,166,92,199,-3.33
"5463","Hawai'i",2013,"Big West",100.72,103.15,-2.43000000000001,151,107,185,-3.37
"5464","Elon",2013,"Southern (North)",96,100.58,-4.58,217,159,201,-3.55
"5465","Marshall",2013,"CUSA",99.04,103.06,-4.02,174,108,197,-3.61
"5466","UNC Asheville",2013,"Big South (South)",98.59,102.61,-4.02,182,120,197,-3.63
"5467","UC Davis",2013,"Big West",101.86,106.54,-4.68000000000001,134,62,203,-3.8
"5468","Pepperdine",2013,"WCC",96.48,101.47,-4.98999999999999,212,141,206,-3.85
"5469","Yale",2013,"Ivy",97.95,103.25,-5.3,195,106,209,-3.94
"5470","William & Mary",2013,"CAA",103.06,108.08,-5.02,119,44,207,-4.01
"5471","Cal State Northridge",2013,"Big West",100.79,105.73,-4.94,150,75,205,-4.18
"5472","TCU",2013,"Big 12",91.59,98.23,-6.64,276,189,218,-4.28
"5473","Little Rock",2013,"Sun Belt (West)",94.25,98.86,-4.61,248,183,202,-4.34
"5474","Oakland",2013,"Summit",103.11,108.17,-5.06,117,42,208,-4.38
"5475","Jacksonville State",2013,"OVC (East)",97.86,103.57,-5.70999999999999,196,100,213,-4.47
"5476","Duquesne",2013,"A-10",98.05,103.51,-5.46000000000001,194,101,210,-4.52
"5477","Mississippi State",2013,"SEC",91.13,97.56,-6.43000000000001,283,197,216,-4.52
"5478","UC Santa Barbara",2013,"Big West",95.4,101.08,-5.67999999999999,228,149,211,-4.53
"5479","Seattle U",2013,"WAC",92.27,97.05,-4.78,269,206,204,-4.56
"5480","High Point",2013,"Big South (North)",97.1,102.98,-5.88000000000001,206,113,214,-4.64
"5481","Quinnipiac",2013,"NEC",97.64,103.33,-5.69,199,105,212,-4.74
"5482","Louisiana",2013,"Sun Belt (West)",97.57,103.59,-6.02000000000001,200,98,215,-4.9
"5483","Morehead State",2013,"OVC (East)",95.99,102.56,-6.57000000000001,218,121,217,-5.34
"5484","Morgan State",2013,"MEAC",94.77,101.57,-6.8,235,137,219,-5.38
"5485","Southeast Missouri State",2013,"OVC (West)",100.12,106.98,-6.86,158,58,220,-5.49
"5486","Coastal Carolina",2013,"Big South (South)",94.47,101.37,-6.90000000000001,241,144,221,-5.56
"5487","Norfolk State",2013,"MEAC",91.99,99.6,-7.61,273,171,226,-5.76
"5488","Portland",2013,"WCC",91.64,99.09,-7.45,275,179,225,-5.82
"5489","Mount St. Mary's",2013,"NEC",98.62,106.51,-7.89,181,63,228,-5.83
"5490","Florida Atlantic",2013,"Sun Belt (East)",95.63,102.84,-7.21000000000001,223,116,223,-5.84
"5491","St. Francis (PA)",2013,"NEC",98.83,106.14,-7.31,178,68,224,-5.91
"5492","Holy Cross",2013,"Patriot",94.97,103.61,-8.64,233,97,237,-6.12
"5493","Stetson",2013,"A-Sun",98.28,106.43,-8.15000000000001,191,64,232,-6.13
"5494","Central Michigan",2013,"MAC (West)",102.19,110.19,-8,131,24,229,-6.15
"5495","Eastern Michigan",2013,"MAC (West)",89.33,96.38,-7.05,294,214,222,-6.25
"5496","Brown",2013,"Ivy",92.5,100.72,-8.22,266,154,233,-6.32
"5497","Marist",2013,"MAAC",94.59,103.62,-9.03,239,96,240,-6.33
"5498","North Texas",2013,"Sun Belt (West)",94.3,102.35,-8.05,245,125,230,-6.38
"5499","Texas State",2013,"WAC",98.47,106.14,-7.67,185,68,227,-6.39
"5500","Western Carolina",2013,"Southern (North)",98.42,106.87,-8.45,188,60,235,-6.42
"5501","Sam Houston",2013,"Southland",90.81,98.93,-8.12,285,181,231,-6.48
"5502","UTSA",2013,"WAC",98.23,106.79,-8.56,192,61,236,-6.48
"5503","Cal State Bakersfield",2013,"Ind",94.28,102.56,-8.28,246,121,234,-6.49
"5504","Miami (OH)",2013,"MAC (East)",95.15,104.31,-9.16,231,87,242,-6.62
"5505","Ball State",2013,"MAC (West)",96.68,105.73,-9.05,209,75,241,-6.7
"5506","Wofford",2013,"Southern (South)",86.4,95.78,-9.38,310,222,244,-6.71
"5507","Fordham",2013,"A-10",97.11,105.93,-8.82000000000001,205,71,238,-6.88
"5508","North Carolina A&T",2013,"MEAC",88.65,97.59,-8.94,299,196,239,-6.93
"5509","Pennsylvania",2013,"Ivy",91.31,100.53,-9.22,279,160,243,-6.95
"5510","Purdue Fort Wayne",2013,"Summit",93.98,103.58,-9.59999999999999,252,99,245,-6.99
"5511","North Florida",2013,"A-Sun",96.44,107.02,-10.58,213,57,252,-7.09
"5512","Cornell",2013,"Ivy",96.02,106.1,-10.08,216,69,248,-7.25
"5513","Cleveland State",2013,"Horizon",95.38,105.36,-9.98,229,80,246,-7.33
"5514","South Dakota",2013,"Summit",100.69,110.94,-10.25,152,17,249,-7.5
"5515","Old Dominion",2013,"CAA",95.42,105.69,-10.27,227,76,250,-7.56
"5516","Northern Colorado",2013,"Big Sky",98.99,108.98,-9.99000000000001,175,33,247,-7.76
"5517","App State",2013,"Southern (North)",95.53,106.19,-10.66,226,67,253,-7.88
"5518","Central Connecticut",2013,"NEC",97.72,108.04,-10.32,197,45,251,-8.23
"5519","New Hampshire",2013,"AmEast",88.62,100.58,-11.96,300,159,256,-8.24
"5520","NJIT",2013,"GWC",91.21,102.17,-10.96,281,128,255,-8.34
"5521","American University",2013,"Patriot",94.41,107.49,-13.08,243,54,268,-8.55
"5522","Winthrop",2013,"Big South (South)",92.34,104.66,-12.32,268,84,258,-8.57
"5523","North Dakota",2013,"Big Sky",92.91,103.71,-10.8,261,95,254,-8.66
"5524","Colgate",2013,"Patriot",93.64,105.96,-12.32,256,70,258,-8.72
"5525","Troy",2013,"Sun Belt (East)",95.55,107.65,-12.1,225,52,257,-8.75
"5526","Eastern Illinois",2013,"OVC (West)",96.71,109.6,-12.89,208,28,266,-8.92
"5527","Saint Peter's",2013,"MAAC",89.83,102.93,-13.1,289,114,269,-9.04
"5528","Liberty",2013,"Big South (North)",95.85,108.34,-12.49,219,38,261,-9.11
"5529","Dartmouth",2013,"Ivy",92.87,105.6,-12.73,262,77,262,-9.2
"5530","Hampton",2013,"MEAC",84.63,97.47,-12.84,317,199,265,-9.32
"5531","UNC Greensboro",2013,"Southern (North)",94.73,107.2,-12.47,236,55,260,-9.38
"5532","San José State",2013,"WAC",87.92,101.23,-13.31,303,147,270,-9.43
"5533","Sacramento State",2013,"Big Sky",93.51,106.28,-12.77,257,66,263,-9.5
"5534","Bethune-Cookman",2013,"MEAC",94.16,107.67,-13.51,250,51,271,-9.51
"5535","Maine",2013,"AmEast",92.78,105.23,-12.45,263,81,259,-9.55
"5536","Tennessee Tech",2013,"OVC (East)",92.76,105.81,-13.05,264,73,267,-9.58
"5537","Georgia Southern",2013,"Southern (South)",92.49,106.32,-13.83,267,65,272,-9.62
"5538","Sacred Heart",2013,"NEC",96.67,109.46,-12.79,210,29,264,-9.75
"5539","Samford",2013,"Southern (North)",95.1,109.33,-14.23,232,30,275,-10.02
"5540","UNC Wilmington",2013,"CAA",93.72,107.81,-14.09,255,49,274,-10.07
"5541","Jacksonville",2013,"A-Sun",92.1,106.14,-14.04,271,68,273,-10.2
"5542","Campbell",2013,"Big South (North)",94.65,108.91,-14.26,238,35,277,-10.23
"5543","Siena",2013,"MAAC",91.15,105.88,-14.73,282,72,282,-10.23
"5544","Milwaukee",2013,"Horizon",91.11,105.96,-14.85,284,70,284,-10.31
"5545","Chattanooga",2013,"Southern (North)",93.96,108.27,-14.31,253,40,279,-10.43
"5546","Nicholls",2013,"Southland",94.26,109.29,-15.03,247,31,287,-10.56
"5547","SE Louisiana",2013,"Southland",91.22,105.55,-14.33,280,78,280,-10.67
"5548","Hofstra",2013,"CAA",86.59,101.45,-14.86,309,142,285,-10.74
"5549","Radford",2013,"Big South (North)",87.06,101.93,-14.87,307,131,286,-10.83
"5550","Eastern Washington",2013,"Big Sky",93.41,108.14,-14.73,258,43,283,-10.87
"5551","Central Arkansas",2013,"Southland",95.83,110.07,-14.24,221,25,276,-10.89
"5552","Portland State",2013,"Big Sky",99.7,114.8,-15.1,163,6,288,-10.94
"5553","Montana State",2013,"Big Sky",97.46,112.06,-14.6,202,10,281,-11
"5554","Rice",2013,"CUSA",94,110.54,-16.54,251,20,298,-11.13
"5555","SIU Edwardsville",2013,"OVC (West)",88.85,104.21,-15.36,297,88,289,-11.17
"5556","Delaware State",2013,"MEAC",91.86,108.25,-16.39,274,41,297,-11.18
"5557","Navy",2013,"Patriot",86.31,103.73,-17.42,312,94,304,-11.29
"5558","VMI",2013,"Big South (North)",97.49,111.77,-14.28,201,12,278,-11.36
"5559","Utah Valley",2013,"GWC",94.82,110.75,-15.93,234,18,294,-11.39
"5560","Lipscomb",2013,"A-Sun",93.34,108.96,-15.62,260,34,291,-11.41
"5561","McNeese",2013,"Southland",92.01,107.73,-15.72,272,50,292,-11.5
"5562","East Tennessee State",2013,"A-Sun",90.74,108.76,-18.02,286,37,306,-11.53
"5563","Texas A&M-Corpus Christi",2013,"Southland",92.18,108.79,-16.61,270,36,300,-11.78
"5564","Chicago State",2013,"GWC",87.06,103,-15.94,307,112,295,-11.79
"5565","UC Riverside",2013,"Big West",84.66,101.63,-16.97,316,134,302,-11.81
"5566","Northern Illinois",2013,"MAC (West)",82.48,100.41,-17.93,322,161,305,-12
"5567","Monmouth",2013,"NEC",87.28,103.34,-16.06,306,104,296,-12.01
"5568","Southern Utah",2013,"Big Sky",88.43,104.18,-15.75,301,89,293,-12.14
"5569","Northern Arizona",2013,"Big Sky",92.5,107.98,-15.48,266,46,290,-12.15
"5570","Arkansas-Pine Bluff",2013,"SWAC",86.39,103.03,-16.64,311,110,301,-12.21
"5571","Austin Peay",2013,"OVC (West)",94.66,111.21,-16.55,237,16,299,-12.31
"5572","Coppin State",2013,"MEAC",88.77,105.75,-16.98,298,74,303,-12.64
"5573","Idaho State",2013,"Big Sky",87.33,107.05,-19.72,304,56,312,-13.08
"5574","UT Rio Grande Valley",2013,"GWC",89.06,107.85,-18.79,296,48,308,-13.37
"5575","Kansas City",2013,"Summit",89.4,107.92,-18.52,293,47,307,-13.61
"5576","UL Monroe",2013,"Sun Belt (West)",89.25,108.96,-19.71,295,34,311,-13.95
"5577","Alcorn State",2013,"SWAC",82.84,102.08,-19.24,321,130,309,-14.27
"5578","Howard",2013,"MEAC",80.42,101.86,-21.44,326,132,314,-14.41
"5579","Jackson State",2013,"SWAC",89.98,109.66,-19.68,287,27,310,-14.82
"5580","Kennesaw State",2013,"A-Sun",88.39,110.64,-22.25,302,19,319,-15.13
"5581","Houston Christian",2013,"GWC",82.44,102.72,-20.28,323,119,313,-15.25
"5582","Prairie View A&M",2013,"SWAC",83.26,104.84,-21.58,320,83,315,-15.63
"5583","IU Indianapolis",2013,"Summit",93.36,116.04,-22.68,259,4,320,-15.92
"5584","Florida A&M",2013,"MEAC",85.05,106.9,-21.85,315,59,316,-16.11
"5585","UT Martin",2013,"OVC (West)",89.65,111.65,-22,291,13,318,-16.54
"5586","The Citadel",2013,"Southern (South)",93.87,118.58,-24.71,254,2,323,-16.96
"5587","Furman",2013,"Southern (South)",87.29,112.89,-25.6,305,8,325,-17.42
"5588","Presbyterian",2013,"Big South (South)",91.57,117.67,-26.1,277,3,329,-17.43
"5589","Alabama State",2013,"SWAC",86.25,110.53,-24.28,313,21,321,-17.9
"5590","Fairleigh Dickinson",2013,"NEC",89.79,114.2,-24.41,290,7,322,-17.99
"5591","South Carolina State",2013,"MEAC",86.82,112.6,-25.78,308,9,326,-18.14
"5592","Alabama A&M",2013,"SWAC",86.03,111.61,-25.58,314,15,324,-18.41
"5593","Binghamton",2013,"AmEast",81.57,108.33,-26.76,324,39,330,-18.51
"5594","Mississippi Valley State",2013,"SWAC",84.43,110.5,-26.07,318,22,328,-19.14
"5595","Longwood",2013,"Big South (North)",89.47,115.34,-25.87,292,5,327,-19.32
"5596","Maryland Eastern Shore",2013,"MEAC",83.32,111.62,-28.3,319,14,332,-19.66
"5597","Lamar",2013,"Southland",81.44,109.04,-27.6,325,32,331,-20.56
"5598","Grambling",2013,"SWAC",71.13,123.16,-52.03,327,1,333,-35.87
